{"type":"Topology","bbox":[-180,-58.492285,180,83.599609],"transform":{"scale":[0.0036000360003600037,0.0014209331493314932],"translate":[-180,-58.492285]},"objects":{"countries":{"type":"GeometryCollection","geometries":[{"type":"Polygon","arcs":[[0,1,2,3]],"properties":{"iso3":"ZWE","name":"Zimbabwe"}},{"type":"Polygon","arcs":[[-3,4,5,6,7,8,9]],"properties":{"iso3":"ZMB","name":"Zambia"}},{"type":"MultiPolygon","arcs":[[[10,11,12]],[[13]],[[14]],[[15]],[[16]]],"properties":{"iso3":"YEM","name":"Yemen"}},{"type":"MultiPolygon","arcs":[[[17]],[[18,19,20,21]],[[22]],[[23]],[[24]],[[25]],[[26]],[[27]]],"properties":{"iso3":"VNM","name":"Vietnam"}},{"type":"MultiPolygon","arcs":[[[28]],[[29]],[[30]],[[31]],[[32,33,34,35]]],"properties":{"iso3":"VEN","name":"Venezuela"}},{"type":"MultiPolygon","arcs":[[[37]],[[38]],[[39]],[[40]],[[41]],[[42]],[[43]],[[44]],[[45]],[[46]],[[47]],[[48]],[[49]],[[50]]],"properties":{"iso3":"VUT","name":"Vanuatu"}},{"type":"MultiPolygon","arcs":[[[51,52,53,54,55],[56]],[[57]],[[58]]],"properties":{"iso3":"UZB","name":"Uzbekistan"}},{"type":"Polygon","arcs":[[59,60,61]],"properties":{"iso3":"URY","name":"Uruguay"}},{"type":"MultiPolygon","arcs":[[[62]],[[63]],[[64]],[[65]],[[66]]],"properties":{"iso3":"FSM","name":"Federated States of Micronesia"}},{"type":"MultiPolygon","arcs":[[[72]],[[73]],[[74]],[[75]],[[76]],[[77]]],"properties":{"iso3":"MNP","name":"Northern Mariana Islands"}},{"type":"MultiPolygon","arcs":[[[78]],[[79]],[[80]]],"properties":{"iso3":"VIR","name":"United States Virgin Islands"}},{"type":"Polygon","arcs":[[81]],"properties":{"iso3":"GUM","name":"Guam"}},{"type":"Polygon","arcs":[[82]],"properties":{"iso3":"ASM","name":"American Samoa"}},{"type":"MultiPolygon","arcs":[[[83]],[[84]],[[85]]],"properties":{"iso3":"PRI","name":"Puerto Rico"}},{"type":"MultiPolygon","arcs":[[[86]],[[87]],[[88]],[[89]],[[90]],[[91]],[[92]],[[93]],[[94]],[[95]],[[96]],[[97]],[[98]],[[99]],[[100]],[[101]],[[102,103,104,105]],[[106]],[[107]],[[108]],[[109]],[[110]],[[111]],[[112]],[[113]],[[114]],[[115]],[[116]],[[117]],[[118]],[[119]],[[120]],[[121]],[[122]],[[123]],[[124]],[[125]],[[126]],[[127]],[[128]],[[129]],[[130]],[[131]],[[132]],[[133]],[[134]],[[135]],[[136]],[[137]],[[138]],[[139]],[[140]],[[141]],[[142]],[[143]],[[144]],[[145]],[[146]],[[147]],[[148]],[[149]],[[150]],[[151]],[[152]],[[153]],[[154]],[[155]],[[156]],[[157]],[[158]],[[159]],[[160]],[[161]],[[162]],[[163]],[[164,165,166,167,168]],[[169]],[[170]],[[171]],[[172]],[[173]],[[174]],[[175]],[[176]],[[177]],[[178]],[[179]],[[180]],[[181]],[[182]],[[183]],[[184]],[[185]],[[186]],[[187]],[[188]],[[189]],[[190]],[[191]],[[192]],[[193]],[[194]],[[195]],[[196]],[[197]],[[198]],[[199]],[[200]],[[201]],[[202]],[[203]],[[204]],[[205]],[[206]],[[207]],[[208]],[[209]],[[210]],[[211]],[[212]],[[213]],[[214]],[[215]],[[216]],[[217]],[[218]],[[219]]],"properties":{"iso3":"USA","name":"United States of America"}},{"type":"MultiPolygon","arcs":[[[220]],[[221]]],"properties":{"iso3":"SGS","name":"South Georgia and the South Sandwich Islands"}},{"type":"MultiPolygon","arcs":[[[227]],[[228]],[[229]],[[230]],[[231]],[[232]]],"properties":{"iso3":"FLK","name":"Falkland Islands"}},{"type":"MultiPolygon","arcs":[[[233]],[[234]],[[235]]],"properties":{"iso3":"CYM","name":"Cayman Islands"}},{"type":"MultiPolygon","arcs":[[[240]],[[241]],[[242]]],"properties":{"iso3":"TCA","name":"Turks and Caicos Islands"}},{"type":"Polygon","arcs":[[244]],"properties":{"iso3":"JEY","name":"Jersey"}},{"type":"Polygon","arcs":[[246]],"properties":{"iso3":"IMN","name":"Isle of Man"}},{"type":"MultiPolygon","arcs":[[[247]],[[248]],[[249]],[[250]],[[251]],[[252]],[[253]],[[254]],[[255]],[[256]],[[257]],[[258]],[[259]],[[260]],[[261]],[[262]],[[263]],[[264]],[[265]],[[266]],[[267]],[[268,269]],[[270]]],"properties":{"iso3":"GBR","name":"United Kingdom"}},{"type":"MultiPolygon","arcs":[[[271,272,273,274,275],[276]],[[277]],[[278]],[[279]],[[280]]],"properties":{"iso3":"ARE","name":"United Arab Emirates"}},{"type":"MultiPolygon","arcs":[[[281,282,283,284,285,286,287,288,289,290,291]],[[292]]],"properties":{"iso3":"UKR","name":"Ukraine"}},{"type":"Polygon","arcs":[[293,294,295,296,297]],"properties":{"iso3":"UGA","name":"Uganda"}},{"type":"MultiPolygon","arcs":[[[298]],[[-55,299,300,301,302]]],"properties":{"iso3":"TKM","name":"Turkmenistan"}},{"type":"MultiPolygon","arcs":[[[303]],[[304,305,306,307,308,309,310]],[[311,312,313]]],"properties":{"iso3":"TUR","name":"Turkey"}},{"type":"MultiPolygon","arcs":[[[314,315,316]],[[317]],[[318]]],"properties":{"iso3":"TUN","name":"Tunisia"}},{"type":"MultiPolygon","arcs":[[[319]],[[320]]],"properties":{"iso3":"TTO","name":"Trinidad and Tobago"}},{"type":"MultiPolygon","arcs":[[[321]],[[322]],[[323]]],"properties":{"iso3":"TON","name":"Tonga"}},{"type":"Polygon","arcs":[[324,325,326,327]],"properties":{"iso3":"TGO","name":"Togo"}},{"type":"MultiPolygon","arcs":[[[328]],[[329,330]],[[331,332]]],"properties":{"iso3":"TLS","name":"East Timor"}},{"type":"MultiPolygon","arcs":[[[333]],[[334]],[[335]],[[336,337,338,339,340,341]],[[342]],[[343]],[[344]],[[345]],[[346]],[[347]]],"properties":{"iso3":"THA","name":"Thailand"}},{"type":"MultiPolygon","arcs":[[[348]],[[349]],[[-8,350,351,352,-294,353,354,355,356]],[[357]]],"properties":{"iso3":"TZA","name":"Tanzania"}},{"type":"MultiPolygon","arcs":[[[-53,358,359,360]],[[-57]],[[361]]],"properties":{"iso3":"TJK","name":"Tajikistan"}},{"type":"MultiPolygon","arcs":[[[362]],[[363]]],"properties":{"iso3":"TWN","name":"Taiwan"}},{"type":"Polygon","arcs":[[-310,364,365,366,367,368]],"properties":{"iso3":"SYR","name":"Syria"}},{"type":"Polygon","arcs":[[369,370,371,372,373,374]],"properties":{"iso3":"CHE","name":"Switzerland"}},{"type":"MultiPolygon","arcs":[[[375]],[[376]],[[377,378,379]],[[380]],[[381]],[[382]]],"properties":{"iso3":"SWE","name":"Sweden"}},{"type":"Polygon","arcs":[[383,384]],"properties":{"iso3":"SWZ","name":"Eswatini"}},{"type":"Polygon","arcs":[[385,386,387,388]],"properties":{"iso3":"SUR","name":"Suriname"}},{"type":"Polygon","arcs":[[-297,389,390,391,392,393]],"properties":{"iso3":"SDS","name":"South Sudan"}},{"type":"Polygon","arcs":[[-392,394,395,396,397,398,399,400]],"properties":{"iso3":"SDN","name":"Sudan"}},{"type":"MultiPolygon","arcs":[[[401]],[[402]],[[403]]],"properties":{"iso3":"LKA","name":"Sri Lanka"}},{"type":"MultiPolygon","arcs":[[[404]],[[405]],[[406]],[[407]],[[408,409,410,411,412,413]],[[414]],[[415]],[[416]],[[417]],[[418]],[[419]],[[420]]],"properties":{"iso3":"ESP","name":"Spain"}},{"type":"MultiPolygon","arcs":[[[421,422]],[[423]],[[424]],[[425]],[[426]],[[427]],[[428]],[[429]],[[430]],[[431]],[[432]]],"properties":{"iso3":"KOR","name":"South Korea"}},{"type":"MultiPolygon","arcs":[[[-1,433,-385,434,435,436,437],[438]],[[439]]],"properties":{"iso3":"ZAF","name":"South Africa"}},{"type":"Polygon","arcs":[[440,441,442,443]],"properties":{"iso3":"SOM","name":"Somalia"}},{"type":"Polygon","arcs":[[-443,444,445,446]],"properties":{"iso3":"SOL","name":"Somaliland"}},{"type":"MultiPolygon","arcs":[[[447]],[[448]],[[449]],[[450]],[[451]],[[452]],[[453]],[[454]],[[455]],[[456]],[[457]],[[458]],[[459]],[[460]],[[461]],[[462]],[[463]],[[464]],[[465]],[[466]],[[467]]],"properties":{"iso3":"SLB","name":"Solomon Islands"}},{"type":"Polygon","arcs":[[-289,468,469,470,471]],"properties":{"iso3":"SVK","name":"Slovakia"}},{"type":"Polygon","arcs":[[472,473,474,475,476]],"properties":{"iso3":"SVN","name":"Slovenia"}},{"type":"Polygon","arcs":[[477]],"properties":{"iso3":"SGP","name":"Singapore"}},{"type":"MultiPolygon","arcs":[[[478,479,480]],[[481]]],"properties":{"iso3":"SLE","name":"Sierra Leone"}},{"type":"Polygon","arcs":[[482]],"properties":{"iso3":"SYC","name":"Seychelles"}},{"type":"Polygon","arcs":[[483,484,485,486,487,488,489,490]],"properties":{"iso3":"SRB","name":"Serbia"}},{"type":"Polygon","arcs":[[491,492,493,494,495,496,497]],"properties":{"iso3":"SEN","name":"Senegal"}},{"type":"MultiPolygon","arcs":[[[498]],[[499]],[[-12,500,501,502,503,504,505,506,-274,507]],[[508]]],"properties":{"iso3":"SAU","name":"Saudi Arabia"}},{"type":"MultiPolygon","arcs":[[[509]],[[510]]],"properties":{"iso3":"STP","name":"São Tomé and Príncipe"}},{"type":"MultiPolygon","arcs":[[[512]],[[513]]],"properties":{"iso3":"WSM","name":"Samoa"}},{"type":"MultiPolygon","arcs":[[[514]],[[515]],[[516]]],"properties":{"iso3":"VCT","name":"Saint Vincent and the Grenadines"}},{"type":"Polygon","arcs":[[517]],"properties":{"iso3":"LCA","name":"Saint Lucia"}},{"type":"MultiPolygon","arcs":[[[518]],[[519]]],"properties":{"iso3":"KNA","name":"Saint Kitts and Nevis"}},{"type":"Polygon","arcs":[[-295,-353,520,521]],"properties":{"iso3":"RWA","name":"Rwanda"}},{"type":"MultiPolygon","arcs":[[[522]],[[523]],[[524]],[[525]],[[526]],[[527]],[[528]],[[529]],[[530]],[[531]],[[532]],[[533]],[[534]],[[535]],[[536]],[[537]],[[538]],[[539]],[[540,541,542,543,544,545,546,547,548,-292,549,550,551,552,553,554,555]],[[556]],[[557]],[[558]],[[559]],[[560]],[[561]],[[562]],[[563]],[[564]],[[565]],[[566]],[[567]],[[568]],[[569]],[[570]],[[571]],[[572]],[[573]],[[574]],[[575]],[[576]],[[577]],[[578]],[[579]],[[580]],[[581]],[[582]],[[583]],[[584]],[[585]],[[586]],[[587]],[[588]],[[589]],[[590]],[[591]],[[592]],[[593]],[[594]],[[595]],[[596]],[[597]],[[598]],[[599]],[[600]],[[601]],[[602]],[[603]],[[604]],[[605]],[[606]],[[607]],[[608]],[[609]],[[610]],[[611]],[[612]],[[613]],[[614]],[[615]],[[616]],[[617]],[[618]],[[619]],[[620]],[[621]],[[622]],[[623]],[[624]],[[625]],[[626]],[[627]],[[628]],[[629]],[[630]],[[631]],[[632]],[[633]],[[634]],[[635]],[[636,637,638,639,640]],[[-283,641]]],"properties":{"iso3":"RUS","name":"Russia"}},{"type":"Polygon","arcs":[[-285,642,643,-491,644,-287,645]],"properties":{"iso3":"ROU","name":"Romania"}},{"type":"Polygon","arcs":[[-506,646]],"properties":{"iso3":"QAT","name":"Qatar"}},{"type":"MultiPolygon","arcs":[[[647]],[[-413,648]],[[649]],[[650]],[[651]],[[652]],[[653]],[[654]],[[655]]],"properties":{"iso3":"PRT","name":"Portugal"}},{"type":"Polygon","arcs":[[-290,-472,656,657,658,659,660,-639,661,662]],"properties":{"iso3":"POL","name":"Poland"}},{"type":"MultiPolygon","arcs":[[[663]],[[664]],[[665]],[[666]],[[667]],[[668]],[[669]],[[670]],[[671]],[[672]],[[673]],[[674]],[[675]],[[676]],[[677]],[[678]],[[679]],[[680]],[[681]],[[682]],[[683]],[[684]],[[685]],[[686]],[[687]],[[688]],[[689]],[[690]],[[691]],[[692]],[[693]],[[694]],[[695]],[[696]],[[697]],[[698]],[[699]],[[700]],[[701]],[[702]],[[703]],[[704]],[[705]],[[706]],[[707]],[[708]],[[709]],[[710]]],"properties":{"iso3":"PHL","name":"Philippines"}},{"type":"Polygon","arcs":[[711,712,713,714,715,716]],"properties":{"iso3":"PER","name":"Peru"}},{"type":"Polygon","arcs":[[717,718,719]],"properties":{"iso3":"PRY","name":"Paraguay"}},{"type":"MultiPolygon","arcs":[[[720]],[[721]],[[722,723]],[[724]],[[725]],[[726]],[[727]],[[728]],[[729]],[[730]],[[731]],[[732]],[[733]],[[734]],[[735]],[[736]],[[737]],[[738]],[[739]],[[740]],[[741]],[[742]],[[743]],[[744]],[[745]],[[746]]],"properties":{"iso3":"PNG","name":"Papua New Guinea"}},{"type":"MultiPolygon","arcs":[[[747,748,749,750]],[[751]],[[752]],[[753]],[[754]]],"properties":{"iso3":"PAN","name":"Panama"}},{"type":"MultiPolygon","arcs":[[[755]],[[756]]],"properties":{"iso3":"PLW","name":"Palau"}},{"type":"Polygon","arcs":[[757,758,759,760,761,762]],"properties":{"iso3":"PAK","name":"Pakistan"}},{"type":"MultiPolygon","arcs":[[[763]],[[-13,-508,-273,764]],[[-276,765]],[[-277]]],"properties":{"iso3":"OMN","name":"Oman"}},{"type":"MultiPolygon","arcs":[[[-378,766,-555,767]],[[768]],[[769]],[[770]],[[771]],[[772]],[[773]],[[774]],[[775]],[[776]],[[777]],[[778]],[[779]],[[780]],[[781]],[[782]],[[783]],[[784]],[[785]],[[786]],[[787]],[[788]],[[789]],[[790]],[[791]],[[792]],[[793]],[[794]],[[795]],[[796]],[[797]],[[798]]],"properties":{"iso3":"NOR","name":"Norway"}},{"type":"MultiPolygon","arcs":[[[-422,799,800,-541,801]],[[802]]],"properties":{"iso3":"PRK","name":"North Korea"}},{"type":"MultiPolygon","arcs":[[[803]],[[804,805,806,807,808]]],"properties":{"iso3":"NGA","name":"Nigeria"}},{"type":"Polygon","arcs":[[-809,809,810,811,812,813,814]],"properties":{"iso3":"NER","name":"Niger"}},{"type":"Polygon","arcs":[[815,816,817,818]],"properties":{"iso3":"NIC","name":"Nicaragua"}},{"type":"MultiPolygon","arcs":[[[819]],[[820]],[[821]],[[822]],[[823]],[[824]],[[825]],[[826]],[[827]],[[828]],[[829]],[[830]],[[831]]],"properties":{"iso3":"NZL","name":"New Zealand"}},{"type":"Polygon","arcs":[[832]],"properties":{"iso3":"NIU","name":"Niue"}},{"type":"MultiPolygon","arcs":[[[834,835,836]],[[837,838]],[[839]],[[840]],[[841]],[[842]],[[843]],[[844]],[[845]],[[846]],[[847]],[[848]]],"properties":{"iso3":"NLD","name":"Netherlands"}},{"type":"Polygon","arcs":[[849]],"properties":{"iso3":"ABW","name":"Aruba"}},{"type":"Polygon","arcs":[[850]],"properties":{"iso3":"CUW","name":"Curaçao"}},{"type":"Polygon","arcs":[[851,852]],"properties":{"iso3":"NPL","name":"Nepal"}},{"type":"Polygon","arcs":[[-5,854,-437,855,856]],"properties":{"iso3":"NAM","name":"Namibia"}},{"type":"Polygon","arcs":[[-4,-10,857,-356,858,-435,-384,-434],[859],[860]],"properties":{"iso3":"MOZ","name":"Mozambique"}},{"type":"Polygon","arcs":[[861,862,863]],"properties":{"iso3":"MAR","name":"Morocco"}},{"type":"Polygon","arcs":[[864,865,866,-863]],"properties":{"iso3":"SAH","name":"Western Sahara"}},{"type":"Polygon","arcs":[[-487,867,868,869,870,871]],"properties":{"iso3":"MNE","name":"Montenegro"}},{"type":"Polygon","arcs":[[-543,872]],"properties":{"iso3":"MNG","name":"Mongolia"}},{"type":"Polygon","arcs":[[-286,-646]],"properties":{"iso3":"MDA","name":"Moldova"}},{"type":"MultiPolygon","arcs":[[[-167,875,876,877,878]],[[879]],[[880]],[[881]],[[882]],[[883]],[[884]],[[885]],[[886]],[[887]],[[888]],[[889]],[[890]],[[891]],[[892]],[[893]]],"properties":{"iso3":"MEX","name":"Mexico"}},{"type":"Polygon","arcs":[[894]],"properties":{"iso3":"MUS","name":"Mauritius"}},{"type":"MultiPolygon","arcs":[[[895]],[[-498,896,-866,897,898]]],"properties":{"iso3":"MRT","name":"Mauritania"}},{"type":"MultiPolygon","arcs":[[[899]],[[900]]],"properties":{"iso3":"MLT","name":"Malta"}},{"type":"Polygon","arcs":[[-492,-899,901,-812,902,903,904]],"properties":{"iso3":"MLI","name":"Mali"}},{"type":"MultiPolygon","arcs":[[[-340,907]],[[908,909,910,911,912]],[[913]],[[914]],[[915]],[[916]],[[917]],[[918]],[[919,920]]],"properties":{"iso3":"MYS","name":"Malaysia"}},{"type":"MultiPolygon","arcs":[[[-861]],[[-860]],[[-9,-357,-858]]],"properties":{"iso3":"MWI","name":"Malawi"}},{"type":"MultiPolygon","arcs":[[[921]],[[922]],[[923]]],"properties":{"iso3":"MDG","name":"Madagascar"}},{"type":"Polygon","arcs":[[-485,924,925,926,927]],"properties":{"iso3":"MKD","name":"North Macedonia"}},{"type":"Polygon","arcs":[[928,929,930]],"properties":{"iso3":"LUX","name":"Luxembourg"}},{"type":"MultiPolygon","arcs":[[[-641,931]],[[-638,932,933,934,-662]]],"properties":{"iso3":"LTU","name":"Lithuania"}},{"type":"Polygon","arcs":[[-371,935]],"properties":{"iso3":"LIE","name":"Liechtenstein"}},{"type":"Polygon","arcs":[[-315,936,937,-397,938,-814,939]],"properties":{"iso3":"LBY","name":"Libya"}},{"type":"Polygon","arcs":[[-479,940,941,942]],"properties":{"iso3":"LBR","name":"Liberia"}},{"type":"Polygon","arcs":[[-439]],"properties":{"iso3":"LSO","name":"Lesotho"}},{"type":"Polygon","arcs":[[-368,943,944]],"properties":{"iso3":"LBN","name":"Lebanon"}},{"type":"Polygon","arcs":[[-934,945,946,-551,947]],"properties":{"iso3":"LVA","name":"Latvia"}},{"type":"Polygon","arcs":[[-21,948,-337,949,950]],"properties":{"iso3":"LAO","name":"Laos"}},{"type":"Polygon","arcs":[[-52,951,952,-359],[-58],[-59],[-362]],"properties":{"iso3":"KGZ","name":"Kyrgyzstan"}},{"type":"MultiPolygon","arcs":[[[953]],[[-504,954,955]]],"properties":{"iso3":"KWT","name":"Kuwait"}},{"type":"Polygon","arcs":[[-486,-928,956,-868]],"properties":{"iso3":"KOS","name":"Kosovo"}},{"type":"MultiPolygon","arcs":[[[957]],[[958]],[[959]],[[960]],[[961]],[[962]],[[963]],[[964]],[[965]],[[966]],[[967]],[[968]],[[969]],[[970]],[[971]],[[972]],[[973]],[[974]],[[975]]],"properties":{"iso3":"KIR","name":"Kiribati"}},{"type":"MultiPolygon","arcs":[[[976]],[[-298,-394,977,-441,978,-354]]],"properties":{"iso3":"KEN","name":"Kenya"}},{"type":"MultiPolygon","arcs":[[[979]],[[980]],[[981]],[[-56,-303,982,-545,983,-952]]],"properties":{"iso3":"KAZ","name":"Kazakhstan"}},{"type":"Polygon","arcs":[[-366,984,-502,985,986,987,988]],"properties":{"iso3":"JOR","name":"Jordan"}},{"type":"MultiPolygon","arcs":[[[989]],[[990]],[[991]],[[992]],[[993]],[[994]],[[995]],[[996]],[[997]],[[998]],[[999]],[[1000]],[[1001]],[[1002]],[[1003]],[[1004]],[[1005]],[[1006]],[[1007]],[[1008]],[[1009]],[[1010]],[[1011]],[[1012]],[[1013]],[[1014]],[[1015]],[[1016]],[[1017]],[[1018]],[[1019]],[[1020]],[[1021]],[[1022]]],"properties":{"iso3":"JPN","name":"Japan"}},{"type":"Polygon","arcs":[[1023]],"properties":{"iso3":"JAM","name":"Jamaica"}},{"type":"MultiPolygon","arcs":[[[-373,1024,-475,1025,1026],[-37],[-512]],[[1027]],[[1028]],[[1029]],[[1030]],[[1031]],[[1032]],[[1033]]],"properties":{"iso3":"ITA","name":"Italy"}},{"type":"Polygon","arcs":[[-367,-989,1034,-987,1035,1036,1037,1038,-944]],"properties":{"iso3":"ISR","name":"Israel"}},{"type":"MultiPolygon","arcs":[[[-1038,1039,1040]],[[-988,-1035]]],"properties":{"iso3":"PSX","name":"Palestine"}},{"type":"MultiPolygon","arcs":[[[1041]],[[-269,1042]]],"properties":{"iso3":"IRL","name":"Ireland"}},{"type":"Polygon","arcs":[[-309,1043,1044,-955,-503,-985,-365]],"properties":{"iso3":"IRQ","name":"Iraq"}},{"type":"MultiPolygon","arcs":[[[1045]],[[-301,1046,-761,1047,-1044,-308,1048,1049,1050,1051]]],"properties":{"iso3":"IRN","name":"Iran"}},{"type":"MultiPolygon","arcs":[[[1052]],[[1053]],[[1054]],[[1055]],[[1056]],[[1057]],[[1058]],[[1059]],[[1060]],[[1061]],[[1062]],[[1063]],[[1064]],[[1065]],[[1066]],[[1067]],[[1068]],[[1069]],[[1070]],[[1071]],[[1072]],[[1073]],[[1074]],[[1075]],[[1076]],[[1077]],[[1078]],[[-909,1079]],[[1080]],[[1081]],[[1082]],[[-330,1083,-333,1084]],[[1085]],[[1086]],[[1087]],[[-723,1088]],[[1089]],[[1090]],[[1091]],[[1092]],[[1093]],[[1094]],[[1095]],[[1096]],[[1097]],[[1098]],[[1099]],[[1100]],[[1101]],[[1102]],[[1103]],[[1104]],[[1105]],[[1106]],[[1107]],[[1108]],[[1109]],[[1110]],[[1111]],[[1112]],[[1113]],[[1114]],[[1115]],[[1116]],[[1117]],[[1118]],[[1119]],[[1120]],[[1121]],[[1122]],[[1123]],[[1124]],[[1125]],[[1126]],[[1127]],[[1128]],[[1129]],[[1130]],[[1131]],[[1132]],[[1133]],[[1134]],[[1135]],[[1136]],[[1137]],[[1138]],[[1139]],[[1140]],[[1141]],[[1142]],[[1143]],[[1144]],[[1145]],[[1146]],[[1147]],[[1148]],[[1149]],[[1150]],[[1151]],[[1152]],[[1153]],[[1154]],[[-920,1155]],[[1156]],[[1157]],[[1158]],[[1159]],[[1160]],[[1161]],[[1162]],[[1163]],[[1164]],[[1165]],[[1166]],[[1167]],[[1168]],[[1169]],[[1170]],[[1171]],[[1172]],[[1173]],[[1174]],[[1175]],[[1176]],[[1177]],[[1178]],[[1179]],[[1180]],[[1181]],[[1182]],[[1183]],[[1184]],[[1185]]],"properties":{"iso3":"IDN","name":"Indonesia"}},{"type":"MultiPolygon","arcs":[[[-759,1186,1187,-852,1188,1189,1190,1191,1192,1193]],[[1194]],[[1195]],[[1196]],[[1197]],[[1198]],[[1199]],[[1200]],[[1201]],[[1202]],[[1203]],[[1204]],[[1205]],[[1206]]],"properties":{"iso3":"IND","name":"India"}},{"type":"Polygon","arcs":[[1207]],"properties":{"iso3":"ISL","name":"Iceland"}},{"type":"Polygon","arcs":[[-288,-645,-490,1208,-477,1209,-469]],"properties":{"iso3":"HUN","name":"Hungary"}},{"type":"MultiPolygon","arcs":[[[-819,1210,1211,1212,1213]],[[1214]],[[1215]]],"properties":{"iso3":"HND","name":"Honduras"}},{"type":"MultiPolygon","arcs":[[[1216,1217]],[[1218]],[[1219]]],"properties":{"iso3":"HTI","name":"Haiti"}},{"type":"Polygon","arcs":[[-33,1220,-388,1221]],"properties":{"iso3":"GUY","name":"Guyana"}},{"type":"MultiPolygon","arcs":[[[-494,1222,1223]],[[1224]],[[1225]],[[1226]],[[1227]],[[1228]],[[1229]]],"properties":{"iso3":"GNB","name":"Guinea-Bissau"}},{"type":"Polygon","arcs":[[-481,1230,-1223,-493,-905,1231,-941]],"properties":{"iso3":"GIN","name":"Guinea"}},{"type":"Polygon","arcs":[[-878,1232,1233,-1213,1234,1235]],"properties":{"iso3":"GTM","name":"Guatemala"}},{"type":"Polygon","arcs":[[1236]],"properties":{"iso3":"GRD","name":"Grenada"}},{"type":"MultiPolygon","arcs":[[[1237]],[[1238]],[[1239]],[[1240]],[[1241]],[[1242]],[[1243]],[[1244]],[[1245]],[[1246]],[[1247]],[[1248]],[[1249]],[[1250]],[[1251]],[[1252]],[[1253]],[[1254]],[[1255]],[[1256]],[[1257]],[[1258]],[[1259]],[[1260]],[[1261]],[[1262]],[[1263]],[[1264]],[[1265]],[[1266]],[[1267]],[[1268]],[[1269]],[[1270]],[[1271]],[[1272]],[[1273]],[[1274]],[[1275]],[[-313,1276,1277,-926,1278]]],"properties":{"iso3":"GRC","name":"Greece"}},{"type":"Polygon","arcs":[[-327,1279,1280,1281,1282,1283]],"properties":{"iso3":"GHA","name":"Ghana"}},{"type":"MultiPolygon","arcs":[[[-375,1284,-929,1285,-837,1286,1287,1288,-658,1289,1290]],[[1291]],[[-660,1292]],[[1293]],[[1294]],[[1295]]],"properties":{"iso3":"DEU","name":"Germany"}},{"type":"Polygon","arcs":[[-305,1296,-548,1297,1298]],"properties":{"iso3":"GEO","name":"Georgia"}},{"type":"Polygon","arcs":[[-496,1299]],"properties":{"iso3":"GMB","name":"The Gambia"}},{"type":"Polygon","arcs":[[1300,1301,1302,1303]],"properties":{"iso3":"GAB","name":"Gabon"}},{"type":"MultiPolygon","arcs":[[[1304]],[[-374,-1027,1305,-875,1306,-411,1307,-409,1308,1309,-930,-1285]],[[1310]],[[1311]],[[1312]],[[1313]],[[1314]],[[1315]],[[1316]],[[-386,1317,1318]]],"properties":{"iso3":"FRA","name":"France"}},{"type":"MultiPolygon","arcs":[[[1319]],[[1320]]],"properties":{"iso3":"SPM","name":"Saint Pierre and Miquelon"}},{"type":"MultiPolygon","arcs":[[[1326]],[[1327]],[[1328]],[[1329]],[[1330]],[[1331]],[[1332]],[[1333]],[[1334]],[[1335]],[[1336]],[[1337]],[[1338]],[[1339]],[[1340]],[[1341]],[[1342]],[[1343]],[[1344]],[[1345]],[[1346]]],"properties":{"iso3":"PYF","name":"French Polynesia"}},{"type":"MultiPolygon","arcs":[[[1347]],[[1348]],[[1349]],[[1350]],[[1351]],[[1352]]],"properties":{"iso3":"NCL","name":"New Caledonia"}},{"type":"MultiPolygon","arcs":[[[1353]],[[1354]],[[1355]]],"properties":{"iso3":"ATF","name":"French Southern and Antarctic Lands"}},{"type":"MultiPolygon","arcs":[[[1356]],[[1357]],[[1358]]],"properties":{"iso3":"ALD","name":"Åland"}},{"type":"MultiPolygon","arcs":[[[-379,-768,-554,1359]],[[1360]],[[1361]],[[1362]],[[1363]],[[1364]],[[1365]],[[1366]]],"properties":{"iso3":"FIN","name":"Finland"}},{"type":"MultiPolygon","arcs":[[[1367]],[[1368]],[[1369]],[[1370]],[[1371]],[[1372]],[[1373]],[[1374]],[[1375]],[[1376]],[[1377]],[[1378]],[[1379]],[[1380]],[[1381]],[[1382]],[[1383]],[[1384]],[[1385]],[[1386]],[[1387]]],"properties":{"iso3":"FJI","name":"Fiji"}},{"type":"Polygon","arcs":[[-393,-401,1388,1389,-445,-442,-978]],"properties":{"iso3":"ETH","name":"Ethiopia"}},{"type":"MultiPolygon","arcs":[[[-947,1390,-552]],[[1391]],[[1392]],[[1393]]],"properties":{"iso3":"EST","name":"Estonia"}},{"type":"MultiPolygon","arcs":[[[-400,1394,1395,-1389]],[[1396]],[[1397]]],"properties":{"iso3":"ERI","name":"Eritrea"}},{"type":"MultiPolygon","arcs":[[[1398]],[[-1303,1399,1400]]],"properties":{"iso3":"GNQ","name":"Equatorial Guinea"}},{"type":"Polygon","arcs":[[-1212,1401,-1235]],"properties":{"iso3":"SLV","name":"El Salvador"}},{"type":"Polygon","arcs":[[-398,-938,1402,-1040,-1037,1403]],"properties":{"iso3":"EGY","name":"Egypt"}},{"type":"MultiPolygon","arcs":[[[-716,1404,1405]],[[1406]],[[1407]],[[1408]],[[1409]],[[1410]],[[1411]],[[1412]],[[1413]]],"properties":{"iso3":"ECU","name":"Ecuador"}},{"type":"Polygon","arcs":[[-1217,1414]],"properties":{"iso3":"DOM","name":"Dominican Republic"}},{"type":"Polygon","arcs":[[1415]],"properties":{"iso3":"DMA","name":"Dominica"}},{"type":"Polygon","arcs":[[-446,-1390,-1396,1416]],"properties":{"iso3":"DJI","name":"Djibouti"}},{"type":"MultiPolygon","arcs":[[[1417]],[[1418]],[[1419]],[[1420]],[[1421]],[[1422]],[[1423]],[[1424]],[[1425]],[[1426]],[[1427]],[[1428]],[[1429]],[[1430]],[[1431]],[[1432]],[[1433]]],"properties":{"iso3":"GRL","name":"Greenland"}},{"type":"MultiPolygon","arcs":[[[1434]],[[1435]],[[1436]],[[1437]],[[1438]]],"properties":{"iso3":"FRO","name":"Faroe Islands"}},{"type":"MultiPolygon","arcs":[[[1439]],[[-1288,1440]],[[1441]],[[1442]],[[1443]],[[1444]],[[1445]],[[1446]],[[1447]],[[1448]],[[1449]],[[1450]]],"properties":{"iso3":"DNK","name":"Denmark"}},{"type":"Polygon","arcs":[[-471,1451,-1290,-657]],"properties":{"iso3":"CZE","name":"Czech Republic"}},{"type":"Polygon","arcs":[[1452,1453]],"properties":{"iso3":"CYN","name":"Turkish Republic of Northern Cyprus"}},{"type":"Polygon","arcs":[[-1453,1454]],"properties":{"iso3":"CYP","name":"Cyprus"}},{"type":"MultiPolygon","arcs":[[[1455]],[[1456]],[[1457]],[[1458]],[[1459]],[[1460]],[[1461]]],"properties":{"iso3":"CUB","name":"Cuba"}},{"type":"MultiPolygon","arcs":[[[-473,-1209,-489,1462,1463]],[[1464]],[[1465]],[[1466]],[[1467]],[[1468]],[[1469]],[[1470]],[[1471]],[[1472]],[[1473]],[[1474]],[[-871,1475,1476]]],"properties":{"iso3":"HRV","name":"Croatia"}},{"type":"MultiPolygon","arcs":[[[-1281,1477]],[[-904,1478,-1283,1479,-942,-1232]]],"properties":{"iso3":"CIV","name":"Ivory Coast"}},{"type":"Polygon","arcs":[[-750,1480,-817,1481]],"properties":{"iso3":"CRI","name":"Costa Rica"}},{"type":"Polygon","arcs":[[-7,1482,1483,1484,1485,1486,-390,-296,-522,1487,-351]],"properties":{"iso3":"COD","name":"Democratic Republic of the Congo"}},{"type":"Polygon","arcs":[[-1301,1488,1489,-1486,1490,1491]],"properties":{"iso3":"COG","name":"Republic of the Congo"}},{"type":"MultiPolygon","arcs":[[[1492]],[[1493]],[[1494]]],"properties":{"iso3":"COM","name":"Comoros"}},{"type":"MultiPolygon","arcs":[[[-35,1495,-717,-1406,1496,-748,1497]],[[1498]]],"properties":{"iso3":"COL","name":"Colombia"}},{"type":"MultiPolygon","arcs":[[[1499]],[[1500]],[[1501]],[[1502]],[[1503]],[[1504]],[[1505]],[[1506]],[[1507]],[[1508]],[[1509]],[[-22,-951,1510,-1191,1511,-1189,-853,-1188,1512,-763,1513,-360,-953,-984,-544,-873,-542,-801,1514,1515,1516,1517,1518]],[[1519]]],"properties":{"iso3":"CHN","name":"People's Republic of China"}},{"type":"MultiPolygon","arcs":[[[-1516,1521]],[[1522]],[[1523]]],"properties":{"iso3":"HKG","name":"Hong Kong"}},{"type":"MultiPolygon","arcs":[[[1524]],[[1525]],[[-714,1526,1527,1528]],[[1529,1530]],[[1531]],[[1532]],[[1533]],[[1534]],[[1535]],[[1536]],[[1537]],[[1538]],[[1539]],[[1540]],[[1541]],[[1542]],[[1543]],[[1544]],[[1545]],[[1546]],[[1547]],[[1548]],[[1549]],[[1550]],[[1551]],[[1552]],[[1553]],[[1554]],[[1555]],[[1556]],[[1557]]],"properties":{"iso3":"CHL","name":"Chile"}},{"type":"Polygon","arcs":[[-396,1558,1559,-805,-815,-939]],"properties":{"iso3":"TCD","name":"Chad"}},{"type":"Polygon","arcs":[[-391,-1487,-1490,1560,-1559,-395]],"properties":{"iso3":"CAF","name":"Central African Republic"}},{"type":"MultiPolygon","arcs":[[[1561]],[[1562]],[[1563]],[[1564]],[[1565]],[[1566]],[[1567]],[[1568]]],"properties":{"iso3":"CPV","name":"Cape Verde"}},{"type":"MultiPolygon","arcs":[[[1569]],[[1570]],[[1571]],[[-106,1572,-169,1573]],[[1574]],[[1575]],[[1576]],[[1577]],[[1578]],[[1579]],[[1580]],[[1581]],[[1582]],[[1583]],[[1584]],[[1585]],[[1586]],[[1587]],[[1588]],[[1589]],[[1590]],[[1591]],[[1592]],[[-165,1593]],[[1594]],[[1595]],[[1596]],[[1597]],[[1598]],[[1599]],[[1600]],[[1601]],[[1602]],[[1603]],[[1604]],[[1605]],[[1606]],[[1607]],[[1608]],[[1609]],[[1610]],[[1611]],[[1612]],[[1613]],[[1614]],[[1615]],[[1616]],[[1617]],[[-104,1618]],[[1619]],[[1620]],[[1621]],[[1622]],[[1623]],[[1624]],[[1625]],[[1626]],[[1627]],[[1628]],[[1629]],[[1630]],[[1631]],[[1632]],[[1633]],[[1634]],[[1635]],[[1636]],[[1637]],[[1638]],[[1639]],[[1640]],[[1641]],[[1642]],[[1643]],[[1644]],[[1645]],[[1646]],[[1647]],[[1648]],[[1649]],[[1650]],[[1651]],[[1652]],[[1653]],[[1654]],[[1655]],[[1656]],[[1657]],[[1658]],[[1659]],[[1660]],[[1661]],[[1662]],[[1663]],[[1664]],[[1665]],[[1666]],[[1667]],[[1668]],[[1669]],[[1670]],[[1671]],[[1672]],[[1673]],[[1674]],[[1675]],[[1676]],[[1677]],[[1678]],[[1679]],[[1680]],[[1681]],[[1682]],[[1683]],[[1684]],[[1685]],[[1686]],[[1687]],[[1688]],[[1689]],[[1690]],[[1691]],[[1692]],[[1693]],[[1694]],[[1695]],[[1696]],[[1697]],[[1698]],[[1699]],[[1700]],[[1701]],[[1702]],[[1703]],[[1704]],[[1705]],[[1706]],[[1707]],[[1708]],[[1709]],[[1710]]],"properties":{"iso3":"CAN","name":"Canada"}},{"type":"Polygon","arcs":[[-806,-1560,-1561,-1489,-1304,-1401,1711]],"properties":{"iso3":"CMR","name":"Cameroon"}},{"type":"MultiPolygon","arcs":[[[1712]],[[1713]],[[-20,1714,-338,-949]]],"properties":{"iso3":"KHM","name":"Cambodia"}},{"type":"MultiPolygon","arcs":[[[-342,1715,1716,-1192,-1511,-950]],[[1717]],[[1718]],[[1719]],[[1720]],[[1721]],[[1722]],[[1723]],[[1724]],[[1725]],[[1726]],[[1727]],[[1728]],[[1729]],[[1730]],[[1731]],[[1732]],[[1733]],[[1734]]],"properties":{"iso3":"MMR","name":"Myanmar"}},{"type":"Polygon","arcs":[[-352,-1488,-521]],"properties":{"iso3":"BDI","name":"Burundi"}},{"type":"Polygon","arcs":[[-328,-1284,-1479,-903,-811,1735]],"properties":{"iso3":"BFA","name":"Burkina Faso"}},{"type":"Polygon","arcs":[[-314,-1279,-925,-484,-644,1736]],"properties":{"iso3":"BGR","name":"Bulgaria"}},{"type":"MultiPolygon","arcs":[[[-912,1737]],[[-911,1738]]],"properties":{"iso3":"BRN","name":"Brunei"}},{"type":"MultiPolygon","arcs":[[[-34,-1222,-387,-1319,1739,-62,1740,-718,1741,-712,-1496]],[[1742]],[[1743]],[[1744]],[[1745]],[[1746]],[[1747]],[[1748]],[[1749]],[[1750]],[[1751]],[[1752]],[[1753]],[[1754]],[[1755]],[[1756]],[[1757]]],"properties":{"iso3":"BRA","name":"Brazil"}},{"type":"Polygon","arcs":[[-2,-438,-855]],"properties":{"iso3":"BWA","name":"Botswana"}},{"type":"Polygon","arcs":[[-872,-1477,1758,-1463,-488]],"properties":{"iso3":"BIH","name":"Bosnia and Herzegovina"}},{"type":"Polygon","arcs":[[-713,-1742,-720,1759,-1527]],"properties":{"iso3":"BOL","name":"Bolivia"}},{"type":"Polygon","arcs":[[-1190,-1512]],"properties":{"iso3":"BTN","name":"Bhutan"}},{"type":"Polygon","arcs":[[-325,-1736,-810,-808,1760]],"properties":{"iso3":"BEN","name":"Benin"}},{"type":"MultiPolygon","arcs":[[[-877,1761,-1233]],[[1762]],[[1763]]],"properties":{"iso3":"BLZ","name":"Belize"}},{"type":"Polygon","arcs":[[-835,-1286,-931,-1310,1764,-838]],"properties":{"iso3":"BEL","name":"Belgium"}},{"type":"Polygon","arcs":[[-291,-663,-935,-948,-550]],"properties":{"iso3":"BLR","name":"Belarus"}},{"type":"Polygon","arcs":[[1765]],"properties":{"iso3":"BRB","name":"Barbados"}},{"type":"MultiPolygon","arcs":[[[-1193,-1717,1766]],[[1767]],[[1768]],[[1769]],[[1770]],[[1771]],[[1772]]],"properties":{"iso3":"BGD","name":"Bangladesh"}},{"type":"Polygon","arcs":[[1773]],"properties":{"iso3":"BHR","name":"Bahrain"}},{"type":"MultiPolygon","arcs":[[[1774]],[[1775]],[[1776]],[[1777]],[[1778]],[[1779]],[[1780]],[[1781]],[[1782]],[[1783]],[[1784]],[[1785]],[[1786]],[[1787]],[[1788]]],"properties":{"iso3":"BHS","name":"The Bahamas"}},{"type":"MultiPolygon","arcs":[[[-307,1789,-1049]],[[-1051,1790,-1298,-547,1791],[1792]],[[1793]]],"properties":{"iso3":"AZE","name":"Azerbaijan"}},{"type":"Polygon","arcs":[[-370,-1291,-1452,-470,-1210,-476,-1025,-372,-936]],"properties":{"iso3":"AUT","name":"Austria"}},{"type":"MultiPolygon","arcs":[[[1794]],[[1795]],[[1796]],[[1797]],[[1798]],[[1799]],[[1800]],[[1801]],[[1802]],[[1803]],[[1804]],[[1805]],[[1806]],[[1807]],[[1808]],[[1809]],[[1810]],[[1811]],[[1812]],[[1813]],[[1814]],[[1815]],[[1816]],[[1817]],[[1818]],[[1819]],[[1820]],[[1821]],[[1822]],[[1823]],[[1824]],[[1825]],[[1826]],[[1827]],[[1828]],[[1829]],[[1830]],[[1831]],[[1832]],[[1833]],[[1834]],[[1835]]],"properties":{"iso3":"AUS","name":"Australia"}},{"type":"Polygon","arcs":[[1839]],"properties":{"iso3":"HMD","name":"Heard Island and McDonald Islands"}},{"type":"MultiPolygon","arcs":[[[-306,-1299,-1791,-1050,-1790],[-1794]],[[-1793]]],"properties":{"iso3":"ARM","name":"Armenia"}},{"type":"MultiPolygon","arcs":[[[-61,1842,-1528,-1760,-719,-1741]],[[-1530,1843]],[[1844]],[[1845]]],"properties":{"iso3":"ARG","name":"Argentina"}},{"type":"MultiPolygon","arcs":[[[1846]],[[1847]]],"properties":{"iso3":"ATG","name":"Antigua and Barbuda"}},{"type":"MultiPolygon","arcs":[[[-1485,1848,-1491]],[[-6,-857,1849,-1483]]],"properties":{"iso3":"AGO","name":"Angola"}},{"type":"Polygon","arcs":[[-410,-1308]],"properties":{"iso3":"AND","name":"Andorra"}},{"type":"Polygon","arcs":[[-316,-940,-813,-902,-898,-865,-862,1850]],"properties":{"iso3":"DZA","name":"Algeria"}},{"type":"Polygon","arcs":[[-869,-957,-927,-1278,1851]],"properties":{"iso3":"ALB","name":"Albania"}},{"type":"Polygon","arcs":[[-54,-361,-1514,-762,-1047,-300]],"properties":{"iso3":"AFG","name":"Afghanistan"}},{"type":"Polygon","arcs":[[-758,-1513,-1187]],"properties":{"iso3":"KAS","name":"Siachen Glacier"}}]}},"arcs":[[[58690,25399],[-59,66],[-101,7],[-69,-22],[-75,27],[-80,75],[-67,27],[-83,-34]],[[58156,25545],[-35,81],[-60,69],[4,120],[-140,112],[-135,55],[-56,220],[-49,138],[9,376],[-21,33],[-96,4],[-16,234],[-36,64],[-115,114],[-121,228],[-21,21],[-60,322],[-3,100],[-36,100],[-14,104],[-75,210],[-29,147],[-45,160],[10,85]],[[57016,28642],[53,-36],[53,15],[62,-90],[37,-13],[39,41],[54,-12],[68,-66],[56,-13],[67,58],[116,314],[89,318],[48,116],[130,164],[100,92],[21,76],[11,273],[49,95],[121,144],[68,37],[185,1]],[[58443,30156],[11,-248],[222,-20],[53,-91],[73,-43],[70,-151],[84,-14],[109,-99],[29,-62],[58,-25],[-20,-120],[2,-109],[24,-150],[-5,-362],[3,-303],[8,-115],[-38,-284],[-37,-46],[-2,-122],[31,-40],[1,-129],[-15,-103],[15,-120],[49,-222],[-4,-78],[-89,-374],[-54,-138],[0,-167],[-34,-131],[21,-113],[-17,-27],[-261,-678],[-40,-73]],[[57016,28642],[-91,176],[-183,44],[-248,-112]],[[56494,28750],[-118,250],[-181,419],[-43,65],[-30,236],[-17,216],[0,2079],[518,0],[33,9],[-23,133],[31,265],[-9,215],[3,339],[21,162],[-22,376]],[[56657,33514],[31,-14],[16,-95],[51,-32],[21,-129],[-17,-82],[51,-47],[42,60],[143,77],[38,5],[-11,-119],[19,-153],[45,-92],[30,7],[132,-112],[139,-49],[82,20],[16,32],[27,199],[42,7],[12,-125],[51,-113],[31,-177],[30,-50],[60,-13],[139,-139],[32,-99],[21,-150],[34,-18],[95,-357],[52,-21],[98,106],[27,-117],[40,15],[0,871],[-66,-33],[-15,-129],[-21,-32],[-101,58],[-60,161],[-102,217],[-35,231],[52,479],[27,94],[-9,191],[6,399],[-25,226],[-39,201],[60,107],[50,128],[34,134],[-5,151],[20,14],[494,191]],[[58541,35398],[22,-135],[69,-159],[76,3],[51,-74],[39,-138],[68,-23],[6,-79],[137,-72],[15,-40],[120,-137]],[[59144,34544],[21,-152],[55,-2],[44,-166],[-11,-124],[60,-138],[2,-82],[34,-169],[-54,-135],[-56,-78],[33,-186],[-43,-265],[17,-54],[4,-195],[-14,-158],[25,-137],[42,-16],[-26,-112],[-105,-99],[-21,-123],[15,-67],[-9,-229],[-32,-163],[-50,-108],[28,-32],[-2,-74],[28,-39],[35,-145],[43,58],[15,-51]],[[59222,31303],[-409,-340],[-53,-57],[-240,-170],[-123,-121],[6,-136],[27,-117],[13,-206]],[[64745,52881],[-140,-125],[-70,-125],[-25,-85],[-18,-151],[12,-213],[-170,-224],[-78,-78],[-221,-132],[-100,-132],[-73,-16],[-154,-134],[-84,-127],[-12,-72],[-94,-214],[-108,-37],[-80,35],[-99,-133],[-63,-139],[-120,-80],[-52,-58],[-79,-35],[-83,6],[-152,-60],[-73,-191],[-64,-49],[-35,-128],[-79,-37],[-38,38],[-72,-104],[-119,-37],[-82,90],[-41,-32],[-3,98],[-68,302],[14,262],[-13,154],[-40,107],[1,136],[-24,196],[4,51],[-30,217],[6,53],[-22,137],[-55,70],[11,66],[25,-43],[3,75],[-23,199],[34,265],[-11,240]],[[61888,52687],[102,223],[5,86],[-19,92],[11,185],[23,43],[-13,66],[43,89],[36,21],[66,-106],[57,-29],[66,52],[164,23],[111,-3],[72,-75],[251,-63],[104,27],[26,-40],[55,-182],[47,-5],[83,116],[38,237],[165,499],[241,299],[42,28],[774,263]],[[64438,54533],[208,-1193],[20,-23],[79,-436]],[[61830,51935],[0,0]],[[61876,50809],[0,0]],[[61885,50997],[0,0]],[[64934,50058],[117,19],[90,-78],[-106,-135],[-114,-30],[-33,17],[-79,134],[61,129],[64,-56]],[[78906,48477],[3,-116],[-16,-138],[-18,150],[-29,90],[60,14]],[[79992,56301],[-46,-7],[-28,-65],[-83,-85],[-15,-161],[-53,-75],[-25,35],[-52,-34],[-57,35],[20,-187],[-56,-146],[-9,-168],[-98,-209],[-51,-37],[-47,-247],[-6,-207],[-47,-231],[74,-326],[49,-131],[48,-67],[72,-193],[-5,-160],[71,-248],[107,-219],[17,-111],[102,-180],[49,-109],[30,-116],[54,6],[116,-400],[63,-197],[41,-74],[33,-265],[41,-201],[0,-115],[29,-198],[31,-292],[-15,-1],[6,-405],[43,-227],[6,-251],[-31,107],[-32,-75],[24,-179],[-28,17],[3,-285],[-16,-122],[11,-79],[-18,-87],[-26,-6],[-15,-180],[-46,-15],[-33,-82],[-42,-30],[-77,-156],[-49,-26],[-26,-125],[-44,-14],[-104,-151],[-58,-61],[-48,70],[-23,114],[-11,-155],[-18,-40],[-48,107],[-34,-49],[38,-15],[4,-104],[-81,1],[73,-74],[16,-54],[-64,-175],[-116,249],[13,-56],[90,-225],[18,-127],[-54,-60],[-49,84],[-77,201],[-26,28],[78,-230],[26,-121],[-11,-74],[-185,-214],[-50,-205],[-57,-121],[-96,-23],[35,105],[-22,39],[-1,270],[9,296],[16,148],[53,60],[-18,117],[-43,33],[-20,62],[-39,-23],[-65,170]],[[79007,48492],[38,73],[79,13],[59,141],[-11,107],[81,-29],[20,67],[103,35],[27,-89],[23,15],[63,-63],[1,153],[-86,198],[-2,240],[43,87],[93,-54],[20,11],[1,177],[79,21],[18,52],[46,17],[64,141],[47,29],[18,-41],[31,73],[14,124],[-23,345],[37,287],[-77,484],[10,171],[23,58],[20,179]],[[79866,51514],[-11,193],[48,194],[-25,96],[-79,160],[-25,154],[48,59],[10,85],[-50,66],[-80,152],[-27,122],[-26,-52],[-54,140],[-12,213],[-64,185],[-74,140],[-87,227],[-29,173],[-36,120],[-34,25],[-69,183],[17,142],[-120,107],[-169,276],[-53,51],[-6,50],[47,101],[-9,135],[63,8],[80,-53],[55,101],[51,186],[-11,106],[-53,25],[-22,120],[-70,47],[60,144],[-108,188],[-39,19],[-116,-171],[-48,58],[-100,78],[-70,264],[27,214],[0,78],[-37,89],[-33,-102],[-32,170],[-111,267],[-15,67]],[[78368,56914],[30,61],[53,188],[25,6],[87,-108],[49,-95],[82,219],[47,-117],[42,130],[81,-172],[16,9],[23,142],[44,40],[44,-74],[43,70],[45,13],[30,63],[19,158],[114,147],[61,-115],[15,-77],[82,-105],[44,36],[51,-13],[18,-61],[81,28],[66,-91],[-21,-100],[-34,-45],[-12,-125],[32,-109],[3,-184],[18,15],[77,-76],[48,-124],[48,-76],[125,26],[48,-97]],[[79615,47275],[0,0]],[[79768,48482],[0,0]],[[79684,55814],[0,0]],[[79889,56096],[-55,-86],[20,123],[35,-37]],[[79866,55892],[-34,-16],[43,92],[-9,-76]],[[79730,55766],[-33,54],[37,9],[-4,-63]],[[33105,47596],[0,0]],[[32264,48998],[9,-92],[-28,-79],[-38,-2],[-30,52],[-67,16],[53,74],[51,-60],[38,117],[12,-26]],[[31885,48840],[-56,22],[31,26],[25,-48]],[[33056,47405],[-15,76],[38,67],[15,-85],[-38,-58]],[[33328,47181],[52,-171],[-37,-80],[-19,-98],[-40,-41],[-57,-118],[-37,-10],[-57,-221],[32,-125],[-8,-77],[31,-48],[55,-7],[-20,-132],[-89,-125],[-44,13],[-75,-65],[-16,-75],[20,-263],[-48,-116],[-20,-100],[176,-496]],[[33127,44826],[38,-146],[-38,-155],[-46,-62],[-27,-107],[-77,-12],[-55,-81],[-21,-81],[-166,-133],[-72,41],[-83,-98],[-15,-242],[-57,-56],[-90,231],[-65,-20],[-35,33],[-102,-8],[-28,97],[-37,52],[-89,-1],[-25,69],[-42,-4],[69,-234],[96,-220],[1,-269],[50,-284],[-3,-194],[35,-51],[149,-29],[-2,-133],[-178,-224],[-22,-201],[-53,-115],[-50,-2],[-68,-140],[-24,2],[-80,-104],[-71,-169],[-31,-125],[-23,-2],[9,109],[-44,99],[-105,-140],[-67,-23],[-36,49],[-124,282]],[[31423,42025],[-2,96],[-64,487],[-28,158],[1,81],[-113,284],[-60,70],[138,316],[7,52],[-52,193],[-45,122],[-34,235],[-20,217],[14,441],[-6,97],[37,124],[17,185],[54,222],[-12,109],[-24,43],[-81,34],[-79,-65],[-91,-29],[-172,20],[-49,-60],[-45,18],[-185,572],[-81,25],[-75,77],[-43,-3],[-56,-59],[-57,-6],[-112,33],[-75,-30],[-54,75],[-34,193],[-52,31],[-21,77],[7,311],[24,85],[-16,208],[-69,172],[-37,339],[-45,19],[-27,87],[-78,-64],[-5,41],[97,396],[18,286],[20,208],[50,243],[68,196],[55,57],[80,331],[118,76],[60,62]],[[30189,49513],[-47,-101],[-106,-64],[-24,-41],[2,-109],[32,-158],[53,-124],[-25,-14],[37,-189],[-18,-198],[-81,-237],[-44,-205],[38,-185],[60,-153],[-6,-60],[27,-125],[41,-17],[67,54],[59,157],[9,251],[-8,90],[-50,218],[-35,85],[-30,190],[-14,172],[23,40],[-2,91],[57,25],[123,147],[77,37],[87,79],[37,103],[59,-53],[31,68],[-12,92],[-104,-33],[-26,184],[23,149],[55,56],[48,-128],[33,-304],[23,-59],[110,27],[113,-61],[119,-191],[35,-197],[-14,-51],[25,-168],[26,-54],[74,-14],[206,69],[40,28],[206,15],[39,-40],[4,-72],[67,-151],[200,-132],[78,19],[184,254],[98,-7],[28,39],[-36,38],[-82,15],[-25,-26],[-14,65],[118,20],[105,-14],[85,46],[67,-1],[68,30],[128,-35],[101,29],[-12,-42],[-86,-33],[-41,-62],[-87,12],[-61,-23],[57,-139],[13,-95],[-22,-100],[62,84],[54,-276],[42,68],[14,74],[59,-81],[48,-168],[-9,128],[40,2],[10,55],[77,-184],[83,-54],[61,-138],[-14,-68],[-36,-34],[-23,-84],[-19,-178],[-34,-171],[-104,-2],[88,-131],[30,54],[44,4],[66,70],[88,-32],[39,57],[90,-56]],[[53455,70651],[0,0]],[[96317,30730],[18,-233],[32,13],[17,140],[25,4],[34,-388],[-29,-67],[-93,-35],[-36,158],[5,137],[-33,255],[22,150],[38,-134]],[[96503,29837],[83,-153],[34,-96],[-21,-47],[-41,13],[-45,-40],[-19,218],[-18,91],[-28,-28],[-18,53],[13,137],[38,-22],[22,-126]],[[96790,29356],[-74,-17],[-16,80],[21,68],[46,-117],[23,-14]],[[96748,29668],[-76,14],[-26,62],[65,103],[37,-179]],[[96790,28819],[38,-108],[-17,-72],[-75,12],[-26,50],[32,111],[48,7]],[[96641,30301],[-66,-11],[42,99],[49,20],[-25,-108]],[[96725,29925],[-25,204],[10,154],[30,-303],[-15,-55]],[[96718,30377],[-16,7],[-7,213],[9,21],[14,-241]],[[96449,30099],[-35,27],[39,28],[-4,-55]],[[96550,31128],[-50,-14],[29,98],[21,-84]],[[96524,31377],[-27,84],[25,55],[18,-47],[-16,-92]],[[97192,26958],[0,0]],[[97080,27413],[-15,-76],[-25,17],[-36,104],[8,93],[25,10],[6,-90],[37,-58]],[[97036,27835],[-24,-30],[-72,79],[8,160],[35,9],[16,-116],[37,-102]],[[69707,70898],[25,25],[53,-86],[-107,-100],[-11,-69],[-48,-33],[-49,-106],[-76,-108],[6,-40],[75,-72],[48,34],[38,-139],[91,-78],[83,-11],[3,145],[35,-24],[16,137],[53,-63],[24,-154],[79,-15],[6,-104],[49,13],[82,-123],[92,-6],[34,-53],[-94,-95],[-57,-89],[-46,38],[-12,-124],[-63,26],[-49,-127],[-73,-75],[-108,95],[-96,-34]],[[69710,69483],[-85,-26],[-33,87],[-38,26],[-4,64],[88,147],[14,55],[-86,199],[-41,-92],[-161,-165],[-83,98],[-28,-114],[-30,-48],[27,-168],[-8,-91],[-89,17],[-84,-28],[-3,-38],[80,5],[8,-46],[-42,-14],[18,-101],[-64,-48],[-15,-144],[-34,-69],[-107,19],[-100,41],[-81,-110],[-21,-157],[74,-65],[16,-100],[119,-32],[12,-51],[-28,-155],[27,-202],[53,-102],[-11,-144],[-33,-74],[-100,-310],[-16,-222]],[[68821,67325],[-16,39],[-72,22],[-34,-35],[-69,89],[-67,25],[-85,-16]],[[68478,67449],[1,308],[28,103],[-15,55],[-66,43],[-45,67],[-88,72],[-68,-21],[-220,305],[-45,45],[-97,169],[-41,-16],[-111,145],[-71,153],[-238,339],[-58,125],[-18,208],[-22,95],[-56,152],[-53,289],[-72,103],[-41,25],[-47,-57],[-159,36],[-84,-17],[-101,125],[13,137],[-17,75],[32,94],[-63,85],[12,166],[-41,73],[-113,4],[-49,39],[-43,118],[-68,27],[-80,153],[-31,-82],[-60,18],[-30,-42],[74,-156],[-6,-80],[-46,109],[-57,28],[-59,-210],[-120,-23],[-43,-51],[-73,-160],[15,-286],[28,-71],[-28,-61],[-68,18],[-221,24]],[[65549,70246],[-1,2584],[417,242],[300,153],[70,-80],[611,-738],[42,-158],[231,-476],[23,-2],[315,97],[343,-54],[129,115],[101,-209],[63,-75],[85,-305],[83,80],[-24,-476],[-2,-218],[136,-7],[11,-178],[36,-331],[41,-91],[311,38],[50,-118],[-19,-154],[32,-62],[70,-72],[44,2],[3,179],[43,116],[69,115],[22,114],[84,87],[82,128],[120,104],[89,182],[55,-17],[28,80],[65,57]],[[69625,69974],[0,0]],[[69779,69240],[-54,1],[9,69],[-19,99],[70,-60],[-6,-109]],[[69938,69280],[0,0]],[[35174,17418],[-28,-75],[-17,-119],[-58,-163],[-12,-92],[-62,-96],[-44,-108],[-204,-185],[-93,26],[-37,62],[-84,23],[-124,-93],[-75,33],[-21,60],[-108,70],[-88,157],[-104,3],[-79,-20],[-37,120],[-122,277],[-10,136],[21,378],[39,38],[39,165],[-33,297]],[[33833,18312],[21,106],[-15,143],[3,173],[35,73],[15,136],[-18,57],[51,275],[-5,117],[21,56],[-17,188],[73,284]],[[33997,19920],[16,-52],[94,-16],[26,98],[80,26],[182,-366],[49,-147],[-1,-171],[36,7],[88,136],[53,-119],[31,-127],[46,-62],[15,25],[39,-79],[85,-66],[61,-183],[41,-78],[84,-68],[44,-74],[44,-243],[133,-235],[-113,-306],[-2,-318],[46,-84]],[[95272,44913],[0,0]],[[88372,47851],[0,0]],[[92123,46335],[0,0]],[[92188,46395],[0,0]],[[93975,45960],[-36,-9],[-14,101],[45,5],[5,-97]],[[97120,45268],[0,0]],[[96896,46308],[0,0]],[[97659,46125],[0,0]],[[97527,46188],[0,0]],[[96357,49014],[0,0]],[[90474,54369],[0,0]],[[90475,52664],[0,0]],[[90350,51129],[0,0]],[[90493,53888],[0,0]],[[90486,51815],[-11,58],[30,35],[-19,-93]],[[90461,51700],[0,0]],[[31987,54065],[0,0]],[[32039,54082],[0,0]],[[32009,53688],[52,-31],[-86,-34],[34,65]],[[90205,50496],[-25,38],[-1,81],[53,137],[28,-37],[-44,-112],[-11,-107]],[[2576,31065],[-26,27],[36,39],[-10,-66]],[[31630,54146],[70,-1],[69,-44],[3,-98],[-98,-189],[-121,-16],[-101,25],[-36,-27],[-82,32],[7,162],[-26,99],[30,95],[269,-17],[16,-21]],[[31826,53907],[0,0]],[[31146,53875],[0,0]],[[13126,80945],[-51,0],[24,190],[52,-78],[24,-76],[-49,-36]],[[13117,80749],[-71,66],[37,80],[71,-13],[-7,-104],[-30,-29]],[[12691,82144],[-40,-16],[-53,75],[35,14],[58,-73]],[[9689,83628],[-46,0],[44,45],[2,-45]],[[9843,83263],[33,93],[58,45],[-91,-138]],[[8883,83436],[-70,-8],[54,69],[46,-42],[-30,-19]],[[7772,83645],[17,100],[20,-22],[-37,-78]],[[5464,80109],[-4,-55],[-41,66],[45,-11]],[[5733,79852],[0,0]],[[5690,79979],[0,0]],[[3831,78973],[0,0]],[[1109,77628],[-55,16],[3,36],[52,-52]],[[3858,87773],[0,0]],[[2371,85952],[119,-38],[45,6],[56,52],[67,22],[86,-58],[29,-88],[109,-43],[55,-58],[120,-1],[77,-26],[-37,-98],[-143,0],[-86,-151],[-29,97],[-58,56],[-56,16],[-23,62],[-71,67],[-89,46],[-59,1],[-94,-75],[-65,8],[-52,89],[21,159],[27,16],[51,-61]],[[3851,83660],[26,-35],[87,-13],[5,-173],[33,-110],[-98,-16],[-43,-28],[-2,-53],[-144,63],[-142,101],[-83,140],[51,19],[116,-12],[14,56],[86,61],[94,0]],[[7528,81859],[2,-39],[54,45],[75,-5],[-16,-64],[20,-62],[55,-49],[-55,-86],[-139,38],[65,-115],[-55,-17],[-48,-59],[-62,-8],[-87,-104],[-41,-18],[29,-48],[-35,-89],[-60,-59],[-28,33],[78,119],[-58,42],[-7,42],[-61,24],[17,-97],[-21,-66],[-66,88],[-20,119],[-38,91],[9,78],[38,80],[71,55],[70,-5],[62,-192],[33,-37],[-31,97],[-11,136],[40,19],[-58,110],[67,27],[38,-89],[37,47],[49,-2],[15,124],[86,-53],[-13,-51]],[[13882,80497],[-31,-119],[4,-137],[24,-160],[-50,-191]],[[13829,79890],[-100,-180]],[[13729,79710],[-76,26],[-55,247],[17,60],[65,38],[-23,24],[-23,285],[-62,184],[30,63],[-209,-148],[-24,-162],[-31,-79],[-38,25],[-29,106],[61,147],[45,162],[81,33],[-94,24],[-37,98],[-44,28],[-49,145],[-33,17],[-3,82],[-60,39],[-59,159],[-153,87],[8,116],[-28,153],[-31,62],[26,37],[122,-90],[-111,147],[1,74],[88,-2],[-101,33],[-51,-49],[-80,153],[-4,153],[31,125],[-76,-165],[-77,94],[-50,13],[-31,48],[-46,136],[-6,67],[-47,71],[-24,165],[-31,114],[-9,127],[-34,-78],[24,-71],[-29,-4],[33,-81],[14,-125],[79,-424],[-25,-52],[-45,16],[-75,110],[-84,-13],[4,129],[-52,149],[61,77],[-53,-17],[-37,123],[1,-183],[-22,-16],[-70,68],[-24,55],[-118,66],[12,-70],[-31,-43],[50,5],[86,-67],[44,-60],[-20,-58],[72,-11],[34,-68],[13,-86],[-113,-39],[-34,-58],[-136,105],[-131,131],[-89,144],[-45,110],[-90,102],[-275,203],[-127,120],[52,45],[27,62],[-19,128],[38,54],[32,-56],[12,-187],[18,147],[65,10],[-71,41],[-76,87],[-92,-131],[-102,-73],[-57,-11],[-117,27],[-157,108],[31,54],[-9,73],[-95,-80],[-244,82],[-110,8],[-156,-30],[-83,-29],[-95,2],[16,48],[-67,75],[-55,10],[-103,91],[31,176],[-21,11],[-107,-155],[-130,62],[-51,7],[63,122],[-132,6],[-28,63],[-70,-34],[-19,20],[49,57],[-68,61],[11,110],[87,42],[-83,10],[-110,-105],[-60,13],[-54,-55],[-49,54],[-25,-60],[-65,-14],[-32,55],[71,176],[-83,-96],[-61,0],[17,-37],[-38,-124],[-59,-19],[80,-89],[-19,-92],[-59,-38],[139,37],[24,-58],[-61,-65],[-4,-158],[-38,-33],[-27,-93],[-89,-29],[-103,60],[-40,-25],[-36,76],[-56,-236],[-32,105],[-25,-128],[-59,27],[14,-61],[-65,-87],[-106,-1],[-27,-97],[-71,-125],[-69,36],[3,-45],[-54,7],[-104,-41],[-62,68],[31,86],[125,77],[59,85],[28,107],[-88,-89],[-100,26],[-25,58],[33,145],[79,151],[39,186],[-13,180],[112,83],[143,129],[91,-64],[133,13],[155,-53],[-18,42],[-126,41],[-128,125],[127,173],[75,56],[-83,-8],[-55,-51],[-34,-84],[-146,-24],[-39,29],[-92,-72],[-57,-79],[-123,-75],[-53,-86],[9,-72],[-68,-51],[-76,-109],[2,-83],[-30,-52],[-79,-69],[-105,36],[102,-115],[1,-90],[-27,-54],[-126,-55],[48,-23],[-2,-57],[-94,-44],[-8,52],[-71,-75],[17,-13],[-57,-100],[-76,-78],[-25,-146],[13,-25],[132,-57],[66,-55],[23,-72],[-79,-143],[-68,-47],[-43,-67],[-19,-90],[-34,-54],[-10,-91],[-90,-29],[-4,-44],[-118,-28],[-25,-72],[-59,-75],[-78,-52],[-52,-116],[-61,-16],[-16,-69],[-52,1],[-65,-85],[22,-62],[-21,-95],[-43,-67],[-42,-3],[-100,-126],[-97,-47],[-34,-93],[-72,12],[-58,-65],[42,-14],[-135,-68],[-34,-71],[42,-23],[30,-74],[-63,-95],[-24,86],[-55,-139],[-204,-124],[-38,-130],[-5,140],[-18,13],[-84,-56],[-91,-90],[-35,-69],[-111,-17],[-56,-76],[-78,-24],[-28,19],[30,111],[48,-9],[-72,60],[-62,-69],[-16,-98],[-93,-177],[-72,-63],[-58,135],[-28,-17],[7,-126],[-68,-59],[-71,77],[-3,-104],[-44,-56],[3,200],[45,51],[58,1],[69,110],[139,259],[128,132],[134,81],[19,-50],[69,30],[-30,-75],[43,-81],[26,58],[44,14],[85,-49],[-4,42],[-64,100],[66,216],[143,175],[140,89],[81,121],[78,-51],[13,177],[95,182],[76,78],[42,72],[44,26],[77,-30],[-61,93],[19,291],[16,62],[100,39],[-82,41],[-10,118],[82,155],[71,67],[-18,26],[64,254],[-93,-180],[-145,-91],[-99,-77],[-78,2],[-56,146],[22,105],[96,-15],[-95,79],[-26,-12],[-72,-120],[-24,-129],[25,-140],[-5,-56],[-45,-25],[-37,46],[-76,177],[-87,133],[-69,-64],[-65,60],[-58,103],[-126,-127],[-111,-49],[-41,-93],[-109,-40],[-108,22],[80,52],[37,54],[-18,156],[40,66],[-69,-24],[-37,147],[29,57],[26,157],[-86,275],[-29,140],[-50,74],[78,233],[54,49],[-53,1],[-92,-205],[-60,-88],[38,-27],[13,-73],[-20,-97],[-45,3],[-40,-50],[-95,-54],[-128,-31],[-63,3],[-65,64],[3,68],[-94,110],[-54,108],[-38,3],[-72,74],[9,62],[-91,28],[94,140],[32,94],[27,13],[121,-67],[29,-51],[-30,-93],[104,123],[29,-15],[45,-109],[56,52],[30,66],[-56,45],[-79,22],[89,35],[-45,47],[-68,-74],[-124,4],[-87,43],[-87,-8],[-30,32],[83,85],[-56,6],[-87,83],[3,-75],[-52,-3],[-34,139],[-48,25],[-12,48],[30,62],[-45,42],[-37,-31],[-21,101],[100,32],[-59,37],[8,60],[105,25],[-36,100],[10,63],[143,262],[54,43],[61,-37],[-18,70],[43,19],[28,71],[-57,-60],[-14,125],[22,119],[24,35],[84,24],[-41,52],[32,61],[84,33],[103,-49],[33,-47],[-34,-77],[65,63],[40,-42],[83,24],[122,131],[94,185],[48,4],[38,-57],[130,10],[113,63],[76,121],[13,63],[-35,149],[-23,155],[-64,103],[-76,26],[22,65],[61,-7],[73,44],[26,72],[-14,80],[-83,91],[-78,-91],[-81,15],[-30,-52],[-85,-45],[-176,-214],[-19,100],[-91,95],[-28,-32],[70,-61],[-26,-67],[-95,88],[-63,27],[-164,-3],[-165,-86],[-346,86],[-50,30],[-44,72],[19,140],[-38,18],[-105,144],[110,-2],[22,65],[71,41],[-130,23],[-205,59],[-162,103],[-28,63],[44,64],[4,-47],[93,54],[48,71],[92,13],[91,123],[148,83],[57,-35],[80,-6],[45,39],[-78,55],[18,52],[91,64],[107,19],[108,83],[59,23],[204,20],[25,-30],[-71,1],[33,-31],[-36,-108],[3,-64],[-39,-50],[94,-93],[146,-6],[79,17],[83,-34],[103,14],[111,-12],[72,138],[28,22],[117,-65],[-24,102],[-118,52],[-78,-26],[-17,86],[-84,141],[-77,30],[-39,111],[69,38],[63,-103],[32,-12],[-9,-82],[39,-76],[89,-71],[70,26],[80,-15],[111,-71],[116,33],[-8,107],[-28,28],[-78,-5],[-62,46],[-52,-13],[-96,-71],[-127,105],[-6,73],[71,123],[-95,50],[-119,-21],[-5,59],[-48,-60],[-116,6],[-148,53],[-52,65],[-62,199],[-50,91],[-351,309],[-159,77],[-77,86],[-153,58],[67,45],[-7,-44],[53,45],[55,262],[-7,62],[194,-13],[129,11],[206,38],[121,70],[92,94],[104,153],[19,157],[39,104],[168,236],[130,168],[33,-53],[-87,-67],[121,51],[179,49],[100,100],[144,102],[43,-16],[-40,-67],[28,-18],[-25,-80],[64,-39],[14,154],[36,-14],[83,33],[-100,4],[-60,73],[-33,1],[111,107],[102,64],[36,-32],[-18,-59],[70,37],[105,-2],[38,30],[134,3],[110,68],[114,106],[114,159],[87,63],[-27,-47],[27,-35],[183,-73],[64,-47],[-62,-88],[-95,-48],[48,-60],[74,10],[109,111],[41,60],[62,-12],[75,-67],[-31,-66],[164,-65],[77,54],[117,9],[73,29],[125,-39],[81,3],[72,-50],[-57,-54],[-9,-56],[83,-68],[112,2],[-49,-76],[200,-23],[156,64],[72,-47],[70,0],[78,47],[167,-6],[162,-60],[58,-69],[64,27],[105,-37],[46,-61],[178,-33],[88,15],[256,-22],[174,-107],[161,-18],[56,40],[98,10],[88,34],[109,-9],[38,19],[142,-58],[114,-115],[166,-71],[81,-82],[113,-2]],[[10833,90182],[0,-6580],[132,-58],[20,57],[133,-82],[83,103],[166,10],[-30,-183],[40,-63],[94,-65],[20,-87],[289,-388],[43,-227],[44,59],[129,114],[65,2],[31,90],[1,126],[52,15],[-12,87],[107,41],[128,92],[118,-151],[-6,-97],[35,-107],[140,-143],[40,-132],[132,-136],[117,-207],[-6,-52],[41,-80],[201,-509],[89,-212],[-30,-84],[85,-37],[-20,-120],[66,-45],[12,-142],[69,6],[137,-137],[95,-45],[25,-54],[48,-23],[18,-76],[88,-10],[20,-155]],[[4590,79858],[39,-139],[70,-80],[-76,47],[-63,-78],[-136,-3],[-76,-98],[-68,-55],[-64,11],[-18,133],[50,59],[49,133],[71,13],[113,98],[72,8],[37,-49]],[[12971,80254],[6,-32],[-102,-161],[4,102],[-28,58],[28,30],[92,3]],[[13517,79928],[30,-124],[-49,-7],[-37,109],[-7,152],[45,-36],[18,-94]],[[13302,80652],[-6,-117],[-65,-2],[-23,82],[-58,15],[-11,85],[28,30],[61,181],[17,-7],[70,-172],[-13,-95]],[[13617,80216],[-29,-157],[-29,-42],[-65,49],[-7,93],[-54,-77],[-34,-94],[-23,177],[55,119],[6,173],[99,87],[41,-69],[43,-132],[-3,-127]],[[12954,81282],[82,-21],[32,-66],[-1,-143],[-21,-40],[-82,148],[48,-154],[-16,-104],[-108,0],[-13,37],[-9,198],[-83,149],[32,42],[139,-46]],[[13094,79797],[68,-1],[-25,-147],[-28,18],[-88,183],[-35,145],[-47,25],[-3,65],[37,16],[55,-79],[66,-225]],[[9335,83707],[81,-27],[-143,-97],[-24,95],[40,51],[46,-22]],[[8962,83259],[-38,11],[29,81],[120,170],[43,122],[45,-19],[9,-55],[-92,-126],[-61,-146],[-55,-38]],[[8984,83708],[-1,-69],[-35,-123],[-23,36],[21,162],[38,-6]],[[8908,83972],[-54,13],[7,50],[47,-63]],[[7498,81367],[-80,-88],[-22,37],[25,93],[97,-12],[-20,-30]],[[7643,82324],[-42,40],[48,54],[30,-16],[-36,-78]],[[7433,81877],[-8,-19],[-69,84],[48,-6],[29,-59]],[[6787,80450],[-47,6],[45,64],[2,-70]],[[7032,80882],[-12,47],[58,69],[21,-19],[-67,-97]],[[7164,80938],[-34,17],[61,45],[-27,-62]],[[5365,80093],[29,-5],[26,-86],[-94,-8],[10,147],[29,-48]],[[4917,79764],[-38,59],[39,37],[-1,-96]],[[4846,79450],[-24,-15],[-50,81],[74,-66]],[[5591,79962],[-99,-145],[16,141],[70,102],[13,-98]],[[3933,79218],[-54,-17],[-15,86],[55,27],[52,-62],[-38,-34]],[[4011,79264],[-26,82],[29,22],[39,-62],[-42,-42]],[[5300,82389],[-42,-6],[-17,70],[116,90],[-57,-154]],[[2016,83712],[60,-46],[39,5],[43,-70],[-112,21],[-122,116],[42,80],[50,-106]],[[2733,81409],[-29,-34],[-34,47],[75,27],[-12,-40]],[[2863,78357],[-8,-39],[-72,10],[63,54],[17,-25]],[[2574,78170],[-26,13],[40,68],[27,-39],[-41,-42]],[[2093,77952],[-43,0],[42,81],[43,-41],[-42,-40]],[[2846,81022],[78,-29],[-31,-36],[-47,65]],[[1031,77614],[-30,-23],[5,72],[25,-49]],[[1105,77762],[-34,1],[-3,67],[37,-68]],[[792,77561],[-141,-28],[-3,31],[114,59],[25,74],[29,-6],[-24,-130]],[[99603,77701],[0,0]],[[99847,77319],[-49,0],[-162,199],[60,-28],[76,-103],[75,-68]],[[98255,78013],[-89,32],[71,70],[33,-6],[-15,-96]],[[12508,81526],[41,-137],[53,-277],[-6,-376],[-54,67],[-37,138],[30,106],[-40,-7],[-39,46],[-1,69],[-47,-1],[4,77],[32,67],[-39,39],[-9,75],[-36,39],[-29,-122],[-57,-43],[13,64],[-6,152],[58,52],[26,89],[39,11],[104,-128]],[[12589,82097],[122,-13],[93,-249],[22,-121],[-28,37],[-90,267],[-5,-116],[92,-214],[-10,-91],[13,-81],[-48,-26],[-45,-108],[-71,-73],[-28,108],[36,201],[-48,110],[-33,310],[-43,176],[27,-6],[44,-111]],[[12297,82155],[40,-69],[-7,-109],[74,93],[95,-51],[21,-69],[-12,-96],[-72,-1],[-5,-58],[75,-6],[29,-95],[-16,-76],[-43,21],[-114,106],[-31,-8],[-3,-120],[-20,-42],[-61,18],[-46,161],[-107,140],[-30,69],[16,88],[53,86],[49,-85],[14,70],[101,33]],[[12898,80814],[101,-13],[34,-89],[-4,-73],[94,-67],[62,-107],[29,-110],[71,-145],[-94,80],[-22,-92],[48,14],[72,-113],[-13,-69],[64,-12],[-1,-284],[-43,-65],[-66,148],[-49,21],[-21,129],[-44,-61],[-89,219],[40,25],[-34,76],[13,61],[-73,12],[-20,58],[-51,1],[-36,66],[27,36],[48,-27],[47,87],[-36,81],[-87,-66],[-19,40],[62,103],[-10,136]],[[12781,81170],[44,-45],[25,-92],[-32,-48],[-8,-204],[-18,-116],[-67,-35],[-15,88],[13,148],[31,31],[-57,87],[-26,101],[3,81],[64,66],[43,-62]],[[7662,82236],[20,37],[101,-118],[-36,-59],[-39,64],[-16,-83],[-64,-23],[-16,43],[-51,-103],[-56,-13],[-111,63],[113,148],[56,-13],[-19,97],[64,21],[54,-61]],[[3343,78707],[-85,-75],[-65,-137],[-156,-148],[75,149],[10,91],[34,57],[56,1],[11,107],[30,64],[84,41],[51,-52],[-45,-98]],[[3718,79098],[33,-12],[34,81],[40,-47],[-72,-103],[-17,-60],[67,-2],[-109,-113],[-19,-43],[-107,-48],[-102,-92],[-41,-12],[-39,45],[78,49],[109,94],[34,121],[49,-36],[27,46],[-92,49],[-13,63],[39,64],[98,23],[3,-67]],[[1791,77856],[147,-40],[-122,-26],[-104,4],[-42,39],[121,23]],[[1478,77785],[-149,-29],[-22,20],[275,136],[13,38],[-49,34],[74,72],[42,-62],[-45,-93],[16,-45],[-155,-71]],[[946,77667],[44,-33],[0,-47],[-93,-87],[-18,32],[-35,-51],[24,132],[39,35],[10,103],[41,-30],[-12,-54]],[[589,77514],[-55,29],[25,51],[-57,83],[66,26],[51,-99],[-30,-90]],[[99923,77694],[-49,-8],[-13,60],[34,36],[43,-45],[-15,-43]],[[99281,77678],[-46,14],[75,81],[12,65],[30,-5],[-21,-110],[-50,-45]],[[98002,78473],[81,-12],[93,-101],[-99,-26],[-40,-44],[-45,31],[-15,63],[-63,36],[88,53]],[[6783,54545],[-28,-32],[-55,73],[-3,219],[-44,259],[64,186],[-21,108],[17,76],[59,-79],[117,-119],[31,-84],[6,-89],[73,-158],[-69,-144],[-72,-42],[-62,-106],[-13,-68]],[[6329,56095],[140,-42],[-41,-70],[-120,40],[21,72]],[[6531,55896],[59,13],[79,-136],[-32,-79],[-56,-33],[-36,14],[-12,129],[-58,70],[9,87],[47,-65]],[[6167,56265],[22,1],[23,-106],[-45,-27],[-29,50],[-58,-15],[-45,188],[42,10],[44,71],[46,-172]],[[5730,56600],[-25,-40],[-41,24],[-50,93],[58,128],[63,-3],[15,-80],[-20,-122]],[[5505,56536],[-11,39],[34,83],[5,-76],[-28,-46]],[[6431,55784],[-35,-11],[-21,109],[30,12],[37,-69],[-11,-41]],[[29247,72837],[887,2],[53,199],[53,-19],[38,52],[28,-52],[27,100],[31,16],[-4,87],[78,132],[35,118],[13,242],[51,134],[16,189],[213,530],[53,-25],[1,-108],[61,-49],[143,106],[60,-56],[80,-135],[7,-972],[97,-70],[-17,-90],[19,-68],[-13,-72],[44,-86],[53,11]],[[31354,72953],[5,-200],[33,-40],[-57,-107],[-48,15],[-53,-37],[-27,-58],[-51,10],[-19,-86],[-42,-49],[-17,75],[-44,11],[-27,-43],[-21,44],[-23,-176],[-78,57],[29,73],[-24,8],[9,82],[-55,-96],[1,-61],[-31,-176],[-44,-78],[-33,10],[-77,-85],[-8,80],[-44,-156],[-43,58],[-59,-62],[-26,-67],[19,-32],[-88,-195],[-34,-151],[-25,-45],[-27,-172],[26,-110],[34,-33],[-61,-49],[-59,-156],[85,-72],[53,-204],[9,-96],[61,-52],[82,68],[-30,178],[36,-83],[9,-199],[-127,-36],[-70,-65],[-13,127],[-75,-117],[-54,-42],[-10,107],[-52,109],[-15,-241],[-22,-52],[-68,-34],[-45,7],[-93,-35],[-162,-18],[-21,14],[-183,-186],[-112,-190],[32,214],[-13,57],[-3,-156],[-27,-111],[-56,-105],[-4,-107],[68,-3],[11,-87],[-20,-179],[-25,-95],[-16,-149],[-43,-134],[-21,9],[-6,-114],[-48,-67],[-54,-204],[-44,-37],[16,138],[-66,44],[-61,93],[-47,105],[0,79],[28,132],[75,57],[-47,-4],[-74,-158],[4,-115],[45,-138],[5,-132],[58,-193],[27,-29],[-11,-102],[25,-91],[-88,-309],[-67,-305],[2,-51],[-62,-94],[-34,-192],[-18,79],[31,250],[47,142],[16,93],[-53,13],[15,81],[-36,58],[10,131],[-45,-54],[-44,58],[-23,94],[8,74],[73,1],[-77,120],[31,57],[-40,110],[35,-13],[-14,141],[45,125],[56,100],[-53,35],[-9,-90],[-50,-77],[-15,57],[-25,-126],[-42,31],[42,-138],[-39,-6],[18,-84],[-12,-143],[10,-148],[30,-115],[-49,47],[-30,124],[10,-111],[65,-131],[19,-127],[-32,61],[-87,63],[-28,89],[-6,-69],[-31,108],[-64,-26],[3,93],[57,167],[-68,-125],[-14,-143],[22,-40],[52,12],[39,-113],[99,-72],[79,-141],[-22,-154],[-41,5],[-120,247],[58,-157],[64,-128],[50,-40],[11,-151],[-38,21],[2,-61],[-40,7],[-61,138],[41,-129],[58,-77],[33,-113],[-33,-43],[-84,159],[-84,70],[-68,9],[161,-110],[11,-89],[65,-111],[43,45],[68,-29],[30,-179],[37,-302],[49,-251],[-64,281],[-38,273],[-12,-130],[35,-145],[-5,-65],[-73,73],[-1,-94],[-65,-9],[-49,-83],[-50,83],[4,-124],[182,9],[-4,-197],[23,23],[6,122],[35,45],[23,-42],[-1,-178],[-91,-188],[-20,-18],[-87,30],[-12,78],[-58,-54],[-83,68],[18,-49],[105,-91],[23,-41],[-32,-139],[-65,-48],[-58,105],[48,-130],[43,-20],[80,34],[26,-37],[-43,-112],[-60,-50],[-111,1],[-33,-65],[-30,3],[-6,-66],[-103,-170],[-30,-95],[-19,-148],[-7,162],[-17,-181],[-109,4],[-47,-32],[-96,-151],[-60,-177],[-25,-156],[-53,-100],[-47,-30],[-8,-64],[-113,-204],[-94,-83],[-76,7],[45,-62],[-37,-92],[-11,73],[-42,-23],[29,-104],[-43,-72],[-21,-119],[-53,-46],[14,-46],[-37,-77],[6,-122],[-33,-112],[2,-76],[-43,-45],[-22,-229],[38,-425],[37,-336],[98,-523],[104,-397],[-12,-42],[-2,-173],[33,-197],[-43,195],[1,243],[-24,-125],[1,164],[-41,126],[25,-265],[145,-826],[28,-87],[21,-194],[2,-168],[-19,-308],[-5,-210],[-9,32],[-39,-183],[-18,-202],[-33,-71],[-70,-52],[-104,-13],[-16,64],[20,63],[-75,361],[-97,107],[-27,114],[-15,204],[-26,38],[37,139],[-59,-95],[-8,239],[15,49],[-46,-17],[0,-68],[-31,21],[-42,133],[-49,241],[-27,69],[22,17],[66,219],[-50,87],[-23,-169],[-22,-6],[-28,96],[26,275],[24,175],[3,283],[-33,115],[-145,282],[-112,333],[-97,126],[-74,-28],[-20,-111],[-46,-6],[-70,-88],[-144,-65],[-10,137],[-89,173],[20,116],[-38,-29],[-4,-55],[-117,117],[-77,46],[59,22],[-5,45],[-53,1],[-64,-65],[-145,-45],[60,65],[-3,98],[-48,-22],[-31,-141],[-54,-31],[8,70],[-49,-91],[-106,-24],[60,43],[-38,111],[1,79],[-25,93],[-34,-230],[-155,-8],[-59,42],[-89,-59],[-27,10],[-34,-86],[-40,-41],[-102,73],[-25,58],[-50,20],[-52,-169],[66,-78],[50,21],[72,80],[20,-39],[-42,-77],[20,-55],[43,-10],[26,101],[26,-9],[13,-159],[-91,-102],[2,-96],[45,-84],[92,-59],[46,-93],[-39,-131],[-22,45],[-39,-70],[6,62],[-25,87],[-49,77],[-48,21],[-23,88],[-78,56],[29,-75],[-13,-175],[-31,-54],[-47,134],[-57,-17],[-46,-99],[-150,111],[39,21],[-26,98],[-75,69],[-44,134],[-42,3],[-19,60],[-67,-96],[21,-58],[-56,-42],[-114,28],[-140,128],[-145,-6],[-36,-32],[-16,60],[31,73],[-19,46],[-29,-116],[15,-88],[-58,-13],[-181,-178],[62,91],[-70,0],[11,143],[-42,-52],[-36,18],[8,-121],[29,-112],[-70,-143],[-37,-144],[-161,-227],[-106,-107],[62,101],[-101,17],[-21,-44],[-53,81],[32,-155],[29,-22],[-71,-82],[-27,57],[-9,-142],[-35,3],[-62,-56],[34,-36],[-38,-151],[-73,-30],[40,-117],[-25,-177],[-40,-74],[-68,101],[21,-120],[58,-35],[2,-84],[-22,-106],[25,-194],[8,-145],[81,-369]],[[23015,59435],[-59,-64],[-64,80],[-59,41],[-132,49],[-136,161],[-95,75],[-34,222],[-63,207],[4,80],[-19,120],[1,146],[-69,128],[-68,224],[-82,197],[-10,123],[-61,224],[-30,174],[-99,234],[-7,42],[-73,122],[-38,101],[-153,13],[-98,49],[-37,-68],[-38,-12],[-33,-76],[-28,-141],[-16,-160],[-55,-123],[-47,-28],[-165,204],[-38,22],[-114,177],[-29,73],[-49,220],[0,101],[-66,316],[-166,280],[-141,293],[-35,38],[-85,224],[-488,7],[-1,-317],[-785,-3],[-1054,833],[31,146],[-668,-129]],[[17464,64060],[-2,82],[-30,10],[-5,194],[-16,113],[-41,138],[-89,171],[-81,129],[-92,15],[5,81],[-32,112],[-90,5],[-87,61],[-34,103],[-94,113],[-69,-4],[-55,40],[-119,2],[-46,76],[4,349],[-63,94],[0,110],[-78,170],[-40,48],[-17,82],[-89,255],[-59,124],[-11,170],[35,113],[-25,145],[-79,37],[-64,152],[-4,117],[-25,119],[-4,161],[36,12],[4,-94],[83,-124],[-87,339],[47,56],[139,-4],[25,35],[-71,-7],[-42,35],[-34,-41],[-66,56],[-25,-26],[4,-190],[-15,-8],[-114,161],[-18,-47],[5,168],[-39,156],[-47,61],[-115,261],[-5,144],[-28,181],[11,176],[-29,170],[-62,165],[-60,111],[-13,168],[66,337],[-1,131],[19,160],[-13,168],[-36,116],[10,139],[-40,97],[-18,182],[4,143],[-38,161],[54,372],[55,246],[14,452],[14,65],[-3,248],[36,562],[-9,187],[4,210],[10,29],[108,28],[33,-47],[51,-1],[-68,83],[-62,20],[-107,-15],[8,230],[27,-122],[16,160],[-51,60],[-11,83],[75,71],[-75,50],[-7,-56],[-17,178],[-31,138],[-18,179],[-23,88],[-45,85],[-23,174],[-2,161],[149,-97],[55,-52],[189,-35],[48,23],[59,-53],[37,43],[34,-180],[-34,-101],[-12,39],[-64,-170],[-24,-138],[43,143],[63,100],[62,154],[2,-106],[-26,-40],[18,-216],[-7,-79],[-36,16],[-16,-69],[-17,83],[-55,-139],[111,4],[23,93],[53,67],[-11,316],[42,134],[-78,154],[33,28],[-24,74],[-48,50],[46,42],[-13,181],[-30,1],[-38,161]],[[15892,75644],[7608,0],[66,-1],[2,266],[83,-46],[14,-212],[51,-183],[157,-59],[97,-94],[68,25],[23,39],[91,3],[60,-37],[93,-93],[24,-112],[67,43],[47,-25],[41,-74],[94,-98],[83,33],[49,63],[56,4],[27,-67],[181,9],[28,-72],[149,-13],[51,16],[183,172],[65,28],[61,-55],[481,-482],[431,-451],[27,-185],[60,-126],[103,65],[29,-228],[31,-99],[100,22],[41,-86],[-34,-125],[289,-331],[115,-1250],[-75,-350],[-39,-316],[-89,-168],[-57,-60],[-21,-111],[2,-117],[31,-101],[94,-111],[70,0],[323,376],[286,110],[336,307],[34,76],[-42,138],[2,121],[-31,133],[125,111],[73,5],[455,-2],[99,302],[87,173],[76,80],[132,250],[62,89],[89,74],[41,0]],[[29858,70009],[-2,-50],[64,77],[107,26],[-121,-118],[-238,-168],[-20,6],[-176,-65],[7,57],[-44,-9],[43,107],[85,90],[263,51],[98,114],[-66,-118]],[[31059,72364],[-62,23],[31,65],[31,-88]],[[29392,69683],[0,0]],[[30414,70284],[-77,-35],[31,86],[46,-51]],[[30210,70365],[-29,-16],[32,130],[-3,-114]],[[30561,70206],[-70,14],[47,30],[23,-44]],[[28990,66399],[0,0]],[[29015,65965],[0,0]],[[28949,65930],[0,0]],[[28749,65545],[18,80],[50,111],[-68,-191]],[[27212,59782],[0,0]],[[27199,59851],[0,0]],[[27671,58859],[-55,-132],[35,137],[55,139],[-35,-144]],[[24502,61926],[-60,77],[37,22],[30,-40],[-7,-59]],[[23051,60801],[32,152],[17,-20],[-49,-132]],[[23121,60977],[2,36],[66,92],[29,3],[-97,-131]],[[22957,60377],[16,157],[46,181],[20,30],[-53,-198],[-29,-170]],[[23600,61676],[0,0]],[[23008,59575],[-27,120],[-37,345],[4,265],[10,-278],[50,-452]],[[16581,65110],[0,0]],[[16823,64542],[0,0]],[[17125,64268],[-34,8],[-33,121],[67,-129]],[[16654,65036],[-34,-1],[-23,67],[50,9],[7,-75]],[[16699,65149],[89,-52],[-69,-27],[-20,79]],[[17125,64660],[14,-51],[-41,3],[-30,113],[57,-65]],[[15894,75419],[-31,-55],[-26,22],[25,59],[32,-26]],[[15830,75298],[-36,5],[7,74],[29,-79]],[[15952,75056],[57,-121],[-12,-48],[-41,53],[-13,96],[-40,78],[33,102],[24,-64],[-41,-37],[33,-59]],[[30176,70360],[0,0]],[[29407,69091],[0,0]],[[29074,67829],[-13,-11],[68,217],[-55,-206]],[[28737,65554],[0,0]],[[27407,58513],[0,0]],[[27547,58621],[0,0]],[[27600,58691],[0,0]],[[27487,58559],[0,0]],[[27383,62961],[-12,-171],[-6,119],[18,52]],[[27342,58477],[0,0]],[[27726,60362],[-21,69],[-49,334],[70,-403]],[[27282,58438],[0,0]],[[25308,62075],[0,0]],[[25400,62430],[0,0]],[[25535,62455],[0,0]],[[25215,62337],[0,0]],[[25325,62142],[0,0]],[[26414,62026],[0,0]],[[15874,74386],[0,0]],[[16001,74520],[-32,-26],[7,92],[25,-66]],[[15973,74660],[0,0]],[[15883,75249],[-31,37],[18,45],[13,-82]],[[30938,72268],[0,0]],[[42704,40],[1,-40],[-53,54],[52,-14]],[[39693,3115],[111,-30],[71,-141],[34,41],[43,-92],[27,-121],[50,-1],[-5,-110],[32,-37],[-80,-73],[-46,62],[-71,189],[-64,31],[-42,90],[-33,-1],[-136,130],[-37,-8],[3,88],[-91,33],[157,8],[77,-58]],[[70136,35973],[0,0]],[[48418,29906],[0,0]],[[46009,35553],[0,0]],[[14364,23995],[0,0]],[[32499,53989],[0,0]],[[33652,5083],[43,-41],[53,14],[35,-46],[-39,-36],[13,-59],[66,-49],[-15,85],[23,37],[64,14],[47,-94],[-42,-46],[46,-37],[-13,-51],[-86,-40],[-52,-69],[-96,-51],[8,-115],[-151,58],[36,-110],[-76,-16],[-15,-79],[-70,122],[31,116],[-10,32],[86,132],[56,36],[-10,137],[58,94],[10,62]],[[33253,4948],[41,-14],[62,66],[36,-41],[111,60],[33,-47],[-181,-382],[-90,-11],[-30,-108],[-43,-39],[-50,4],[-76,93],[55,78],[48,-4],[98,127],[-11,38],[-62,-28],[-23,31],[94,52],[-73,108],[-17,90],[78,-73]],[[33050,4720],[40,-6],[-20,-107],[-55,75],[35,38]],[[33767,4561],[0,0]],[[33302,4994],[-38,0],[-7,81],[57,-19],[-12,-62]],[[33421,4406],[0,0]],[[27397,54782],[73,-31],[-83,-19],[10,50]],[[27783,55035],[0,0]],[[27827,55037],[0,0]],[[32019,63892],[0,0]],[[32112,54159],[0,0]],[[32057,54116],[0,0]],[[32142,54354],[0,0]],[[30094,56482],[-52,55],[50,-7],[2,-48]],[[30033,56535],[-39,55],[25,24],[14,-79]],[[29907,56543],[40,-58],[-40,-8],[0,66]],[[32736,52946],[0,0]],[[49439,75812],[2,-36],[-63,-3],[5,64],[56,-25]],[[49302,75997],[0,0]],[[48774,79298],[-56,-89],[-48,10],[24,107],[53,107],[37,11],[11,-87],[-21,-59]],[[49258,77495],[-86,-59],[-87,-105],[-75,17],[-56,89],[-50,40],[-81,-20],[40,64],[-82,57],[-59,-2],[-84,-79],[-62,56],[-38,123],[48,81],[196,142],[65,91],[47,152],[-28,46],[11,68],[-17,149],[-71,-13],[-90,-64],[12,60],[65,86],[21,64],[61,80],[83,59],[135,31],[63,-61],[-19,95],[28,23],[42,-54],[-42,114],[39,155],[-30,29],[2,93],[35,38],[9,153],[-83,-35],[-43,71],[-69,168],[-6,68],[35,147],[55,94],[64,33],[-110,7],[-97,-66],[-49,-62],[-49,-2],[-47,40],[-59,-54],[-84,61],[-26,-110],[-62,118],[-10,91],[32,1],[25,114],[80,247],[-13,69],[-46,71],[5,123],[18,46],[62,-1],[-72,79],[-69,-45],[-38,-71],[-5,81],[20,82],[-30,-19],[-38,-97],[13,-88],[-51,-308],[-25,-44],[-34,48],[24,161],[49,125],[-32,8],[3,170],[61,324],[56,171],[-129,-159],[-59,21],[-29,90],[-45,20],[112,95],[-37,35],[75,140],[9,92],[-65,103],[10,85],[49,33],[-45,86],[38,149],[125,0],[-66,115],[16,137],[91,17],[-20,58],[4,123],[40,48],[58,-55],[62,41],[16,-39],[68,31],[204,42],[111,13],[-13,-142],[-31,-79],[-216,-255],[-12,-75],[49,-24],[-61,-99],[-16,-70],[74,16],[129,76],[89,-25],[63,13],[170,-8],[47,16],[58,-64],[25,-83],[-68,-166],[-19,-110],[-47,-168],[-93,-212],[-50,-56],[-76,-23],[-46,-46],[91,9],[65,-56],[-32,-81],[-59,-6],[-55,-80],[-51,-37],[-93,25],[24,-33],[156,-45],[58,52],[66,1],[126,-88],[137,-234],[64,-383],[37,-177],[38,-84],[134,-106],[84,-159],[79,-113],[-34,-68],[27,-110],[63,-180],[-53,24],[-55,66],[-6,-32],[117,-157],[40,-94],[23,-123],[-86,-179],[65,-69],[29,12],[49,100],[138,-6],[90,-46],[77,-98],[25,-201],[-52,-268],[-68,-92],[-11,-78],[-49,-43],[-40,16],[-57,-55],[41,-28],[-2,-83],[-83,-37],[26,-93],[57,-19],[146,2],[-5,-127],[-98,-95],[-24,-86],[-76,-28],[-134,-86],[-113,36],[-162,-34],[-175,92],[23,-54],[-51,-51],[-143,-16],[-1,-86],[-87,24],[-55,-14],[-64,62],[-62,8],[-112,-59],[-23,-60],[-27,-159],[-58,-65],[-106,114],[-92,-35],[-87,-60],[-113,-165],[-58,58],[-52,-37],[14,102],[64,35],[210,373],[17,142],[63,35],[30,113],[96,30],[130,-24],[66,6],[196,377],[-66,-83]],[[48834,78690],[31,-40],[-80,-91],[-50,88],[-4,89],[70,22],[33,-68]],[[49291,82850],[-15,40],[55,6],[-40,-46]],[[49710,83752],[-34,63],[20,82],[14,-145]],[[49636,83769],[42,-85],[29,19],[-41,-308],[-27,-90],[-16,23],[22,143],[-13,52],[-44,-11],[-51,77],[81,36],[-21,95],[-28,9],[38,83],[29,-43]],[[49784,83962],[-14,-90],[-28,79],[42,11]],[[49120,82542],[-31,-9],[-34,71],[36,16],[29,-78]],[[49186,82505],[-30,57],[39,3],[-9,-60]],[[49150,82708],[82,-52],[-28,-46],[-36,34],[-48,-14],[-46,36],[6,113],[72,-23],[-2,-48]],[[49241,82818],[-79,74],[11,39],[68,-113]],[[48164,80987],[0,0]],[[48581,80188],[-62,22],[-17,97],[20,64],[44,-30],[15,-153]],[[48395,80818],[-149,-36],[35,45],[13,94],[-47,43],[6,42],[51,24],[44,-78],[51,-31],[-4,-103]],[[48297,80527],[20,-147],[-9,-46],[-60,-35],[-8,118],[-45,-45],[14,85],[88,70]],[[48341,80445],[-28,55],[44,58],[-7,49],[59,52],[-68,-214]],[[48278,82239],[-36,-123],[-63,-68],[36,-50],[-72,-78],[-76,-113],[-35,45],[61,84],[-54,49],[-9,65],[22,94],[80,-22],[-18,61],[153,154],[11,-98]],[[48255,81254],[-42,38],[30,23],[12,-61]],[[48293,81635],[2,-135],[130,-61],[-78,-128],[-24,110],[-80,1],[-33,88],[-65,25],[-24,56],[41,84],[102,62],[29,-102]],[[47998,81760],[31,-40],[-25,-65],[-38,0],[-50,72],[82,33]],[[47986,81360],[-37,11],[-8,176],[40,-6],[5,-181]],[[47939,81255],[0,0]],[[48272,79230],[-120,-21],[1,74],[-33,23],[-31,94],[-48,55],[-42,-75],[13,-44],[-56,-83],[-69,16],[-69,50],[-9,49],[-65,91],[21,70],[83,72],[-39,36],[93,71],[48,183],[44,45]],[[47994,79936],[33,-30],[43,94],[131,41],[96,-16],[40,-132],[75,-150],[1,-42],[-47,-51],[83,-15],[27,-156],[-52,76],[4,-118],[28,-8],[-14,-69],[-61,-26],[-53,-130],[-56,26]],[[49704,76839],[-67,-72],[-59,81],[57,49],[69,-58]],[[65638,59217],[18,-58],[7,-415]],[[65663,58744],[-90,-169],[-41,164],[-34,-73],[-7,-266],[10,-99],[-13,-75],[47,-20],[16,-106],[-122,-51],[-22,-35],[11,-153],[-85,-485],[-4,-233]],[[65329,57143],[-23,-58],[-708,219],[-267,807],[-7,145]],[[64324,58256],[55,-22],[7,-126],[32,-63],[95,7],[111,112],[105,-5],[84,-35],[157,-15],[140,142],[38,178],[59,196],[97,163],[57,137],[61,184],[117,209],[38,189]],[[65577,59507],[24,-11],[-6,-251],[43,-28]],[[65633,58925],[0,0]],[[64814,58237],[-39,23],[70,56],[-31,-79]],[[64615,58258],[0,0]],[[64979,58180],[-35,-30],[-46,24],[55,63],[26,-57]],[[65129,58367],[0,0]],[[60614,74306],[-186,-12],[-56,-111],[-34,0],[-80,-65],[-38,-77],[-29,35],[-72,-23],[-42,-52],[-71,6],[-55,-30],[-118,-171],[-40,-125],[-67,-69],[73,122],[-13,114],[-47,-122],[-59,-55],[2,-142],[40,-179]],[[59722,73350],[-56,41],[-31,131],[-66,-8],[-27,67],[-91,32],[-61,71],[-41,8],[-18,-86]],[[59331,73606],[-46,-28],[-63,83],[-72,-36],[-129,-28],[-123,124],[-71,45],[59,28],[5,46],[-82,30],[-44,58],[224,-56],[60,99],[-62,-36],[-63,23],[-43,79],[-9,192],[-51,162],[43,-201],[-11,-195],[-95,11],[9,79],[-45,-105],[-73,-3],[-95,-51],[-21,-130],[-58,-184],[-81,-168],[-111,-95],[-38,16],[-23,-51],[35,-238],[-6,-59]],[[58251,73017],[-38,78],[-46,34],[-50,-11],[-128,-119],[-86,41],[-67,111]],[[57836,73151],[80,47],[-2,105],[66,131],[2,60],[58,79],[17,89],[-18,79],[4,119],[53,49],[16,-104],[28,61],[86,-48],[25,36],[37,-70],[81,52],[-57,81],[5,130],[-18,74],[-85,95],[-17,116],[11,83],[-109,147],[-10,53],[25,141],[-5,107],[-28,65],[-33,-30],[-56,131],[-67,22],[-19,-42],[-48,104],[-56,13],[-75,112],[-75,44],[-89,-75],[-106,11],[-63,-90]],[[57394,75128],[-87,-39],[-40,-149],[-194,-57],[-82,-62],[-27,-55],[-50,-19],[-87,150],[-112,-18],[-152,63],[-61,-4],[-57,67],[-91,-97]],[[56354,74908],[-30,114],[-52,18],[-64,86],[-27,106],[-34,-1]],[[56147,75231],[3,114],[43,83],[67,272]],[[56260,75700],[75,-36],[11,42],[-39,64],[7,87],[-23,171],[107,254],[188,336],[73,23],[33,146],[-32,119],[35,42],[-33,67],[-34,130],[-55,130],[-17,146]],[[56556,77421],[29,87],[68,-40],[48,56],[66,143],[251,50],[183,-17],[147,-71],[138,-42],[53,-1],[35,-98],[92,-8],[39,-84],[33,78],[42,-23],[48,33],[116,-46],[36,-76],[18,54],[95,75],[58,-165],[58,36],[168,31],[48,-107],[59,-43],[24,64],[-27,169],[37,154],[87,163],[66,3],[36,39],[116,-3]],[[58823,77832],[58,-39],[86,48],[22,111],[40,26],[109,-37],[69,59],[163,3],[52,-66],[53,-191],[79,-140],[-5,-45],[-72,-26],[45,-259],[-13,-48],[71,-5],[62,-45],[97,22],[27,-100],[42,-13],[36,-222],[-8,-132],[50,-121],[23,-16],[60,64],[63,-20],[52,-90],[54,0],[33,-50],[39,58],[185,84],[44,-84],[34,-128],[95,-133],[59,93],[53,-62],[55,-8],[75,-91],[71,22],[36,-80],[44,-10],[89,-109],[69,17],[27,-160],[-16,-119],[-50,-96],[-57,-39],[19,-66],[65,-44],[-79,-79],[-16,-105],[53,-34],[34,-192],[-62,-299],[-96,-8],[-136,15],[-50,-99],[-120,-109],[-22,-185],[20,-14],[-19,-130]],[[58892,73681],[38,-34],[-125,41],[-17,42],[104,-49]],[[59417,40459],[-850,0],[-93,-45]],[[58474,40414],[-41,-6],[-72,-207],[-61,-58],[-16,82],[-69,-37]],[[58215,40188],[-4,289],[24,311],[-4,66],[23,380],[61,282],[2,225],[67,109],[38,149],[44,38],[129,312],[86,255],[6,71],[-87,181],[-65,37],[33,275],[-26,137],[43,259],[-19,57]],[[58566,43621],[25,101],[62,107],[91,-74],[41,15],[47,71],[40,-137],[44,-56],[66,125],[139,65],[44,57],[44,-74],[93,-14],[135,328]],[[59437,44135],[53,-287],[63,-85],[14,-60],[-12,-137],[13,-175],[21,-31],[19,-137],[42,-75],[45,-238],[-6,-44],[23,-250],[0,-295],[-50,-184],[1,-106],[-39,-32],[-46,-101],[-20,-123],[-69,-184],[-35,-219],[-26,-85],[-11,-828]],[[64752,68473],[-18,66],[3,99],[15,-165]],[[68478,67449],[-115,47],[-96,108],[-34,-71],[-24,-152],[-129,-10],[-76,-74],[-85,-557],[-42,-81],[-74,-80],[-23,-70],[-41,0],[-210,-136],[17,-99],[-31,-164],[-102,-134],[-63,-3],[-43,-56],[-15,56],[-75,136],[-73,-17],[-49,27],[-55,120],[-23,-7]],[[67017,66232],[-3,175],[-28,77],[17,86],[-11,134],[-1,199],[-14,49],[-216,-3],[-78,229],[-31,55],[-108,97],[-54,109],[-18,124],[-135,122],[-106,-32],[-48,20],[-42,82],[-111,86],[-80,30],[-64,189],[-79,-2],[-37,26],[-93,-1],[-59,-124],[-180,19],[-55,-34],[-85,-105],[-63,-126],[-29,-156],[-153,-119],[-77,8]],[[64976,67446],[-26,411],[9,252],[-4,161],[13,246],[-45,168],[-6,75],[-63,68],[-58,26],[-31,-55],[-9,118],[31,124],[43,-51],[59,7],[-36,86],[4,169],[-23,36],[-116,19],[-25,-52],[-42,216],[-3,126],[32,202],[26,248],[56,-150],[52,-30],[78,25],[42,-107],[29,-12],[90,50],[51,-19],[-16,100],[63,-2],[46,41],[-2,127],[-31,86],[-86,120],[-52,110],[-69,402],[-62,32],[-94,-39],[-34,9],[-54,-83],[-43,-186],[19,-42],[-15,-218],[9,-93],[-70,225],[-32,176]],[[64581,70568],[56,116],[100,143],[175,105],[121,27],[155,-181],[62,-112],[14,-77],[82,-248],[52,-114],[31,-23],[120,42]],[[57213,69411],[-64,-22],[1,64],[49,30],[14,-72]],[[61530,70383],[87,-60],[28,45],[80,-6],[71,-33],[28,84],[61,3],[106,-194],[10,-63],[43,-6],[22,-59]],[[62066,70094],[53,-125],[26,-147],[-43,-167],[39,-223],[-12,-28],[94,-79],[79,19],[75,-108],[58,-129]],[[62435,69107],[14,-38]],[[62449,69069],[-64,83],[-37,-71],[-18,-172],[-102,-32],[16,-112],[27,-52],[-9,-106],[35,-111],[-4,-95],[17,-230],[31,-12],[-22,-148],[-39,-168],[97,-115],[4,-218],[61,-102],[-8,-104]],[[62434,67304],[-44,24],[-90,-140],[-22,52],[-13,163],[-40,22],[-49,-64],[-89,15],[-117,86],[-44,-30],[-45,34],[-88,-171],[-27,-15]],[[61766,67280],[-25,119],[-58,-50],[-152,-82],[-69,-14],[-85,28],[-70,-8],[-192,-191],[-183,-102],[-164,8],[-90,119],[-70,28],[-210,-182],[-102,6],[-35,75],[-79,31],[-33,-243],[27,-157],[-72,-44],[-8,-118],[-41,-47],[-13,-73],[-72,58]],[[59970,66441],[17,58],[-40,219],[20,68],[85,178],[-3,104],[-36,73],[-108,-131],[-34,-90],[-40,-15],[-60,42],[-102,116],[-58,-11],[-84,-127],[-77,-185],[-91,-112],[-213,-60],[-37,-43],[-72,46],[-44,58],[-99,248],[-67,54],[-119,133],[-196,45],[-18,-48],[-6,-191],[-21,-151],[-27,-48],[-43,45],[-151,-106],[-94,72],[-57,98],[-29,208],[-89,5],[-65,73],[-50,6],[-30,-89],[-49,-36],[18,82],[-78,-11],[-41,-43],[-56,26],[49,53],[84,16],[86,154],[-160,-15],[-89,9],[-27,42],[79,59],[-4,60],[-84,99],[-39,210],[41,26],[2,179],[-80,59],[-73,95],[-28,-34],[-81,90],[39,115],[-14,129],[37,4],[23,-149],[74,-32],[66,30],[-73,100],[-20,107],[69,125],[-41,25],[-16,64],[13,72],[-48,124],[64,159],[-24,32],[-198,-68],[19,368],[37,25],[45,121],[73,143],[76,-3],[75,42],[54,-96],[70,7],[33,37],[-22,90],[61,-14],[-17,-77],[100,16],[95,-19],[105,10],[13,24],[-74,77],[47,68],[247,76],[-134,50],[-88,139],[28,151],[48,4],[166,-54],[119,33],[129,-79],[123,16],[57,149],[174,190],[61,98],[66,54],[112,61],[121,88],[225,-38],[155,-5],[71,75],[42,-25],[-9,-96],[48,-114],[73,-67],[100,56],[37,-22],[35,-180],[63,-107],[29,-8],[74,71],[60,-62],[21,-64],[101,-50],[93,-24],[40,-55],[131,-54],[49,8],[82,57],[159,63],[106,-87],[89,-28],[38,13],[193,176],[126,149],[27,66]],[[57781,70701],[-7,-80],[58,-212],[41,-62],[167,-153],[31,-13],[-28,-156],[-49,-24],[-169,75],[-69,-64],[-49,16],[-69,-28],[-19,-94],[-48,-107],[-135,-133],[-123,-264],[-35,-34],[14,169],[54,91],[76,70],[20,58],[-191,-11],[-19,82]],[[57232,69827],[82,160],[0,200],[81,115],[-12,140],[-72,81]],[[57311,70523],[11,60],[42,18],[29,97],[74,19],[36,47],[78,15],[67,-112],[96,46],[37,-12]],[[53195,64517],[-14,-380],[22,-82],[-8,-79],[-188,-234],[-61,-106],[-37,-137],[-47,-22],[-53,-169],[36,-304],[-8,-175],[-89,-279],[-104,-111]],[[52644,62439],[-132,1297],[-198,332],[-34,269],[-37,115],[-96,126],[-64,397],[4,174],[65,123],[25,109],[79,108],[34,120],[18,247],[23,84],[-21,140],[0,177],[-20,152],[29,350],[-39,90],[44,96],[21,91],[44,51],[-7,73]],[[52382,67160],[68,42],[89,139],[152,102],[52,-60],[89,-34],[-2,-121],[40,-119],[-11,-59],[33,-35],[44,104],[54,36],[52,91],[28,9],[20,-140],[-44,-92],[-47,-176],[-76,-119],[-13,-105],[31,-202],[115,-179],[11,-210],[21,-66],[-70,-251],[-92,-239],[-93,-140],[-38,-94],[-4,-110],[30,-145],[82,-132],[72,19],[3,-123],[49,13],[16,66],[36,-45],[18,-136],[33,-59],[-19,-26],[84,-47]],[[53132,65623],[-43,-51],[37,98],[6,-47]],[[53043,64897],[-65,12],[6,105],[49,3],[32,-76],[-22,-44]],[[33123,49032],[13,69],[51,34],[-6,-43],[-58,-60]],[[33052,48297],[-45,-40],[-203,-6],[113,140],[9,191],[-9,70],[-43,56],[78,55],[126,31],[-32,-120],[-1,-132],[19,-112],[-12,-133]],[[1344,26267],[1,-67],[-57,110],[56,-43]],[[1680,28047],[0,0]],[[1413,26174],[0,0]],[[50250,48901],[-32,-199],[-6,-228],[157,-274],[5,-302],[10,-145],[60,-219],[7,-548],[0,-897],[-26,-3],[20,-179],[-7,-36],[46,-184],[9,-92],[-43,-55]],[[50450,45540],[-121,-90]],[[50329,45450],[-56,163],[-69,93],[-59,280],[31,354],[-35,57],[-3,79],[30,128],[-6,293],[29,112],[-20,123],[-56,122],[-12,75],[32,65],[-6,186],[17,199],[-22,58],[-60,-12],[25,157],[16,426],[-45,69],[-77,169],[-9,60],[28,215],[-22,66]],[[49980,48987],[154,-87],[116,1]],[[84901,35436],[-19,-121],[-20,26],[39,95]],[[84740,34471],[-27,153],[2,70],[48,50],[-14,84],[-35,-42],[-14,85]],[[84700,34871],[71,208],[56,51],[118,58],[226,23],[97,101],[91,-76],[-106,-205],[-69,-47],[-50,-92],[-89,-59],[-61,-89],[-29,-5],[-120,-102],[-95,-166]],[[84454,34590],[45,61],[68,46]],[[84567,34697],[-9,-87],[-36,-80],[-53,8],[-15,52]],[[78501,49382],[0,0]],[[78451,49602],[-35,-6],[5,114],[30,-108]],[[77335,46726],[-31,-89],[-10,106],[11,148],[37,-36],[-7,-129]],[[77811,55463],[5,-50],[49,99],[56,-147],[7,-63],[-41,-234],[7,-78],[57,-102],[94,78],[69,-44],[-4,-155],[24,-247],[-33,-252],[-32,-149],[24,-85],[-7,-178],[-57,-316],[55,-74],[127,240],[35,49],[24,101],[48,34],[56,86],[56,-111],[69,-84],[17,-77],[16,53],[93,95],[27,136],[36,59],[2,73],[56,7],[84,-72],[44,2],[133,-436],[87,-167],[21,-114],[-16,-157],[-2,-302],[19,-128],[36,-89],[27,-126],[100,-122],[-2,-111],[62,-91],[-2,-149],[-29,-90],[-6,-164],[16,-137],[-20,-284],[-81,-129]],[[79217,51261],[-31,-84],[-29,98],[-53,43],[-102,-41],[-51,19],[-113,-24],[-61,42],[-111,-63],[-81,-137],[-50,-208],[-51,-128],[0,-52],[-63,-32],[3,-178],[37,-192],[10,-243],[71,-171],[-13,-120],[8,-117],[55,-270]],[[78592,49403],[-40,128],[-8,88],[-46,134],[-15,-66],[-87,156],[-54,141],[-86,111],[-78,-50],[-98,39],[-38,-37],[-25,66],[23,332],[4,173],[-85,62],[-117,-25],[-60,-93],[-8,-77],[28,-139],[-35,-251],[12,-235],[-5,-130],[-42,-165],[-11,-132],[-48,-201],[-31,-255],[-8,-149],[-56,-225],[-33,-176],[8,-101],[-9,-311],[35,-225],[-9,-105],[39,-36],[91,71],[31,-18],[20,-124],[15,-311],[47,-171],[9,57],[33,-169],[48,-582],[25,-151],[-29,38],[-16,183],[-27,7],[9,116],[-44,8],[13,-160],[61,-220],[45,-8],[57,-128],[63,-94],[79,34],[54,-31],[32,-78],[52,-197],[84,-163]],[[78361,45558],[-13,-103],[-33,-82],[-18,-109],[-62,-20],[-26,78],[-83,-83],[-40,-107],[-36,94],[26,131],[-6,201],[-50,2],[-23,127],[-124,87],[-23,94],[-24,-8],[-16,-162]],[[77810,45698],[-69,217],[-48,89],[6,162],[-46,79],[12,96],[-66,12],[-16,133],[-33,110],[-29,0],[-8,120],[-72,121],[-24,138],[-35,62],[-44,-117],[-32,34],[-22,223],[5,158],[23,142],[13,226],[33,191],[20,194],[39,248]],[[77417,48336],[18,170],[-3,161],[120,313],[80,357],[38,119],[-42,288],[-16,251],[-52,135],[-31,256],[19,92],[-11,340],[-56,234],[-101,219],[-90,320],[-15,274],[103,140],[-1,257],[9,199],[63,91],[19,121],[-14,46],[-41,-79],[-59,300],[-11,172],[-50,121],[-129,375],[-26,107],[6,144],[-34,187],[-21,-5],[-40,139],[97,55],[7,34],[-13,219],[27,140],[4,232],[48,136],[7,68],[62,-42],[71,8],[74,49],[43,1],[20,62],[9,127],[49,52],[39,-26],[46,77],[-12,123],[50,-30],[70,74],[64,-76]],[[77798,47989],[0,0]],[[77797,47911],[-5,-88],[-25,-28],[-3,112],[33,4]],[[77683,45755],[0,0]],[[77386,46748],[0,0]],[[77307,47535],[0,0]],[[77521,46508],[0,0]],[[60971,36819],[21,-150],[-26,-46],[-16,74],[-50,52],[-17,72],[3,170],[33,147],[34,-277],[18,-42]],[[61073,37712],[-3,-246],[-29,-132],[-29,53],[15,179],[-7,131],[53,15]],[[58541,35398],[-95,516],[-26,181],[-58,203],[-110,210],[-47,213],[-17,204],[36,212],[-18,157],[-56,364],[-5,104],[22,271]],[[58167,38033],[87,-4],[64,104],[56,157],[33,165],[23,50],[21,134],[57,120],[-6,37],[50,64],[-3,204],[-96,78],[11,127],[-13,37],[36,170]],[[58487,39476],[76,43],[13,137],[-16,124],[-2,285],[-28,117],[-22,20],[-45,167],[11,45]],[[59417,40459],[21,0],[102,-141],[916,-1297],[11,-183],[-21,-108],[53,-151],[395,-717]],[[60894,37862],[-67,-581],[-44,-253],[-5,-135],[20,-184],[70,-158],[45,-182],[51,-45],[20,-103],[-7,-70],[-46,-153],[-18,-124],[-1,-190],[40,-18],[3,-140],[-28,-162],[-10,-142],[21,-195],[30,-99],[-10,-57],[53,-176],[-5,-152],[44,-356],[-16,-60],[39,-15],[33,-97],[28,2],[84,-139],[21,-78]],[[61239,33800],[-132,-251],[-47,-64],[-71,-47],[-67,-101],[-93,-31],[-53,-44],[-84,-130],[-88,95],[-71,-11],[-25,-132],[-80,-136],[-90,-8],[-44,67],[-52,14],[-55,-79],[-103,-16],[-109,177],[-35,2],[-43,-91],[-187,2]],[[59710,33016],[-30,160],[-21,7],[-49,214],[18,230],[-22,131],[-4,199],[-26,206],[-43,153],[-90,166],[-15,-124],[-68,52],[-77,-7],[-25,62],[-56,17],[-58,62]],[[61030,35550],[-30,30],[85,201],[-23,-177],[-32,-54]],[[69710,69483],[-3,-36],[-84,-73],[-36,-94],[-18,70],[-134,108],[-122,-74],[-27,-132],[-35,41],[-21,-146],[19,-166],[83,34],[180,-22],[41,28],[60,-12],[34,-107],[76,-1],[17,58],[112,77],[9,-88],[64,-39],[20,-104],[66,54],[52,-102],[36,92],[78,34],[65,-18],[100,10],[66,61],[45,-9]],[[70453,68927],[-7,-154],[52,-160],[-28,-104],[30,-174],[62,-47],[29,85],[41,-1],[130,-105],[25,-75],[-18,-91],[46,-353],[-12,-121],[57,-105],[6,-47],[-64,-108]],[[70802,67367],[-64,115],[-111,14],[-26,-60],[-116,-69],[-34,21],[26,111],[-66,37],[-75,-45],[-88,-99],[-66,-168],[-83,-32],[-57,-58],[-98,-145],[-57,27],[-45,278],[20,334],[21,184],[-8,49],[-76,-11],[15,178],[-21,96],[-57,78],[-48,27],[-73,-86],[-55,-182],[-57,-107],[11,-183],[-37,-85],[-50,40],[-87,-4],[-37,-29],[-26,-108],[4,-135],[-41,-70],[-85,153],[-81,-47],[-103,-120],[-64,-97],[-30,15],[-56,141]],[[69639,69192],[-40,-24],[-21,65],[61,-41]],[[83613,57084],[-31,-170],[-16,-319],[-42,76],[-3,89],[-27,138],[-71,131],[-26,124],[-44,304],[19,175],[-3,179],[138,581],[76,235],[39,155],[90,89],[23,63],[40,19],[72,-121],[21,-92],[-32,-160],[4,-149],[-25,-175],[-27,-109],[-45,-497],[-22,-177],[-66,-279],[-42,-110]],[[82890,58422],[7,-75],[-38,15],[31,60]],[[61766,67280],[-3,-33],[-156,-327],[-103,-58],[-34,-92],[-14,-218],[30,-186],[1,-119],[-39,-248],[-6,-365],[-57,-239],[-83,-69],[-532,-675]],[[60770,64651],[-200,-266],[-343,-477],[-124,49],[-43,77],[-44,27],[-46,126],[-30,15]],[[59940,64202],[28,148],[-28,244],[15,87]],[[59955,64681],[51,104],[-23,74],[42,115],[71,-3],[-14,93],[44,69],[36,115],[-22,149],[-50,57],[30,70],[-127,11]],[[59993,65535],[-22,157],[-2,147],[15,115],[-12,138],[-38,107],[36,242]],[[52645,74610],[28,-40],[-27,-138]],[[52646,74432],[-11,-147],[26,-3]],[[52661,74282],[73,-35],[9,-49],[71,-61],[60,94],[29,-84]],[[52903,74147],[-15,-141],[9,-81],[-65,50],[-31,-15],[-13,-82],[30,-162],[-29,-11],[-29,87],[-83,-46],[-31,7],[-28,124],[-46,-5],[-3,-132],[-63,-166],[6,-124],[-25,-32],[-49,117],[11,57],[-49,24],[-51,95],[-4,110],[-20,30],[-81,-133],[12,-67],[-36,-102],[-57,-66],[-69,39],[-114,-68],[-30,32]],[[51950,73486],[-69,168],[12,77],[-16,99],[-92,11],[-57,-78],[14,-48],[-52,-74],[-32,48],[35,45],[-10,105],[28,129],[69,101],[13,136],[47,40],[104,224],[-28,50],[43,67],[41,-40],[61,16],[54,97]],[[52115,74659],[86,-21],[76,31],[60,-13],[40,25],[-43,45],[59,55],[73,-77],[84,10],[95,-104]],[[55298,81867],[-72,-91],[-7,-157],[33,-59],[-35,-27],[-23,-83],[-45,-32],[-42,-77],[-13,-77],[-54,-41],[39,115],[-50,133],[13,47],[-5,153],[112,193],[84,49],[65,-46]],[[54591,80780],[-36,14],[3,182],[61,217],[27,17],[83,312],[25,-18],[-94,-362],[-69,-362]],[[53163,82712],[23,-89],[48,12],[19,65],[24,191],[-33,213],[43,73],[27,118],[66,34],[88,137],[28,242],[-9,66],[-67,244],[-5,78],[108,31],[54,215],[-79,133],[-122,126],[38,315],[3,83],[-52,216],[-2,230],[30,57],[-60,205],[59,141],[-11,73],[143,255],[83,65],[87,17],[183,-43],[51,113],[-18,204],[-119,83],[129,256],[102,250],[19,243],[24,140],[-26,200],[170,44],[92,80],[-17,130],[128,196],[144,202],[9,70],[-86,190],[19,56],[73,33],[36,54],[55,188],[150,147],[164,-98],[73,166],[-4,230],[60,24],[108,-44],[79,-5],[255,-96],[75,86],[-76,45],[50,46],[48,103],[5,103],[-62,85],[141,11]],[[55728,89750],[76,-40],[6,-51],[74,-55],[120,-125],[106,-92],[218,-91],[88,-94],[23,-85],[38,-5],[89,-124],[-38,-55],[11,-184],[-21,-116],[74,-19],[12,-66],[-43,-102],[15,-81],[87,-182],[-34,-164],[-46,-68],[-8,-70],[22,-133],[43,-31],[40,-111],[29,-130]],[[56709,87476],[-73,-16],[-56,32],[-130,-29],[-33,-36],[-99,95],[-58,-54],[-48,34],[-31,-172],[-93,-46],[-11,-76],[-87,-12],[0,-108],[-33,47],[37,-113],[-43,-104],[-80,-143],[39,-59],[32,-127],[35,-58],[-15,-58],[-124,-142],[-71,-218],[-86,-67],[-69,-78],[-81,-37],[-53,-103],[-61,32],[-2,-60],[-39,38],[-33,-92],[-56,-77],[-61,14],[12,-36],[-70,-20],[-21,-81],[-61,-47],[53,-5],[-11,-66],[-60,-32],[-98,-14],[22,-77],[-19,-43],[37,-41],[-57,-69],[-73,-37],[-44,41],[5,-122],[57,-72],[-35,-47],[-37,-211],[25,-128],[-75,28],[-18,-105],[2,-136],[17,-49],[1,-254],[21,-98],[-8,-78],[31,-43],[54,2],[29,-76],[82,39],[16,-56],[66,-105],[85,-76],[-6,-71],[70,-52],[41,-96],[10,-130],[-109,-135],[-100,-102],[-70,-43],[46,-31],[105,65],[30,-57],[-56,-26],[-36,-127],[-127,-109],[-103,-68],[-31,-55],[-102,-89],[-184,7],[-29,-19],[160,-36],[38,-65],[-76,-41],[33,-155],[-20,-38],[-1,-171],[-39,-74],[27,-219],[-49,-166],[15,-139],[-50,-252],[-55,-147],[-43,-196],[-47,-69],[-56,43],[-83,-24],[-77,15],[-93,-27],[11,-71],[-54,11],[-96,-152],[-3,-73],[38,-142],[-46,-92],[-102,22],[-135,-58],[-121,46],[25,199],[-10,79],[-97,233],[-23,110],[55,-41],[26,20],[-40,124],[56,9],[7,116],[-46,32],[-40,113],[-42,58],[-75,226],[-27,155],[-26,-15],[-23,178],[-40,27],[-9,180],[-42,20],[-28,82],[-5,156],[-51,21],[6,75],[-17,275],[-17,86],[13,63],[54,-30]],[[55321,81928],[-6,42],[54,-13],[-48,-29]],[[55115,82707],[0,0]],[[55165,83018],[0,0]],[[58874,22897],[31,-43],[-5,-185],[18,-168],[2,-225]],[[58920,22276],[-33,16],[-14,-251],[4,-93],[-136,7],[-54,40],[-59,89],[-50,225],[-25,20],[3,247],[112,401],[58,68],[127,-165],[21,17]],[[34956,44936],[-82,-243],[-5,-186],[6,-186],[27,-303],[100,-327],[-5,-99],[-50,-190],[-2,-254],[-57,-251],[-60,-95]],[[34828,42802],[-29,81],[-36,-1],[-35,111],[-58,-35],[-55,-76],[-96,-24],[-57,78],[-54,-153],[60,-183],[-4,-107],[-25,-32],[-129,71]],[[34310,42532],[-62,66],[-63,252],[-27,171],[-50,173],[-6,159],[-20,188],[-68,-17],[-27,30],[-1,86],[-51,112],[-9,78],[-46,151],[-7,120],[30,125],[28,224],[-19,107],[57,120],[105,21],[35,136],[-31,86],[34,149]],[[34112,45069],[39,275],[24,38],[140,-39],[146,-100],[31,117],[50,17],[75,-23],[64,29],[87,-4],[133,-55],[84,-72],[2,-140],[-31,-176]],[[58566,43621],[-23,94],[-47,0],[-22,149],[-87,103],[-90,243],[-54,183],[-58,17],[-23,-80],[-65,-77],[-59,70],[-59,12],[-83,-127],[-65,18],[-59,128],[-54,79],[-34,142],[-48,86],[-25,99]],[[57611,44760],[-40,127],[-8,192],[-40,151],[-100,156],[-59,50],[-57,272],[15,126],[-53,103],[-37,123],[-41,77],[-141,189],[-53,131],[16,144],[-110,291],[-32,38],[-124,70],[-31,119],[11,104],[-20,40]],[[56707,47263],[18,72],[89,84],[32,206],[7,148],[30,97],[1,174],[61,197],[17,168],[204,89],[16,-10],[17,-167],[70,-143],[106,-309],[59,-19],[86,81],[202,-19],[23,9],[46,-191],[221,-2],[-2,94],[39,95],[73,87],[64,35],[37,108],[0,101],[111,150],[131,-210],[73,-167],[135,40],[119,297],[56,181],[22,130],[131,278],[-19,180],[-1,283],[-73,205],[185,2],[-4,150],[132,-4],[-17,-194],[-4,-175],[-14,-72],[28,-521],[-9,-79],[67,-65],[22,-67],[120,-248],[18,-102],[1,-147],[-18,-89],[-1,-180],[52,-1]],[[59466,47823],[4,-618],[-39,-98],[-151,3],[-49,-36],[-61,-313],[0,-59],[59,-76],[122,-63],[66,-113],[33,-100],[12,-100],[59,-157],[57,-73],[63,-168],[69,-433],[7,-131],[27,-131],[52,-127]],[[59796,45030],[-359,-895]],[[56707,47263],[-130,47],[-39,59],[4,90],[-24,120],[43,159],[7,340],[-28,145],[-65,252],[-97,256],[-29,119]],[[56349,48850],[22,191],[-4,108],[-78,120],[-24,108],[7,226],[-25,38],[-39,434],[-33,34],[-64,-26],[-49,83],[46,227],[46,72],[20,81],[-7,146],[-27,136],[19,126],[93,153],[-35,298],[80,121],[2,91],[34,135],[37,83],[10,105],[-10,156],[48,120],[167,29],[66,-29],[10,54],[0,2616]],[[56661,54886],[0,351],[277,5],[0,1403]],[[56938,56645],[1731,-1],[41,136],[36,-28],[-15,-107],[1510,0]],[[60241,56645],[16,-289],[43,-183],[36,-98],[13,-104],[-30,46],[6,-262],[15,-123],[-11,-114],[2,-193],[19,-232],[-4,-147],[32,-345],[30,-191],[36,-73],[36,-16],[53,-97],[78,-216],[36,-21],[67,-103],[10,-48]],[[60724,53836],[-52,-127],[-47,-169],[-125,-84],[-81,-125],[-28,-159],[-111,-2],[-9,-182],[-25,-123],[7,-232],[-28,-212],[-37,-189],[-44,-335],[-26,-83],[27,-616]],[[60145,51198],[-22,-189],[-15,-255],[-50,-250],[-29,-383],[-79,-29],[-63,-104],[-95,-408],[-39,-99],[-42,-380],[-8,-290],[-45,-84],[-55,95],[-39,-65],[-44,-183],[11,-195],[-6,-89],[-48,-278],[-11,-189]],[[72213,47942],[0,0]],[[72187,47534],[0,0]],[[72217,48071],[75,-12],[34,-108],[93,-195],[135,-495],[8,-110],[41,-53],[17,-220],[64,-236],[5,-69],[53,-279],[-3,-272],[-26,-202],[-37,-134],[-71,-129],[-182,-184],[-64,-21],[-63,42],[-48,101],[-66,476],[-18,532],[-24,338],[12,161],[0,-173],[16,1],[12,254],[25,197],[-3,147],[38,138],[14,163],[-9,176],[65,-79],[30,11],[-47,92],[-59,27],[-17,115]],[[50442,68381],[-52,-1],[8,68],[44,-67]],[[50873,69167],[85,-20],[3,-44],[-60,-219],[-48,-61],[-84,77],[-7,71],[-31,32],[-37,-55],[-36,95],[148,208],[71,43],[-4,-127]],[[51192,69204],[-125,95],[3,61],[57,8],[46,-30],[19,-134]],[[50401,68554],[-10,-43],[-52,33],[35,124],[60,29],[17,-58],[-50,-85]],[[49501,71713],[11,-58],[96,-60],[-20,-118],[54,-9],[98,-77],[48,-7],[49,-99],[79,19],[72,-96],[187,0],[18,110],[181,-109],[22,-67]],[[50396,71142],[16,-113],[61,48]],[[50473,71077],[91,-105],[47,47],[125,-57],[5,37],[83,53],[68,-26]],[[50892,71026],[26,-100],[-39,-23],[23,-220],[-68,-124],[-193,-212],[-63,-126],[-143,-64],[-149,-94],[-88,-169],[49,-70],[-82,-76],[-64,-208],[-122,-312],[-70,-251],[-1,-72],[35,-249],[47,-121],[65,-93],[-70,-122],[-91,-106],[-74,-199],[-10,-113],[-39,-197],[28,-57],[-28,-35],[-140,-14],[-87,-123],[-44,-108],[-39,-202],[-69,-141],[-33,52],[-81,-9],[-53,-65],[-131,29],[-48,-34],[-110,34],[-150,-26],[-85,-149],[-72,-4],[-66,-55],[-53,-203],[-73,-77],[-115,115],[-36,102],[-28,185],[-32,28],[-3,137],[-27,87],[-109,169],[-81,10],[-64,-21]],[[47942,67330],[-27,286],[17,100],[72,196],[45,27],[18,101],[-41,-5],[-66,195],[17,181],[65,135],[14,105],[-49,56],[-37,142],[-8,90],[-56,138],[116,14],[23,23],[39,217],[-37,85],[4,46],[57,95],[-11,47],[9,172],[-11,157],[-20,92],[66,145],[80,113],[53,110],[-9,50],[-83,49],[-4,142],[-17,48],[-114,6],[-33,21],[-17,-60],[-54,-43],[-80,38],[-64,-3],[-64,-51],[-20,59],[26,87],[-23,81],[-90,-45],[-67,-91]],[[47561,70681],[-28,4],[-2,112],[54,119],[-34,7],[24,89],[-23,42],[0,119],[-49,-38],[-13,54],[30,96],[-32,11],[-54,114],[16,139],[85,113],[93,2],[80,72],[-2,99],[70,80],[85,50],[54,-18],[67,-102],[56,-29],[45,23],[228,6],[64,35],[51,-44],[97,-20],[58,-36],[162,-61],[59,-1],[117,60],[79,14],[52,-48],[104,-56],[47,58],[74,-29],[75,-60],[96,12],[55,44]],[[45462,61137],[-23,-160],[-35,-84],[-32,-18],[-38,100],[-30,134],[107,51],[55,103],[56,-21],[-60,-105]],[[46190,61511],[-40,-29],[19,131],[71,62],[20,66],[-4,-163],[-66,-67]],[[46056,60989],[-38,-80],[-44,32],[72,81],[22,134],[55,236],[27,-3],[9,-107],[-28,-234],[-75,-59]],[[45722,60974],[3,-192],[-48,-90],[-41,26],[-28,148],[35,112],[79,-4]],[[45226,60886],[-39,67],[18,60],[36,-33],[-15,-94]],[[45031,60736],[-27,-115],[-49,81],[76,34]],[[45046,61217],[-47,187],[20,60],[52,-40],[-4,-153],[-21,-54]],[[85175,67754],[9,95],[96,228],[44,45],[242,3],[36,36],[57,185]],[[85659,68346],[68,-314],[64,-204],[56,-147],[79,-284],[23,-152],[15,-223],[-22,-295],[3,-190],[47,-1],[-3,-73],[-40,-316],[-57,-223],[-65,-56],[-130,-1],[-26,-60],[7,-102],[-97,45],[-16,62],[-90,-47],[-20,-46],[28,-76],[-30,-65],[-31,106],[-33,-12],[21,-139],[-43,-114],[-42,58],[21,147],[-61,-104],[-37,-119],[-39,52],[-69,-114],[-7,101],[-60,126],[10,33],[62,-15],[-15,41],[34,48],[-48,-1],[-36,233],[19,44],[37,200],[34,49],[-35,54],[63,85],[10,73],[-29,36],[13,64],[-43,107],[2,219],[-16,152],[-28,-30],[-58,29],[10,126],[38,62],[63,43],[57,-50],[15,-72],[33,42],[-59,202],[13,71],[-39,108],[2,73],[-26,116],[19,46]],[[85761,65655],[-27,-44],[-43,91],[64,104],[6,-151]],[[85573,65660],[-3,-69],[-50,19],[-12,98],[23,33],[42,-81]],[[85064,65353],[-31,52],[35,84],[37,-46],[-41,-90]],[[85144,67722],[-2,-93],[-25,14],[-4,140],[31,-61]],[[85208,65335],[0,0]],[[85499,65525],[0,0]],[[85115,66847],[-22,-16],[-5,100],[27,-84]],[[85047,65607],[-16,-12],[-30,108],[20,33],[26,-129]],[[86365,67541],[0,0]],[[85090,64546],[-45,62],[48,105],[99,62],[57,-24],[-7,-122],[-81,-72],[-71,-11]],[[58690,25399],[37,-298],[31,-320],[4,-142],[71,-289],[51,-400],[0,-824],[-18,-100],[8,-129]],[[58920,22276],[66,-16],[148,9]],[[59134,22269],[-10,-162],[-53,-371],[-34,-417],[-69,-297],[-72,-154],[-69,-68],[-123,-311],[-46,-149],[-41,-218],[-40,-120],[-60,-256],[-104,-377],[-88,-248],[-66,-104],[-169,-375],[-75,-205],[-113,-232],[-65,-102],[-99,-200],[-217,-329],[-180,-168],[-122,34],[-51,-18],[-43,-79],[-4,-114],[-45,-12],[-85,47],[-46,-9],[-49,-137],[-64,-4],[-115,79],[-166,54],[-88,-67],[-95,12],[-104,38],[-85,-42],[-127,-214],[-150,-24],[-53,30],[-79,-53],[-68,-16],[-141,-227],[-107,23],[-68,104],[-26,-7],[9,86],[-64,100],[-75,-9],[-6,180],[-76,15],[-20,-58],[0,-125],[-31,111],[1,176],[31,36],[-9,120],[-48,208],[-29,44],[-77,280],[-8,94],[32,84],[20,-47],[59,86],[21,104],[-4,269],[-28,268],[-148,509],[-92,404],[-44,243],[-66,490],[-59,277],[-81,276]],[[54568,21025],[50,91],[36,25],[15,132],[34,137],[34,27],[42,-118],[42,-49],[-3,-163],[28,-139],[109,-55],[73,-67],[58,-10],[80,21],[66,-9],[52,-42],[62,19],[7,87],[58,82],[53,111],[86,37],[0,2586]],[[55550,23728],[101,-178],[73,-325],[51,-299],[6,-175],[-52,-196],[4,-210],[28,-76],[36,29],[55,-31],[107,14],[53,-15],[52,123],[72,70],[35,134],[92,148],[25,76],[67,431],[39,95],[68,40],[71,-55],[104,-180],[83,-23],[38,-77],[116,-53],[70,45],[123,28],[39,76],[75,472],[16,132],[150,116],[46,132],[61,109],[42,377],[44,127],[98,110],[40,106],[32,15],[75,227],[51,127],[47,70],[87,41],[70,99],[51,128],[65,13]],[[57982,19980],[100,129],[12,153],[43,95],[27,209],[-25,126],[-97,147],[-91,211],[-109,-84],[-76,-121],[-62,-47],[-58,-209],[-65,-199],[-67,-102],[22,-124],[62,-224],[9,-111],[29,-33],[73,-166],[73,-30],[34,135],[70,213],[96,32]],[[60515,8127],[-68,-1],[20,86],[57,-55],[-9,-30]],[[61536,39972],[-3,86],[-151,494],[-4,2594],[105,272],[151,546]],[[61634,43964],[39,113],[56,45],[157,63],[29,49],[33,142],[31,57],[114,138],[136,78],[246,-36],[8,9],[276,763],[136,352],[432,1056]],[[63327,46793],[266,1023],[0,1272]],[[63593,49088],[125,59],[71,76],[130,56],[99,139],[47,152],[43,28],[129,-107],[-10,-122],[-38,-227],[11,-182],[5,-295],[-21,-157],[36,85],[49,-56],[4,-63],[-49,32],[-77,-68],[-9,-58],[-18,-381],[-3,-199],[-52,-225],[-57,-185],[-40,-237],[-51,-218],[-70,-167],[-25,-213],[-53,-255],[-62,-216],[-31,-150],[-40,-260],[-12,-165],[-111,-478],[-115,-381],[-72,-320],[-129,-373],[-176,-480],[-230,-570],[-62,-117],[-252,-351],[-163,-295],[-83,-201],[-88,-175],[-69,-166],[-252,-664],[-95,-293],[-67,-165],[-68,-322],[-56,-186]],[[63327,46793],[-278,0],[-16,20],[-379,322],[-426,354],[-112,247],[-38,30],[-50,161],[-34,191],[-31,32],[-63,195],[-51,295],[73,266]],[[61922,48906],[90,352]],[[62012,49258],[54,-108],[53,-219],[62,-177],[118,-220],[30,-29],[155,5],[109,150],[133,131],[208,-64],[114,127],[71,122],[48,53],[86,-44],[85,19],[117,106],[65,23],[73,-45]],[[94357,35177],[-42,40],[16,51],[26,-91]],[[96368,32955],[-34,-8],[14,69],[20,-61]],[[96147,33594],[-87,-61],[25,120],[70,-14],[-8,-45]],[[94604,32862],[-51,6],[-11,54],[-98,93],[-1,76],[125,-157],[36,-72]],[[94873,34390],[2,-101],[-40,62],[-1,221],[39,-182]],[[94218,34744],[-42,34],[26,58],[27,-26],[-11,-66]],[[94490,34834],[67,-102],[-10,-29],[-74,71],[17,60]],[[93822,35364],[38,-186],[-22,-74],[-65,117],[-8,124],[-90,-32],[56,232],[46,-15],[3,-111],[42,-55]],[[93944,34956],[0,0]],[[93918,35053],[-27,-55],[-37,66],[34,113],[37,-34],[-7,-90]],[[93718,35032],[-49,105],[47,101],[-14,-161],[16,-45]],[[93523,35589],[-49,151],[14,94],[69,-104],[-34,-141]],[[93500,35414],[-18,69],[9,81],[9,-150]],[[93658,35459],[-36,-7],[-23,126],[40,58],[23,-60],[-4,-117]],[[93288,36170],[-45,6],[17,81],[28,-87]],[[93789,35001],[0,0]],[[94374,34639],[61,-113],[107,8],[75,-118],[47,-125],[7,-67],[-47,-47],[-91,76],[-130,21],[-65,182],[-4,126],[40,57]],[[94410,35159],[-65,114],[-81,78],[-114,155],[-96,198],[-39,151],[77,-42],[104,-211],[90,-88],[114,-210],[-14,-55],[24,-90]],[[93745,36006],[-12,-67],[-35,59],[-60,13],[-54,100],[-58,190],[-67,138],[7,75],[173,-246],[12,-110],[53,-117],[41,-35]],[[94652,35314],[69,-210],[-15,-132],[59,-114],[28,-162],[0,-88],[30,-122],[-12,-70],[-37,138],[-88,166],[-28,136],[-30,242],[14,57],[-33,149],[43,10]],[[94920,33854],[85,-63],[23,17],[75,-260],[-70,-1],[-93,76],[-69,105],[-14,145],[-54,24],[3,86],[47,-23],[67,-106]],[[56147,75231],[-101,-48],[-88,151],[-107,-33],[-55,28],[-105,-13],[-43,-163],[-121,-115],[-76,64],[-44,-79],[-154,-42],[-34,-35],[-18,-150],[-161,-17],[-107,5],[-78,82],[-45,73],[-47,11]],[[54763,74950],[-49,135],[-30,133],[25,149]],[[54709,75367],[30,128],[35,56],[82,-23],[76,42],[91,125],[21,135],[57,56],[64,109],[66,14]],[[55231,76009],[29,-9],[8,-72],[51,3],[28,78],[53,61],[52,-135],[40,-24],[-5,-118],[84,-16],[29,95],[56,48],[70,5],[92,-53],[37,71],[155,-4],[70,-48],[36,-94],[144,-97]],[[54587,73890],[-54,24],[-26,-114],[-45,-1],[-18,-46],[-101,-74],[8,-107],[-11,-151],[-97,-71],[17,-187],[-63,-12],[-43,35],[-30,-23],[-87,125],[-46,-115],[-105,20],[-31,-58],[-84,63]],[[53771,73198],[40,50]],[[53811,73248],[43,19],[-43,103],[-42,51],[12,90],[-35,55],[40,96],[-70,60],[89,182]],[[53805,73904],[223,-73],[71,58],[67,89],[122,3],[91,57],[53,-23],[5,87],[33,43]],[[54470,74145],[53,-4],[27,-154],[37,-97]],[[78880,42102],[-42,-47],[-47,43],[47,85],[42,-81]],[[47143,47136],[-29,-230],[-51,-61],[-21,-220],[-64,-155],[-108,-215],[-67,-230]],[[46803,46025],[-63,128],[-54,67],[-155,143],[15,112],[-22,85],[-52,35],[-51,99],[-21,203],[-53,49],[-31,192],[49,-44],[48,110],[-49,31],[-26,-34],[-7,187],[38,9],[-62,136]],[[46307,47533],[74,38],[19,113],[56,77],[55,234],[16,110],[62,48],[38,-38],[61,33],[3,49],[177,3],[19,-13],[95,-325],[48,-142],[-17,-135],[38,-45],[3,-135],[28,-146],[-35,-91],[-23,-137],[43,-14],[45,116],[31,3]],[[46520,46398],[-118,95],[27,36],[66,10],[29,-38],[-4,-103]],[[65427,37862],[1,-65],[-44,124],[20,35],[23,-94]],[[56306,72298],[-29,-115],[-50,-48],[-15,-102],[8,-109],[45,-178],[59,-70],[58,-117],[-10,-64],[-65,-150],[-67,-29],[-8,-151],[24,-132],[-50,-89]],[[56206,70944],[-29,31],[-52,-38],[-41,12],[-95,-52]],[[55989,70897],[53,297],[-101,58],[4,56],[-46,57],[-50,126],[-59,58],[-23,59],[-43,-56],[4,-101],[-41,-58],[-2,-66],[-34,-22]],[[55651,71305],[-2,46],[-110,133],[-109,92],[-38,92],[-54,75],[-7,59]],[[55331,71802],[17,36],[55,-16],[10,100],[-68,184],[85,15],[9,40],[-68,128],[-52,54],[0,158],[39,120],[16,129],[-31,24],[-64,-32]],[[55279,72742],[26,74],[-10,115],[20,41],[70,-16],[-16,67],[-90,92],[14,90],[-39,52],[9,39],[-30,126],[18,68]],[[55251,73490],[50,59],[34,-22],[51,46],[39,74],[175,-9],[22,-24]],[[55622,73614],[33,-93],[61,-75],[36,-95],[18,11],[0,-187],[69,-115],[114,-90],[16,-32],[-37,-110],[49,-51],[-49,-40],[77,-107],[76,-31],[51,-87],[72,94],[41,21],[66,-96],[-51,-20],[-16,-74],[58,-139]],[[46588,51587],[26,-113],[-11,-134],[58,-177],[0,-163],[16,-70],[-26,-171],[62,-223],[20,55],[35,-17],[24,-141],[44,-160],[-17,-289],[17,-90]],[[46836,49894],[-51,16],[-65,-28],[-66,8],[-69,-49],[-140,87],[-37,56],[-23,-38],[-20,110],[-179,28]],[[46186,50084],[-408,4],[-105,-133],[-73,-37],[-85,14],[-105,-77],[-53,5]],[[45357,49860],[-13,120],[85,70],[-40,63],[-41,-91],[-5,337]],[[45343,50359],[32,63],[226,2],[6,118],[146,50],[38,113],[133,-144],[118,-81],[111,70],[-1,100],[-35,46],[-97,-39],[-68,90],[-54,37],[-47,82],[-48,19],[-89,-60],[-23,-99],[-222,8],[-70,-7]],[[45399,50727],[-7,72],[-44,106],[3,85],[-66,311],[-30,56],[-24,111],[-102,81],[107,117],[85,262],[76,310],[9,73]],[[45406,52311],[27,258],[56,230],[77,-28],[94,10],[29,36],[110,33],[36,51],[57,-22],[70,8],[65,-54],[91,-189],[29,-115],[87,-3],[41,-59],[56,-312],[59,-79],[37,-115],[1,-69],[87,-143],[73,-162]],[[60250,59028],[-50,107],[56,-77],[-6,-30]],[[61663,52929],[20,61],[30,-66],[-3,-97],[-24,70],[-30,-12],[-45,88],[16,157],[25,-46],[11,-155]],[[61888,52687],[-28,257],[-40,92],[-3,64],[-44,115],[-25,220],[-67,165],[-84,152],[-68,261],[-21,138],[-56,159],[-31,284],[-100,474],[-39,47],[-38,120],[-111,192],[-55,19],[-75,158],[-34,155],[-60,166],[-50,237],[15,147],[-45,255],[13,227],[17,133],[-24,265],[-59,196],[-25,181],[-67,286],[-49,140],[-102,193],[-58,63],[-47,12],[-101,372],[24,99],[-32,233],[-64,246],[-44,78],[-24,202],[-44,46],[-74,345],[-61,202],[-50,133],[-24,132],[-51,123],[-44,212],[-67,212],[-29,36],[-128,43],[45,253],[6,150],[42,446]],[[59708,61823],[296,-115],[14,7],[114,207],[77,261],[199,91],[45,224],[96,131],[-139,358],[-144,340],[566,363],[41,83]],[[60873,63773],[340,-131],[31,-32],[443,-572],[217,-412],[509,-910],[8,-6],[455,-91],[49,23]],[[62925,61642],[250,-76],[42,-254],[24,-67],[215,7]],[[63456,61252],[51,-289],[41,-122],[16,-111],[-10,-54],[30,-67],[92,-96],[-17,-39],[64,-180],[37,-21],[50,-138],[74,-89],[46,-117],[-34,26],[0,-122],[44,-85],[8,-68],[-17,-147],[-34,8],[27,-186],[42,-198],[49,-99],[28,-238],[69,-210]],[[64112,58610],[45,-151],[83,23]],[[64240,58482],[40,-25],[-28,-162],[72,-39]],[[65329,57143],[126,-494],[-184,-1412],[-833,-704]],[[60165,59260],[0,0]],[[52062,42268],[-26,25],[23,67],[3,-92]],[[51849,41250],[-38,-39],[-15,114],[16,79],[45,45],[17,-113],[-25,-86]],[[53468,72061],[0,0]],[[2130,31688],[43,-154],[-13,-84],[-87,9],[-67,193],[124,36]],[[2374,31279],[-76,0],[-51,32],[-38,102],[53,35],[70,-51],[42,-118]],[[33007,50425],[-26,91],[36,50],[-10,-141]],[[32992,50310],[0,0]],[[32962,50099],[0,0]],[[33084,50892],[-15,-73],[-31,46],[0,93],[43,125],[3,-191]],[[32630,53214],[0,0]],[[32602,53298],[-58,69],[13,45],[45,-114]],[[58487,39476],[-41,61],[-74,-71],[-59,52],[-17,-265],[-47,-55],[-86,-10],[-26,96],[-64,49],[-14,-83]],[[58059,39250],[-26,27],[-18,166],[70,150],[11,71],[-5,192],[62,241],[62,91]],[[90522,71750],[0,0]],[[90654,71867],[0,0]],[[90567,71715],[0,0]],[[88104,79942],[-34,-122],[-95,21],[78,96],[51,5]],[[91830,82700],[-34,25],[55,74],[17,-45],[-38,-54]],[[83405,92603],[-130,-32],[-42,56],[121,23],[51,-47]],[[84594,93138],[-57,55],[59,4],[-2,-59]],[[79519,96203],[-69,10],[10,31],[81,6],[30,48],[51,-3],[21,-50],[-59,-3],[-65,-39]],[[79837,95525],[-41,33],[27,40],[63,-11],[24,-44],[-73,-18]],[[77107,95072],[-44,-6],[-13,82],[57,-76]],[[76903,94791],[-31,41],[38,69],[48,-37],[-55,-73]],[[77815,97194],[-61,-9],[11,63],[95,-14],[-45,-40]],[[71320,92853],[-144,22],[-43,33],[47,22],[140,-77]],[[72974,93307],[-27,-24],[-78,52],[54,22],[51,-50]],[[73543,93566],[-13,-41],[-89,38],[80,41],[54,2],[-32,-40]],[[74070,93934],[96,7],[34,-36],[-54,-77],[-149,14],[-17,62],[90,30]],[[66475,98384],[-165,6],[-23,33],[122,26],[57,-22],[9,-43]],[[56,89682],[91,-19],[53,-62],[113,-50],[93,-118],[-59,52],[16,-80],[165,-85],[12,-113],[72,51],[-135,128],[9,16],[158,-126],[43,-48],[-31,-38],[64,3],[139,-89],[434,-310],[31,-163],[-39,-63],[61,6],[42,51],[43,-63],[-25,-180],[43,-124],[3,-93],[-42,-113],[69,-14],[48,-46],[30,-137],[86,91],[19,-64],[-2,-107],[69,144],[-40,61],[-51,14],[-36,64],[48,41],[15,62],[-22,116],[-71,68],[-59,16],[29,28],[157,3],[57,27],[145,-54],[-46,-80],[-7,-73],[48,10],[-15,73],[163,-31],[16,37],[-116,40],[-2,21],[108,-26],[96,-43],[67,5],[66,-29],[121,-180],[120,-103],[126,-148],[-36,-50],[67,35],[32,-19],[1,-72],[129,-18],[14,-60],[-28,-42],[-48,25],[-111,-74],[-45,-74],[1,-118],[-29,-24],[-126,51],[-72,77],[-7,-37],[75,-87],[22,-55],[-45,-33],[-70,21],[-122,-26],[-14,33],[-90,28],[-43,62],[-96,8],[63,-49],[90,-110],[-22,-127],[-98,-19],[105,-30],[20,-111],[-105,-98],[-113,-23],[55,-60],[-29,-43],[1,-71],[115,-59],[24,-92],[-94,-1],[-15,61],[-43,6],[9,-97],[-26,-51],[-74,-6],[-28,46],[13,130],[-76,-122],[-35,-1],[-76,59],[-88,133],[-70,57],[-129,67],[-100,-8],[-127,147],[-1,156],[-18,84],[-48,84],[-230,92],[-70,0],[-87,-69],[-229,-13],[-54,36],[1,143],[-49,39],[-56,99],[-16,68],[53,-13],[45,130],[16,143],[-63,-116],[-45,-40],[-52,36],[-1,81],[-65,-42],[4,-88],[-80,-24],[-19,40],[-28,-117],[15,-151],[101,-116],[4,-86],[-98,-232],[-82,-84],[0,2756],[56,-31]],[[86301,70936],[-44,164]],[[86257,71100],[16,22],[-45,112],[43,60],[136,64],[5,95],[25,74],[23,166],[-21,89],[-3,140],[11,210],[12,49],[-54,414],[-26,98],[32,78],[101,52],[58,156],[55,85],[35,-58],[266,-151],[49,71],[0,134],[20,122],[70,78],[21,193],[38,53],[14,130],[45,76],[1,177],[44,151],[4,102],[46,190],[-10,122],[34,79],[54,23],[74,189],[-51,216],[28,92],[-29,119],[-75,36],[-125,-70],[-104,-124],[-90,6],[-104,-117],[-18,5],[-64,-163],[-91,2],[-101,-27],[-129,34],[-88,-26],[-24,107],[-51,124],[-6,76],[26,151],[-70,183],[18,120],[-18,62],[-99,22],[-44,57],[-68,159],[-72,88],[-10,46],[-105,-19],[-97,93],[-1,58],[-67,12],[-80,-24],[-66,6],[-81,73],[-58,142],[3,139],[22,97],[-54,63],[-25,109],[0,179],[-106,276],[-25,151],[-8,134],[-27,43],[-2,96],[-53,157],[-15,141],[-40,193],[-43,103],[-39,45],[9,91],[-49,93],[-40,13],[-22,107],[-63,29],[-97,84],[-73,-49],[-96,68],[-68,99],[-19,-8],[-114,107],[-120,31],[-98,-41],[-123,-28],[-49,19],[-69,-23],[-190,-95],[-117,-23],[-78,-79],[-78,-143],[-91,-128],[-8,-108],[82,-4],[82,-43],[12,-51],[-10,-137],[24,-143],[-19,-87],[-48,-87],[-76,-89],[-47,-86],[-28,-125],[-42,-109],[-19,-113],[-48,-113],[-35,-172],[-29,-48],[-35,-142],[36,-108],[-24,-149],[-31,-38],[-109,-35],[-85,-84],[-160,-233],[-110,68],[-65,11],[-156,140]],[[82411,76229],[-36,68],[-116,63],[-116,-91],[-80,11],[-43,37],[-75,133],[-73,67],[-124,29],[-63,-49],[-52,-73],[-85,-66],[-114,-148],[-30,-127],[-100,-77],[-56,18],[-116,-76],[-206,-48],[-141,-134],[-55,-20],[-56,58],[-64,-35],[-186,70],[-81,46],[-173,-9],[-58,52],[-103,139],[-27,68],[3,165],[-88,41],[-111,4],[-53,69],[-28,77],[-64,82],[-137,-6],[-95,71],[-137,48],[-80,-59],[-174,-59],[-80,-96],[-105,5],[-47,-27],[-91,44],[-40,63],[-133,68],[-59,98],[-50,42],[7,93],[-28,79],[-28,368],[-151,80],[-52,-10],[-44,43],[-191,141],[-171,29],[-56,82],[-87,37],[-142,136],[-26,-113],[-45,-110],[-80,-58],[-36,-150],[-51,-39],[-25,-71],[-34,-256],[35,-91],[22,-148],[69,-79],[-8,-162],[-41,-158],[-69,-93],[-74,-24],[-63,-120],[-42,-8],[-62,107],[-134,26],[-53,-13],[-69,69],[-59,10],[-79,-49],[-127,-6],[-50,77],[-88,-14],[-72,139],[-29,235],[-272,42],[-47,-8],[-45,123],[-45,0],[-42,-64],[-76,124],[-45,-115],[-108,-5],[-128,-157],[-89,-39],[-102,-136],[-38,-6],[-142,-101],[-8,-60],[-93,-57],[3,-131],[-72,-75],[-42,11],[-18,-66],[-47,-42],[-30,47],[-19,-64],[-55,26],[-123,-24],[-21,-138],[-50,-64],[-34,-2]],[[74392,75763],[-136,-54]],[[74256,75709],[-25,92],[-78,75],[-39,116],[-55,86],[32,98],[-33,14],[-120,-190],[-57,0],[-11,36],[-156,52],[-23,-17],[-80,207],[-4,118],[-106,99],[-79,26],[-18,35],[-23,163],[-64,179],[-63,79],[-100,76],[-55,-4],[-39,-65],[-72,-2],[-74,-117],[-110,-12],[-45,39],[-130,-18],[-22,152],[-88,9],[16,156],[-45,-1],[-25,65],[-63,-3],[-56,-66],[-7,-167],[-56,-24],[-65,-97],[-144,506],[-276,806],[-171,444],[-43,77],[-314,396],[-42,148],[64,-5],[51,209],[-95,-75],[-64,-17],[-169,-145],[-61,-11],[-17,-84],[-90,-101],[-60,-1],[-107,-125],[-27,-113],[-40,63],[-97,30],[-60,-30],[-76,-86],[-24,101],[32,150],[78,83],[9,80],[-26,17],[-66,-73],[-73,12],[-57,89],[-81,19],[-10,-97],[-50,-22],[-5,111],[-33,105],[-45,26],[-28,-72],[-186,-34],[-68,38],[26,273],[-76,372],[-48,124],[-70,-16],[-85,-84],[-55,26],[-67,76],[-69,35],[-143,23],[-74,-57],[-52,-73],[-89,-31],[11,-76],[-47,-66],[-68,-11],[-38,-50],[-121,-31],[-44,-28],[-244,-85],[-85,18],[-58,-53],[-64,4],[-66,-76],[-22,-107],[-64,23],[-77,-31],[-53,22],[-73,-26],[-54,-56],[-226,-68],[-32,-46],[-123,-25],[-37,-40],[-127,-7],[-31,-40],[-166,73],[-52,-61],[-9,-148],[-37,-92],[75,-50],[62,21],[17,-41],[-37,-47],[-48,-7],[-8,-112],[128,-41],[99,-85],[19,-72],[-31,-43],[-159,36],[-98,-16],[-68,-161],[5,-123],[44,-123],[-12,-80],[-74,-91],[-68,-18],[-100,-105],[1,-61],[89,-82],[21,-86],[141,-80],[12,-32],[97,-35],[53,-83],[8,-67],[-54,-259],[-45,-61],[-79,-56],[-85,-22],[-97,28],[-49,92],[-30,4],[-53,-182],[-80,-62],[-20,89],[-158,53],[-93,194],[-53,66],[-144,19],[-52,-117],[-58,-26],[-74,104],[-46,20],[-109,-59],[-36,27],[-96,-123],[-26,-92],[-70,-78],[-71,-1],[-97,101],[-50,88],[-103,100],[-27,-46],[17,-47],[12,-155],[-15,-77],[-35,24],[-14,138],[-105,236],[-98,96],[-43,104],[-55,58],[-120,-11],[-93,11],[-66,140],[-31,20],[-59,-26],[-111,-133],[-73,-6],[-51,121],[-102,58],[-11,-38],[-141,-272],[-88,-65],[-30,-46],[-90,-34],[-49,-163],[-143,-176],[-51,8],[21,-182],[40,-240],[-23,-60],[-91,-70],[-58,73],[-104,247],[-40,67],[-56,17],[-49,-91],[-9,-151],[-84,-145],[-29,-109],[-24,-233],[60,-117],[-1,-72],[-87,-206],[-26,-163],[15,-114],[95,-89],[32,-111],[-7,-126],[55,-146],[53,44],[174,-41],[123,-299],[113,-384],[-51,-45],[-47,39],[-27,-82],[28,-59],[173,-161]],[[63675,73775],[-42,-104],[-110,-73],[18,-116],[-73,10],[-64,-111],[-118,-80],[-36,16],[-19,-72],[-43,73],[14,-111],[-32,-77],[-6,-89],[-86,-336],[-22,42],[-13,-66],[-56,-89],[-1,-166],[75,-54],[58,-106],[36,-140],[28,-309],[28,197],[24,35],[-39,-264],[1,-205],[-13,-129],[68,-158],[5,-91],[98,-230],[84,-282],[53,-77]],[[63492,70613],[-51,-170],[-93,-101],[-54,-173],[-94,11],[-73,61],[-15,99],[-127,251],[-49,-9],[-39,64]],[[62897,70646],[-61,70],[-72,32],[-87,119],[24,190],[-45,43],[-61,-4],[-38,83],[-93,76],[-28,-98],[-35,83],[-39,10],[-152,-129],[-61,36],[12,91],[-62,69],[-130,102],[-28,72],[-64,55],[-54,-10],[-41,48],[-102,-24],[-130,21],[-62,80],[-77,29],[-120,112],[-36,-15],[-103,40],[-48,-105]],[[61104,71722],[-128,217],[-52,119],[-170,275],[-149,93],[-91,196],[-78,-20],[-45,46],[-57,166],[-72,69],[-82,40],[-9,42],[90,73],[-61,58],[40,39],[66,-88],[151,52],[-10,87],[16,108],[48,103],[25,142],[23,32],[18,-79],[29,113],[86,-3],[-115,213],[-46,9],[-41,161],[56,-12],[73,58],[75,-26],[-17,105],[100,66],[137,140],[-27,115],[-48,2],[-26,-68],[-105,-18],[59,79],[-153,-120]],[[58823,77832],[-52,148],[2,155],[-16,71],[2,116],[-77,154],[45,126],[69,4],[51,-67],[81,-11],[79,84],[12,42],[65,47],[-5,79],[-60,69],[-6,103],[-69,62],[-124,20],[23,134],[-12,39],[-108,99],[-61,181],[-31,27],[23,84],[-99,121],[8,93],[41,95],[-45,161],[24,83],[2,122],[-52,36],[-74,116],[-61,41],[-83,1],[-126,-114],[-36,71],[6,108],[-80,58],[-81,-55],[-64,105],[-78,-25],[-38,61]],[[57818,80676],[15,83],[-27,200],[-27,39],[-56,188],[-46,-15],[55,283],[-11,48],[-72,80],[-8,55],[-44,14]],[[57597,81651],[14,97],[39,94],[59,29],[-74,302],[12,116],[-29,210],[10,76],[82,148],[39,159],[70,68],[-38,78]],[[57781,83028],[14,49],[-14,120],[33,43],[56,-66],[51,111],[64,-31],[55,16],[56,120],[145,-31],[126,-57],[14,58],[-55,49],[-71,119],[-97,-14],[-84,11],[-71,99],[-47,31],[-42,116],[36,-35],[8,84],[-38,47],[-93,-75],[-106,-24]],[[57721,83768],[169,254],[235,275],[122,182],[243,409],[103,138],[97,172],[70,249],[-99,201],[-212,208],[-101,131],[-14,41],[57,39],[82,153],[2,126],[-34,58],[-78,59],[-34,135],[37,61],[-13,85],[-80,28],[-50,115],[5,50],[52,48],[0,68],[-50,14],[24,79],[3,96],[26,68],[-29,39],[105,40],[-2,74],[-51,214],[-65,130],[-57,181],[-103,223],[-2,85],[84,163],[153,243],[11,99],[-44,46],[-133,217],[-182,90],[-60,210],[2,35],[76,164],[-13,67],[-81,27],[153,83]],[[58045,89740],[68,53],[50,141],[168,67],[38,50],[27,119],[108,-71],[68,4],[17,48],[-15,125]],[[58574,90276],[162,-66],[60,22],[34,66],[67,14],[-13,83],[113,-59],[48,-44],[105,-39],[15,-88],[-67,-14],[-161,48],[-23,-29],[66,-56],[13,-52],[72,7],[107,-31],[-12,-55],[113,54],[22,-47],[-38,-159],[-52,-58],[82,43],[69,127],[152,2],[176,-60],[86,2],[32,31],[158,-59],[211,-132],[309,-219],[174,-195],[20,-42],[112,-22],[205,-178],[70,-9],[-21,73],[176,-233],[163,-83],[46,-314],[63,-41],[-23,-207],[-24,-63],[-186,-267],[-116,-103],[-226,-118],[-176,-44],[-72,-4],[-213,46],[-93,67],[-146,49],[-110,6],[-239,66],[-191,151],[-95,-43],[-9,71],[-85,37],[-70,2],[-83,55],[-31,-14],[-92,56],[-84,125],[23,46],[-148,46],[-140,6],[85,-34],[83,-76],[-10,-62],[129,-149],[70,-17],[10,-105],[122,-62],[-17,-41],[-65,-39],[57,-6],[152,-67],[80,-69],[107,-185],[-2,-68],[-45,-182],[-58,-80],[73,-160],[37,-129],[18,-299],[46,-85],[111,-65],[59,22],[139,-133],[61,-131],[169,-66],[130,-68],[54,57],[92,39],[29,54],[-33,207],[-59,54],[-86,-17],[-69,25],[-182,309],[2,64],[70,34],[27,131],[71,15],[108,-61],[134,-161],[111,-15],[36,-47],[143,-54],[142,-101],[53,5],[25,79],[59,57],[107,6],[-45,154],[-39,46],[-96,201],[-13,70],[19,105],[142,108],[101,149],[106,41],[111,72],[85,96],[84,145],[36,38],[108,-69],[176,-5],[88,-66],[28,-49],[-31,-90],[84,13],[73,-94],[-2,159],[34,122],[74,186],[-23,234],[-31,67],[-61,48],[-61,15],[-20,46],[21,130],[50,163],[52,228],[-15,234],[-213,198],[19,50],[160,-92],[35,-5],[251,25],[123,-22],[103,-47],[74,-132],[146,-226],[2,-86],[-143,-21],[-180,-43],[-163,-197],[0,-89],[173,-117],[52,-138],[65,-96],[87,-7],[54,-30],[279,91],[59,81],[16,163],[39,126],[-9,91],[279,104],[-51,100],[128,-3],[215,137],[84,78],[168,123],[138,37],[78,52],[105,44],[81,-56],[-28,-60],[38,-24],[97,61],[15,40],[-48,77],[-58,11],[95,86],[202,128],[108,58],[192,-2],[-172,-46],[-21,-30],[48,-28],[-59,-148],[44,-69],[4,-71],[-163,-65],[-23,-53],[196,-28],[37,22],[128,10],[44,-63],[40,13],[17,121],[137,136],[72,6],[102,51],[160,-21],[141,-46],[88,62],[203,175],[17,-40],[33,58],[157,62],[38,2],[15,-78],[72,-111],[-72,-86],[-3,-121],[140,-65],[81,50],[13,62],[-21,66],[8,72],[74,-5],[91,21],[41,40],[82,141],[-21,112],[-53,-25],[-91,244],[-47,94],[30,44],[78,28],[71,90],[56,22],[210,-63],[239,-14],[203,-47],[230,-99],[112,-70],[122,-117],[195,-97],[22,-38],[75,-29],[92,-62],[163,-53],[41,-84],[136,-123],[25,-46],[119,-77],[59,-63],[37,24],[91,154],[86,270],[-105,-24],[-61,35],[-118,190],[-31,171],[-106,74],[-156,77],[-46,-99],[-26,74],[8,129],[26,121],[40,-6],[47,72],[-26,79],[28,197],[11,168],[-40,70],[-89,-29],[-43,73],[50,115],[-58,12],[78,142],[173,91],[116,96],[86,94],[94,233],[62,266],[58,196],[98,201],[61,19],[9,-60],[281,-5],[234,17],[120,-67],[143,-20],[102,-70],[-17,-245],[-35,-185],[-96,-271],[-102,-104],[-13,-63],[59,-106],[140,-110],[34,-132],[8,-99],[-9,-257],[-64,-128],[16,-72],[20,-267],[4,-218],[-16,-74],[-8,-210],[14,-79],[65,-108],[105,-76],[99,-93],[12,-65],[-35,-36],[-90,-176],[3,-222],[-56,-119],[-99,-77],[-207,-408],[-50,-48],[-84,16],[52,-142],[-4,-54],[-54,2],[-112,-97],[-60,-20],[-95,58],[17,46],[69,55],[-114,-42],[-112,112],[-38,-22],[-146,10],[-56,-28],[50,-148],[60,-48],[81,-18],[78,-58],[99,-42],[224,17],[117,-23],[97,-61],[42,4],[71,56],[26,161],[305,211],[77,95],[25,63],[29,170],[25,61],[167,198],[26,50],[-8,216],[-30,102],[-67,143],[24,167],[28,65],[151,78],[129,28],[144,52],[98,2],[77,-142],[104,-127],[35,-89],[7,-108],[-4,-264],[-20,-114],[139,-133],[86,-22],[260,21],[-23,30],[-78,6],[-269,79],[-15,180],[36,129],[92,48],[-25,157],[-34,104],[-37,192],[-90,39],[-189,112],[-179,83],[-162,2],[-102,-86],[-66,-18],[-125,38],[-107,-21],[-56,59],[32,154],[-17,61],[-75,143],[5,67],[70,263],[104,190],[38,93],[-9,53],[-161,292],[-43,104],[-136,161],[163,282],[74,49],[103,30],[137,84],[52,48],[28,83],[2,111],[-25,140],[-62,135],[102,29],[60,-40],[65,-151],[-3,-88],[42,-113],[-54,-88],[-43,-132],[-33,-17],[-8,-103],[71,-111],[-9,-85],[-53,-73],[15,-63],[216,-86],[176,-12],[51,-52],[19,37],[165,-9],[133,-128],[127,-52],[116,15],[39,48],[-78,-20],[-60,15],[-56,65],[-48,126],[-84,41],[-119,-9],[-102,69],[-68,26],[-155,105],[-78,222],[109,67],[124,19],[53,-20],[136,-115],[63,-3],[114,49],[13,32],[-60,98],[-66,16],[-80,-30],[-6,85],[73,26],[65,70],[143,47],[261,-10],[148,-111],[144,-50],[80,-45],[26,-83],[182,-158],[42,-21],[116,-7],[130,37],[122,-7],[69,-57],[-88,-175],[-165,-112],[-24,-185],[27,-134],[-48,-147],[16,-142],[11,104],[54,103],[39,140],[76,46],[40,-42],[13,-141],[-38,-202],[-66,-134],[48,-79],[62,-8],[-2,129],[118,48],[45,52],[21,90],[-43,154],[-68,157],[-51,81],[32,121],[85,224],[-11,63],[-54,101],[-39,33],[-154,36],[-90,103],[-38,117],[-108,62],[-142,23],[-127,91],[-47,158],[51,167],[-23,53],[-69,43],[-31,191],[55,82],[-4,66],[343,64],[480,5],[34,15],[209,25],[89,28],[94,-30],[103,10],[45,62],[272,51],[84,-5],[38,-45],[-184,-143],[-76,-30],[-74,-60],[-2,-117],[77,-38],[161,-116],[11,13],[-207,156],[-9,77],[43,44],[79,35],[206,32],[70,99],[56,39],[-101,48],[-142,223],[-35,34],[-158,51],[50,75],[59,19],[75,-25],[65,-63],[92,27],[-147,112],[-163,75],[-90,11],[25,67],[50,-8],[39,62],[125,-95],[59,25],[154,157],[14,51],[-91,42],[-56,-3],[19,71],[45,16],[139,-44],[232,113],[63,56],[161,71],[79,-9],[164,94],[227,41],[132,0],[102,52],[156,18],[54,21],[263,53],[146,41],[23,33],[-131,-27],[-31,25],[-47,-39],[-63,41],[-80,-35],[-9,49],[32,68],[37,-35],[43,51],[108,-31],[126,49],[112,-11],[19,30],[129,-26],[89,18],[156,-19],[43,-22],[-25,-51],[-92,-82],[237,80],[26,-11],[-29,-70],[106,28],[131,72],[41,-37],[48,69],[69,7],[28,32],[178,76],[90,-24],[161,-69],[57,-57],[-45,-153],[68,84],[-8,144],[-101,98],[-182,145],[18,20],[196,-27],[100,13],[108,-7],[144,32],[61,-33],[69,1],[80,-28],[24,32],[-210,50],[47,104],[-49,84],[19,118],[54,27],[93,119],[303,218],[145,83],[119,4],[126,69],[47,1],[175,-56],[42,-40],[207,-49],[51,-26],[46,-69],[-90,-27],[-97,-80],[-132,-45],[-163,-29],[-34,-22],[311,-7],[90,6],[19,-70],[174,33],[102,-24],[65,15],[94,-31],[42,-45],[-136,-138],[-84,-111],[-70,12],[8,-55],[114,-22],[92,30],[130,-9],[77,42],[35,104],[43,14],[127,-13],[203,21],[170,-26],[136,32],[178,-24],[187,-85],[85,-86],[-42,-71],[99,39],[89,-36],[18,-116],[32,-63],[-39,-54],[108,43],[29,42],[-45,46],[79,9],[43,-98],[38,-156],[81,21],[4,-46],[-70,-185],[-63,60],[-74,15],[-138,96],[-49,-4],[77,-65],[63,-117],[57,35],[54,-61],[103,-59],[-31,-111],[-192,-196],[-203,-113],[-90,-80],[-158,-57],[-113,-78],[-144,-58],[-42,-61],[-107,-40],[20,-43],[-28,-65],[-83,-56],[-121,-40],[-243,-238],[-121,-49],[-137,-3],[-29,-22],[-136,-182],[-136,-16],[-142,-245],[-79,-83],[-69,-46],[157,42],[99,80],[40,78],[74,55],[176,27],[178,-3],[148,65],[19,32],[205,48],[67,76],[85,-23],[61,13],[159,110],[122,72],[-41,34],[-92,-38],[-177,-2],[-24,55],[56,91],[109,61],[221,-55],[21,80],[116,-17],[-89,-42],[48,-99],[112,-58],[95,-26],[180,26],[40,63],[-28,89],[96,-87],[65,-134],[-72,-132],[92,-80],[-4,-210],[-29,-75],[-67,-78],[51,-122],[111,-2],[-115,60],[-23,47],[91,175],[4,125],[91,80],[-96,62],[-8,50],[96,20],[57,36],[210,16],[144,67],[322,-19],[226,-54],[317,-7],[117,-36],[18,-40],[-133,-12],[-22,-68],[14,-85],[148,-91],[129,-38],[90,-59],[236,1],[110,-31],[100,24],[147,-7],[40,-45],[141,-14],[60,21],[-70,45],[32,40],[151,-51],[39,33],[45,100],[45,34],[-67,109],[-21,130],[51,94],[85,-28],[62,61],[102,30],[114,-31],[228,-134],[-5,-52],[182,71],[25,-29],[-24,-61],[82,-60],[79,70],[54,80],[197,-47],[150,-106],[-7,-44],[92,-4],[84,-51],[6,-56],[52,1],[-13,-47],[-126,-105],[116,-16],[59,-68],[6,-50],[-121,-84],[-110,-36],[36,-27],[158,-8],[46,-33],[36,-86],[0,-105],[-36,-53],[-97,-8],[-127,116],[-187,133],[-21,-15],[32,-73],[51,-41],[92,-114],[154,-235],[36,20],[47,94],[69,-125],[-62,4],[-109,-57],[22,-44],[59,-6],[174,-333],[73,-38],[71,-83],[108,-42],[45,34],[19,-93],[72,-44],[112,112],[96,212],[36,30],[-9,74],[62,206],[93,178],[25,22],[32,-90],[101,-135],[82,-82],[188,-78],[167,5],[88,90],[94,20],[55,47],[91,15],[145,-42],[252,-149],[93,-107],[81,-52],[-27,65],[69,57],[62,13],[-110,41],[55,128],[56,26],[57,-28],[41,51],[93,-56],[56,-78],[118,31],[98,2],[-81,147],[8,130],[-101,46],[78,33],[58,106],[79,43],[-143,11],[-52,-43],[-71,0],[-10,117],[128,117],[236,-2],[175,66],[-30,91],[-89,89],[16,33],[167,-23],[58,-48],[151,-48],[404,-16],[45,-18],[174,-21],[73,-23],[175,-28],[143,-51],[150,-39],[-5,-65],[-213,8],[-71,22],[-121,-7],[-53,-54],[-116,-33],[84,-59],[158,60],[432,29],[66,-4],[-7,-42],[-113,-141],[-110,-64],[63,135],[-50,4],[-70,56],[-25,-11],[-13,-98],[26,-89],[-97,-36],[-78,26],[-38,-122],[55,-40],[171,35],[75,44],[82,80],[146,194],[102,91],[48,10],[269,-21],[156,-42],[149,-62],[74,-51],[54,-70],[15,-68],[-37,-37],[-167,-12],[-64,-21],[-23,-74],[147,-19],[100,-44],[57,-64],[149,7],[19,-46],[-118,-132],[202,80],[49,-5],[121,-61],[50,-49],[92,-137],[-92,-28],[208,-105],[80,1],[184,30],[93,1],[172,67],[171,42],[157,3],[83,40],[220,-1],[211,-14],[164,-25],[185,-73],[180,-101],[105,-100],[51,-101],[26,-138],[-6,-62],[-42,-99],[2,-64],[-31,-84],[29,-60],[80,-39],[172,-53],[47,-34],[35,-358],[76,-81],[9,-54],[-59,-177],[-76,-82],[69,17],[73,184],[55,58],[0,111],[-23,97],[15,125],[114,117],[119,73],[230,46],[82,-15],[125,30],[59,-11],[98,-78],[347,-17],[61,-27],[251,-33],[206,169],[64,-8],[81,-106],[43,-216],[179,-76],[101,-59],[29,-112],[54,-94],[258,27],[127,155],[0,63],[-78,179],[-37,137],[-117,30],[95,162],[-5,177],[212,-22],[201,-54],[163,-22],[86,-34],[114,-68],[44,87],[82,-40],[163,-6],[130,-18],[141,3],[127,31],[99,-31],[84,-65],[143,-86],[130,-24],[150,-82],[141,-30],[113,-46],[29,-64],[89,-26],[165,-174],[37,-20],[0,-2756],[-48,-24],[-105,-149],[-83,-28],[-126,-106],[-49,-20],[-65,49],[-149,31],[-47,43],[-112,166],[-82,48],[-66,-53],[109,-5],[52,-97],[-43,-53],[-66,44],[-112,4],[-102,75],[-78,-82],[-107,-43],[-83,-5],[-152,-65],[41,-2],[111,46],[161,25],[106,86],[53,-43],[28,-97],[-58,-84],[102,68],[62,-41],[89,67],[93,38],[22,-26],[-15,-115],[6,-91],[71,-98],[73,-58],[50,9],[27,91],[69,-166],[-7,-82],[55,-33],[23,-210],[-81,-43],[74,-59],[10,-89],[14,102],[65,-181],[85,-65],[20,-80],[-41,-48],[34,-88],[36,-15],[17,-123],[-110,-154],[-15,-105],[-306,160],[-202,37],[13,128],[-88,-3],[-16,-59],[54,-93],[-127,-39],[-104,-112],[-294,-172],[-21,-48],[-110,-67],[-23,6],[-56,-87],[-104,-20],[-88,-82],[-55,26],[-137,-218],[-76,44],[14,-110],[-49,2],[-41,-88],[-52,-16],[-1,-74],[-156,-158],[-28,4],[-67,-83],[-150,-142],[-95,-62],[-51,-273],[-20,-58],[-55,15],[-48,57],[-26,106],[-75,155],[-109,111],[-121,-23],[-91,20],[-90,-13],[-253,-118],[-73,-69],[-176,-306],[-40,-16],[-14,91],[60,356],[-48,-3],[-66,-87],[-182,-157],[-56,-25],[-18,-168],[-46,-13],[-51,110],[-40,45],[-42,-3],[-73,-113],[6,61],[-98,40],[-103,-145],[-25,-91],[-14,-130],[1,-153],[-53,-121],[-40,-12],[18,-66],[-153,-219],[-87,-184],[-50,-261],[22,-112],[44,-62],[75,-45],[15,97],[55,30],[118,-77],[23,-33],[-11,-107],[-113,-197],[8,-179],[-5,-161],[16,-83],[113,-48],[-4,-87],[26,-234],[-80,-132],[-58,15],[-58,117],[23,69],[73,83],[-84,29],[-51,-64],[11,-97],[-123,-120],[-86,-306],[-13,-209],[26,-155],[71,-177],[7,-95],[-105,-154],[-120,-9],[-46,55],[-99,-40],[-71,-78],[-123,-170],[-42,-127],[-22,-158],[31,-163],[-16,-121],[29,-74],[6,-103],[-70,71],[-52,5],[-176,-133],[-57,-98],[-29,75],[-47,12],[-11,-53],[49,-59],[-36,-174],[-4,-226],[-37,-151],[-63,-198],[-78,-143],[-81,-89],[-12,-50],[-80,-138],[-126,-171],[-21,181],[-36,60],[-12,115],[-3,308],[-31,319],[-3,101],[-38,82],[-33,169],[-3,99],[-54,648],[-55,418],[-24,241],[-18,341],[45,509],[74,439],[23,60],[128,169],[56,92],[69,221],[-8,106],[-44,93],[54,57],[64,-37],[65,16],[60,155],[86,-24],[65,28],[133,180],[97,100],[154,268],[71,227],[140,188],[55,108],[85,56],[101,154],[64,128],[85,88],[69,188],[73,82],[124,87],[72,86],[106,13],[99,82],[-43,76],[18,61],[76,90],[31,73],[-9,54],[-47,29],[22,126],[38,49],[15,236],[37,174],[109,125],[146,-41],[81,25],[-5,33],[-98,16],[-70,38],[-63,73],[-86,15],[-257,-102],[-24,-68],[16,-58],[-39,-79],[-9,-148],[-34,-182],[69,-65],[-73,-109],[-38,113],[-44,-36],[-85,6],[-57,-85],[-319,-407],[-76,-147],[-79,-10],[-85,-71],[14,136],[43,136],[-54,16],[-84,-74],[-26,10],[44,121],[-18,115],[78,173],[43,180],[-3,71],[-35,6],[-175,-129],[-71,137],[-61,5],[-147,-78],[-59,10],[-74,-50],[-75,29],[-91,2],[-107,-86],[-113,-138],[-14,-146],[-79,-83],[-80,-112],[-56,-154],[-119,-160],[-126,-121],[-110,-199],[-38,-148],[-41,-36],[-6,-123],[-34,-91],[58,-33],[63,41],[108,-64],[54,-63],[-2,-119],[-93,-2],[-34,-33],[-68,53],[-59,-76],[-65,-23],[-88,105],[-93,-7],[-24,-87],[-54,-7],[-55,-100],[-85,10],[-48,51],[-66,-20],[-21,-61],[-107,-31],[-105,6],[-57,146],[107,57],[135,-3],[75,45],[-44,47],[-85,23],[-87,142],[-87,41],[-52,-8],[-33,-68],[-69,22],[14,35],[-285,151],[-60,-7],[-100,-92],[39,-100],[-78,-9],[-35,40],[-15,-111],[61,-4],[-14,-60],[-117,-15],[-65,107],[-107,-18],[-51,-69],[-49,-15],[-131,68],[-66,5],[-74,59],[-26,-18],[-47,-147],[-63,-36],[-32,19],[-49,124],[-56,28],[-298,-26],[-170,24],[-96,-47],[-92,18],[-170,-91],[-70,-62],[-84,-108],[-76,-179],[-113,-152],[-100,-79],[-84,-144],[-66,-280],[-123,-89],[-39,-97],[-68,-66],[-48,-89],[-73,-48],[-60,-122],[-85,-86],[-123,-237],[-40,-138],[-106,-207],[-33,-19],[-53,-96],[-164,-198],[-92,-82],[-79,-158],[-118,-135],[-59,-33],[-77,-120],[-14,-72],[13,-77],[165,-104],[107,21],[155,5],[7,-119],[-14,-69],[-24,-297],[10,-90],[46,25],[75,-13],[28,144],[-45,72],[79,109],[80,0],[-43,-89],[-48,-39],[79,-92],[59,-17],[-53,-57],[-36,-111],[-82,-90],[30,-29],[114,15],[59,31],[84,86],[35,129],[52,27],[1,-91],[-89,-207],[56,9],[58,146],[17,211],[-7,194],[113,-72],[60,-17],[108,59],[131,-159],[46,-168],[95,-152],[88,-72],[59,-112],[44,-30],[7,-76],[-61,-119],[-82,54],[-3,-37],[59,-100],[47,-40],[-3,-204],[-31,-81],[10,-47],[88,-134],[-28,-85],[-5,-96],[-66,-136],[-55,-76],[-26,-145],[-42,-128],[-5,-127],[-41,-177],[-13,-179],[17,-292],[24,-34],[-44,-120],[15,-222],[-58,-382],[19,-63],[-43,-135],[-15,-175],[-47,-141],[-174,-307],[-103,-355],[-116,-229],[-54,-220],[-15,-142],[-35,-56],[-29,-150],[-94,-227],[-23,-77],[-72,-126],[-77,-173],[-96,-157],[-95,-245],[-58,-109],[-31,-126],[-74,-81],[-95,-283],[-14,-96],[-62,-106],[-35,-112],[-122,-165],[-149,-175],[-41,-66],[-83,-83],[-34,-1],[-119,-93],[-45,78],[-37,-10],[-43,58],[-63,24],[-50,-19],[9,250],[-7,53],[-78,-137],[-45,-17],[40,131],[-60,-18],[-78,-182],[-34,-123],[-65,-138],[-125,22],[35,-94],[-41,-155]],[[63178,98067],[127,-29],[152,-5],[66,-62],[0,-60],[-178,25],[-74,62],[-49,-10],[-83,-96],[-81,-31],[-93,0],[-45,-61],[-104,-20],[-47,87],[-92,-23],[-204,52],[61,29],[334,58],[131,14],[62,42],[117,28]],[[63966,98118],[145,-9],[250,-159],[-154,-59],[-52,-45],[-189,-9],[-121,-21],[-14,-51],[-58,-34],[-191,-5],[-58,-56],[65,-9],[15,-81],[-110,23],[-54,-70],[-61,26],[-63,-31],[-85,17],[95,70],[-23,19],[-125,-6],[-28,-30],[-98,-4],[-96,83],[281,141],[208,48],[61,-43],[129,6],[27,30],[-11,108],[27,77],[74,31],[214,43]],[[68823,94818],[-177,-91],[-235,-88],[-184,-55],[-116,-46],[-261,-85],[-167,-35],[-443,-170],[-125,-76],[-72,-4],[-177,-173],[-68,-10],[-65,-59],[72,-46],[-77,-76],[-67,-37],[-65,1],[7,-57],[-49,-36],[-99,56],[-39,-131],[-48,-31],[-109,25],[36,-147],[-62,-113],[-187,-81],[29,-115],[-32,-57],[-86,39],[-44,-7],[70,-110],[-113,-109],[-47,-97],[-92,-43],[-57,-5],[-109,34],[-135,8],[-151,68],[-66,-3],[-130,-70],[-47,92],[20,43],[-101,109],[-22,49],[174,119],[71,17],[105,159],[89,164],[205,44],[-37,43],[-79,10],[-22,50],[92,118],[84,72],[78,42],[-44,39],[-95,-7],[-52,86],[63,49],[148,-68],[85,103],[-9,75],[68,23],[144,-30],[49,117],[86,60],[-9,50],[100,39],[128,95],[321,91],[23,59],[45,20],[125,6],[59,-23],[31,34],[-6,80],[47,34],[162,6],[190,-42],[139,4],[154,52],[261,48],[135,75],[69,10],[185,80],[55,94],[213,125],[228,62],[102,-15],[130,-40],[108,-102],[19,-57],[-12,-95],[-204,-203],[-111,-33]],[[65366,92756],[227,-36],[81,-39],[-67,-118],[-5,-131],[-24,-41],[-100,-16],[-30,-118],[-48,-16],[-24,-78],[12,-107],[33,-65],[-61,-201],[48,-46],[40,-127],[119,-242],[114,-168],[122,-127],[164,-94],[39,-45],[-133,-98],[-138,40],[-38,58],[-70,-10],[84,-85],[-35,-22],[-82,67],[-96,-30],[-30,54],[-125,-18],[-103,8],[-61,45],[-13,-43],[-74,45],[-170,49],[-94,42],[64,29],[-7,97],[75,12],[-7,40],[90,-1],[-157,121],[-76,72],[13,100],[-127,-33],[-136,30],[-133,-44],[-69,35],[-50,87],[-20,91],[1,110],[39,97],[84,57],[102,-16],[103,120],[35,129],[32,47],[14,83],[-64,10],[-43,39],[78,97],[59,27],[96,2],[-34,39],[-13,123],[44,54],[110,49],[94,-12],[198,78],[143,-56]],[[76812,98223],[64,-83],[183,-82],[116,-30],[7,-71],[-177,-32],[-54,-82],[62,-122],[47,-28],[-68,-58],[-366,-45],[-249,-18],[-110,-18],[-192,-81],[-61,-1],[-181,66],[-222,54],[-31,31],[-126,33],[-31,62],[103,84],[189,39],[112,119],[78,63],[-186,-8],[48,79],[84,67],[81,31],[77,4],[140,36],[131,18],[125,52],[27,58],[179,7],[201,-144]],[[77131,97577],[95,-95],[-58,-47],[-50,-75],[7,-63],[114,99],[81,-12],[67,118],[194,-25],[120,-68],[93,-100],[-40,-27],[-38,-78],[-28,-214],[-40,-33],[-137,11],[76,-46],[56,-68],[83,-25],[31,-94],[-136,-90],[-172,-11],[-113,-21],[-99,23],[-139,4],[-173,75],[-35,36],[-128,22],[-153,-10],[-73,68],[-111,-34],[-95,26],[-132,155],[-27,67],[-128,35],[-135,5],[-56,26],[93,95],[123,50],[114,90],[25,79],[130,65],[48,44],[81,-47],[60,53],[256,-1],[195,34],[154,4]],[[78578,96941],[-38,-104],[-93,-191],[49,25],[101,130],[69,11],[131,56],[70,-19],[46,-78],[87,-25],[14,-68],[50,-32],[69,14],[73,-26],[46,-107],[1,-117],[-134,-104],[-148,-12],[-161,-54],[-199,-2],[-57,-48],[-50,26],[-257,-21],[-136,-2],[-45,-34],[-266,-118],[-66,-13],[-96,13],[-59,44],[72,99],[131,113],[66,165],[8,74],[64,77],[122,0],[-27,77],[48,88],[6,71],[40,57],[97,35],[13,68],[65,14],[50,-75],[68,-6],[-19,83],[28,40],[141,-27],[86,-66],[-60,-31]],[[88902,94530],[94,-23],[30,-75],[89,-41],[35,49],[-5,117],[30,86],[126,104],[71,-20],[199,-144],[130,-54],[72,-9],[139,35],[436,-196],[29,-39],[-94,-28],[-82,-88],[44,-68],[-133,-117],[-107,-41],[-236,51],[-98,106],[-25,50],[2,145],[74,81],[-17,38],[-108,5],[-129,-42],[18,-143],[31,-78],[98,-150],[87,-50],[55,-65],[-97,-72],[-85,-33],[-52,20],[-83,100],[-66,-6],[-122,-42],[-290,-54],[-141,82],[-42,-12],[-78,-182],[-63,-22],[-65,31],[-215,68],[-114,149],[-129,81],[-59,78],[-6,92],[85,-12],[-21,145],[15,137],[25,23],[97,-16],[-57,106],[34,55],[98,28],[64,62],[198,57],[53,-62],[176,-109],[85,-88]],[[90776,94208],[73,-5],[121,54],[260,-19],[12,-99],[32,-26],[84,-6],[53,24],[284,-30],[118,-84],[81,40],[-49,-149],[-87,-55],[-204,-66],[-152,0],[-209,19],[-57,18],[-129,94],[-135,28],[-122,81],[-154,59],[30,138],[50,116],[28,16],[59,-50],[13,-98]],[[99683,91010],[-19,-3],[-46,158],[73,130],[96,65],[86,87],[126,63],[0,-383],[-98,-66],[-137,-13],[-81,-38]],[[89655,79445],[60,-178],[-16,-244],[95,-406],[18,-179],[-1,-246],[-42,-186],[-4,-187],[38,-239],[7,-113],[38,-79],[22,-158],[56,-521],[22,-157],[64,-273],[43,-243],[20,-168],[44,-183],[71,-127],[7,-162],[-25,123],[-138,277],[-44,48],[-65,25],[-98,-15],[-77,-65],[-147,-793],[-5,-235],[32,-142],[54,-102],[39,-119],[23,-156],[36,-145],[74,-30],[27,-275],[-42,-234],[-3,136],[-19,179],[-19,58],[-126,33],[-38,74],[-32,-7],[-48,-103],[-55,-328],[-36,-121],[-32,68],[-37,308],[10,171],[48,314],[-20,315],[60,300],[-13,194],[-66,257],[-9,67],[43,231],[34,346],[3,455],[-23,210],[8,184],[30,157],[0,157],[-32,146],[-103,216],[24,37],[-39,101],[-2,239],[40,199],[19,341],[-13,211],[39,82],[49,28],[49,-64],[58,30],[7,144],[43,171],[-10,52],[-93,219],[60,-1],[39,97],[19,-16]],[[312,91538],[145,-34],[106,-97],[122,-90],[3,-68],[-83,-70],[-196,-37],[-175,-52],[-97,-12],[-137,49],[0,383],[86,29],[226,-1]],[[59948,87037],[12,-73],[-22,-71],[-69,123],[79,21]],[[61864,88107],[-65,23],[42,34],[23,-57]],[[64695,91389],[84,-145],[-44,-90],[-59,38],[-27,67],[-53,49],[-83,24],[13,51],[60,20],[109,-14]],[[96677,79566],[11,-37],[-164,198],[-13,43],[122,-116],[44,-88]],[[94643,91007],[-59,-2],[-16,80],[33,-7],[42,-71]],[[94851,89655],[-2,66],[-90,81],[8,157],[-15,96],[110,119],[31,-33],[-22,-109],[-52,-48],[12,-185],[34,-96],[-14,-48]],[[92467,94736],[-27,-25],[-64,41],[67,36],[24,-52]],[[91430,95115],[-209,-8],[89,69],[191,25],[-71,-86]],[[88321,91489],[-69,-59],[-70,42],[-54,-19],[-51,61],[56,26],[149,6],[39,-57]],[[79915,96150],[-60,-51],[-38,29],[-95,-2],[-163,31],[47,19],[257,15],[52,-41]],[[81243,95088],[51,-79],[-36,-42],[-105,70],[-40,59],[130,-8]],[[76814,94846],[16,-40],[-67,-6],[-14,-64],[-274,66],[19,52],[59,-28],[54,32],[101,-16],[33,24],[73,-20]],[[76745,95373],[-119,-36],[-49,32],[-114,-1],[162,55],[188,76],[9,-53],[-77,-73]],[[74864,95487],[-103,27],[39,53],[93,6],[13,-39],[-42,-47]],[[70738,92450],[-133,72],[-22,33],[27,61],[58,15],[154,-48],[-61,-21],[-23,-112]],[[70973,92861],[-36,14],[54,45],[100,23],[34,-17],[-63,-63],[-89,-2]],[[73207,93294],[-38,-23],[-165,37],[92,42],[101,-21],[10,-35]],[[68706,90097],[-22,-61],[-66,28],[52,65],[36,-32]],[[68488,90809],[-31,14],[-15,117],[46,-131]],[[69450,87966],[-49,-8],[-54,53],[-51,106],[10,25],[159,-39],[9,-89],[-24,-48]],[[63903,97518],[-23,-10],[-115,70],[91,50],[102,-8],[19,-33],[-74,-69]],[[64280,97426],[-266,-13],[-100,39],[234,80],[89,-32],[-4,-40],[47,-34]],[[64098,98203],[-66,-1],[-39,40],[94,48],[64,-44],[-53,-43]],[[65410,97658],[-79,-33],[-60,21],[73,49],[66,-37]],[[65115,97798],[-39,-36],[-129,39],[18,91],[147,-46],[3,-48]],[[66580,97435],[-100,-23],[-114,43],[7,41],[166,53],[72,-25],[30,-62],[-61,-27]],[[66283,98199],[78,-102],[-12,-83],[-159,-10],[-97,20],[-52,67],[-96,19],[-54,72],[124,10],[109,61],[159,-54]],[[63328,73178],[0,0]],[[63962,89855],[5,-68],[-33,-36],[-20,62],[-130,-187],[-123,-58],[-143,-31],[-63,50],[-45,166],[12,161],[86,117],[90,52],[75,1],[262,-179],[27,-50]],[[67603,97958],[-103,9],[-134,77],[165,102],[273,22],[59,125],[137,15],[103,-37],[58,-62],[15,-88],[-122,-79],[-125,-45],[-326,-39]],[[66098,97552],[-43,-13],[-113,25],[-31,38],[-27,143],[-30,68],[124,-13],[266,-7],[136,-35],[79,-51],[-238,-17],[-32,-15],[-8,-67],[-83,-56]],[[67268,98053],[17,-28],[-42,-125],[-86,-11],[-47,-47],[-87,-21],[-65,-61],[-91,12],[-124,42],[-174,-45],[-96,64],[23,134],[57,73],[139,23],[51,-33],[57,2],[310,62],[140,-18],[18,-23]],[[66983,98135],[-87,-15],[-214,39],[147,72],[242,12],[30,-38],[-118,-70]],[[64866,97596],[-184,-8],[-143,28],[-36,35],[130,39],[48,59],[132,0],[44,-56],[101,-38],[-92,-59]],[[65855,97713],[12,-24],[-12,-157],[-26,-16],[-326,11],[-25,12],[80,70],[4,97],[175,-8],[14,23],[104,-8]],[[66058,98554],[57,-44],[117,-14],[35,-32],[-53,-22],[-143,-13],[44,-80],[-29,-41],[-128,-43],[-175,72],[-86,-44],[-89,34],[-132,-25],[-69,86],[87,13],[104,-18],[69,59],[88,25],[103,83],[200,4]],[[65199,98251],[209,-68],[194,7],[84,-22],[122,-60],[217,-85],[-31,-26],[-213,-64],[-138,-22],[-168,3],[-48,47],[-117,34],[-125,-9],[-38,31],[-129,21],[-6,41],[89,23],[14,58],[60,89],[24,2]],[[67680,98598],[-213,0],[-102,35],[-114,15],[49,19],[142,8],[254,-22],[-16,-55]],[[66193,98673],[-92,-14],[5,71],[42,22],[313,19],[41,-21],[-15,-46],[-294,-31]],[[75745,97244],[-148,0],[-285,155],[-15,54],[98,47],[208,-2],[116,-35],[247,-39],[90,-25],[-56,-62],[-124,-56],[-131,-37]],[[75435,98269],[-96,-55],[-346,35],[-21,41],[47,30],[288,-10],[103,-11],[25,-30]],[[89169,93243],[-140,-57],[-90,60],[-23,127],[85,58],[123,5],[52,-22],[17,-53],[-24,-118]],[[89495,93170],[126,-65],[196,-165],[33,-78],[8,-149],[-83,-18],[-236,22],[-207,41],[-115,55],[-145,44],[-75,-11],[-102,-52],[-67,-5],[-27,50],[193,40],[59,58],[80,150],[56,62],[236,34],[70,-13]],[[87763,94235],[-138,-14],[39,132],[-9,42],[38,147],[57,-106],[74,-63],[-52,-59],[-9,-79]],[[87832,93182],[-21,-20],[-200,223],[-4,36],[67,-23],[113,-91],[62,-74],[-17,-51]],[[88316,79937],[74,-42],[-31,-30],[-29,-120],[-92,-117],[-55,155],[-64,-59],[12,71],[45,88],[39,127],[101,-73]],[[96999,90133],[-79,-7],[-158,66],[-155,121],[21,45],[92,76],[45,5],[283,-94],[-49,-212]],[[95453,82408],[-45,-67],[-12,49],[41,44],[42,111],[9,152],[123,57],[103,88],[24,-176],[-12,-60],[-94,-33],[-88,-67],[-91,-98]],[[96291,79758],[-2,-102],[-50,94],[-39,26],[-57,117],[-35,113],[-67,73],[50,40],[96,-28],[-8,-103],[43,-112],[69,-118]],[[93002,75869],[-55,-13],[0,61],[59,187],[21,-11],[-27,-114],[2,-110]],[[93445,76816],[-22,-13],[-44,65],[58,92],[31,-14],[-23,-130]],[[93310,76566],[-35,-71],[-77,-40],[-33,-73],[-43,37],[-7,143],[60,50],[69,23],[56,199],[59,62],[8,-71],[-22,-154],[-35,-105]],[[92799,75501],[13,81],[28,-9],[-41,-72]],[[93234,76931],[-26,-8],[-24,73],[48,-2],[2,-63]],[[92527,74778],[0,0]],[[92222,74169],[-52,-77],[-28,46],[42,11],[83,170],[35,23],[-80,-173]],[[91579,73286],[-67,-34],[61,173],[36,26],[46,102],[108,135],[56,-3],[-88,-139],[-11,-55],[-87,-106],[-54,-99]],[[91277,73058],[-94,-71],[-97,-160],[-71,-9],[-26,-100],[-70,-111],[-29,-87],[-86,-105],[21,113],[47,69],[3,72],[77,126],[35,83],[91,115],[22,107],[26,-82],[74,15],[80,142],[60,1],[-10,-114],[-53,-4]],[[90753,71950],[-26,49],[57,33],[20,-40],[-51,-42]],[[90612,72480],[42,-51],[58,11],[-75,-112],[-51,-25],[-55,-100],[-41,-114],[-50,-68],[-9,-127],[-32,51],[6,94],[57,91],[76,192],[48,160],[26,-2]],[[81496,93525],[-36,-90],[-78,-53],[-54,-72],[-163,36],[-154,89],[-39,57],[105,7],[35,115],[22,15],[241,-48],[121,-56]],[[71180,97220],[60,-5],[248,-61],[64,-39],[-261,-6],[-4,36],[-134,24],[-28,47],[55,4]],[[72229,98063],[-258,-26],[-33,26],[66,79],[164,10],[172,-33],[-23,-42],[-88,-14]],[[69631,92606],[-82,-33],[-94,-7],[-33,33],[27,98],[-6,95],[42,60],[56,24],[164,25],[81,-46],[99,-116],[10,-77],[-75,-8],[-189,-48]],[[71564,92041],[-202,4],[-1,48],[69,52],[119,135],[47,0],[147,-55],[24,-50],[-203,-134]],[[72083,92344],[-172,21],[-53,36],[-10,63],[141,142],[54,-39],[51,-85],[-11,-138]],[[72825,94242],[14,-48],[-48,-7],[-20,-66],[-33,49],[-45,-26],[-55,62],[59,59],[60,-30],[-4,62],[70,13],[2,-68]],[[66791,90382],[-3,-147],[-62,-27],[-53,21],[-59,-15],[-65,30],[-21,90],[-100,39],[-53,-20],[-76,111],[-57,152],[89,117],[59,22],[84,-72],[91,-116],[89,-63],[137,-122]],[[55821,80068],[-101,-209],[82,-51],[83,18],[13,232]],[[55898,80058],[43,8],[46,-57],[144,-93],[137,-3],[17,-62],[55,-70],[-41,-266],[24,-96]],[[56323,79419],[-166,2],[-544,43],[-168,27]],[[55445,79491],[43,60],[51,145],[9,120],[37,25],[80,-4],[35,31],[105,205]],[[55805,80073],[16,-5]],[[59722,73350],[103,-267],[52,-30],[76,64],[50,-21],[44,57],[112,-42],[-34,-113],[-16,-118],[-46,-28],[-100,-14],[-83,80],[-59,-99],[-56,-58],[-19,-66],[-103,3],[-69,-60],[-52,-129],[-57,-80],[-46,-26],[-71,32],[-57,85],[45,249],[-16,134],[-45,63],[-57,5],[-75,108],[-85,-14],[-29,53],[177,243],[38,12],[107,128],[-20,105]],[[58251,73017],[-20,-197],[-21,-96],[-142,-61],[0,119],[-18,47],[-25,-52],[9,-77],[-33,-172],[13,-42],[-58,-148],[4,-219],[-20,-170]],[[57940,71949],[-45,-1],[-104,57],[-46,116],[-127,24],[-94,103],[-166,-59],[-76,-54],[-79,-96],[-32,-73],[-89,-67],[-94,11],[-202,76],[-57,-22],[-192,63],[-86,15],[-85,-28],[-14,80],[43,69],[-22,57],[-67,78]],[[55622,73614],[74,41],[29,-23],[63,89],[56,-13],[62,120],[16,138],[49,67],[-1,61],[81,245],[23,117],[35,64],[1,77],[81,157],[108,50],[55,104]],[[57394,75128],[46,-3],[54,-71],[48,-137],[51,-225],[144,-370],[60,-96],[47,-237],[1,-134],[-35,-220],[-5,-116],[17,-230],[-24,-33],[38,-105]],[[64112,58610],[11,70],[-19,204],[-4,188],[30,118],[37,259],[72,121],[78,-176],[8,-86],[-24,-180],[32,-265],[-4,-129],[-44,-209],[-45,-43]],[[45224,64296],[38,-37],[35,18],[66,-58],[-41,-78],[-92,52],[-6,103]],[[47942,67330],[-24,-8],[-95,-114],[-84,50],[-128,31],[-111,-62],[51,280],[6,213],[-24,159],[21,158],[-21,185],[59,-16],[-37,66],[-115,-49],[-10,147],[44,28],[32,75],[6,150],[-50,-193],[-62,-31],[-32,23],[27,428],[63,143],[87,404],[-14,44],[32,300],[24,104],[8,195],[-23,179],[-20,259],[-19,127],[28,76]],[[43048,67176],[0,0]],[[41350,68898],[-40,-9],[6,72],[34,-63]],[[42479,68361],[-64,12],[-23,74],[35,26],[61,-44],[-9,-68]],[[42283,68299],[-113,70],[-34,62],[147,-132]],[[42044,68277],[-56,52],[40,28],[16,-80]],[[42181,68226],[-23,-48],[-62,17],[-16,102],[30,0],[71,-71]],[[42875,67796],[130,-2],[-20,-73],[-52,-14],[-82,34],[-27,44],[13,60],[38,-49]],[[55231,76009],[-7,72],[-59,101],[-9,86],[-72,24],[-77,86],[-42,-45],[-80,131],[34,25],[3,74],[-85,-31],[-73,87],[-79,26],[35,-109],[-87,-115],[-23,18],[-73,172],[-35,40],[58,106],[-38,57],[-76,-31],[-77,90],[-104,51],[-27,103],[-74,40],[-3,-90],[-48,-20]],[[54113,76957],[43,167],[15,110],[-31,149],[-50,42],[4,73],[-39,144],[42,176],[-13,88],[-42,107],[18,119],[-29,83],[-107,163],[18,74],[49,86],[13,126],[-44,314]],[[53960,78978],[90,-64],[-7,129],[-95,34]],[[53948,79077],[-1,56]],[[53947,79133],[48,-18],[92,66],[329,166],[80,25],[103,186],[91,30],[104,93],[162,62],[133,15],[121,-108],[12,-36],[-101,78],[64,-221],[86,-58],[119,27],[55,51]],[[56323,79419],[16,27],[54,-33],[121,-144],[9,-143]],[[56523,79126],[32,-240],[53,-231],[27,-171],[8,-182],[-20,-74],[-121,-104],[-57,-126],[-2,-57],[73,-61],[54,-91],[-8,-163],[-24,-134],[18,-71]],[[83638,54265],[43,-36],[94,-132],[70,-57],[54,23],[30,112],[42,-59],[-1,-119],[-32,-119],[-8,-282],[24,-161],[42,-90],[5,-91],[31,-37],[-26,-213],[-55,-273],[-25,-176],[-97,-76],[-53,-101],[-10,-75],[13,-110],[-60,-244],[84,-413],[-19,-39],[6,-141],[33,-220],[24,-74],[63,-82],[37,-12],[21,47],[-24,107],[80,122],[102,-50],[60,-205],[-4,-120],[48,-29],[18,62],[-10,98],[17,61],[31,-67],[81,-58],[37,-60],[-14,-54],[-56,-13],[-16,-41],[75,-265],[-9,-112],[99,-52],[-1,-172],[-22,-158],[-50,86],[11,176],[-81,-19],[-88,93],[-4,120],[-37,160],[-74,105],[-84,222],[-35,-14],[11,-162],[45,-184],[2,-100],[-21,-42],[-62,230],[-85,188],[-82,105],[-37,-15],[-54,-88],[-29,-100],[-39,-6],[-76,86],[-25,86],[-31,11],[-26,-67],[-5,270],[85,214],[5,107],[-99,167],[-11,-81],[12,-200],[-42,-21],[-52,240],[-47,40],[-12,186],[-29,222],[-12,287],[-34,120],[1,173],[16,51],[57,-100],[35,-97],[49,14],[15,109],[-24,216],[5,164],[24,136],[4,340],[-18,141],[67,612],[60,67],[79,8]],[[82586,47104],[-26,-51],[10,123],[26,121],[149,371],[39,20],[141,369],[136,394],[56,87],[25,148],[-15,111],[67,353],[16,-56],[-9,-221],[44,-282],[-25,-102],[-63,-56],[-49,-188],[-114,-102],[-2,-105],[-57,-242],[-37,-117],[-84,-109],[-40,-158],[-58,-104],[-58,-61],[-15,-73],[-57,-70]],[[84026,49339],[32,-36],[32,31],[57,-55],[-10,-62],[73,66],[-23,-238],[-76,-146],[-9,-117],[-69,-93],[-90,-48],[-58,-116],[-7,291],[24,159],[15,384],[-10,56],[-49,48],[20,75],[91,-89],[57,-110]],[[84202,47544],[-38,-4],[-35,184],[-85,114],[-42,149],[-3,91],[20,97],[67,20],[40,68],[3,139],[-14,155],[39,137],[7,132],[76,76],[71,-50],[15,-100],[-20,-140],[-42,-181],[-13,-141],[-37,-183],[-4,-182],[48,-234],[-53,-147]],[[84603,49148],[42,-15],[27,56],[30,-21],[32,-167],[-9,-246],[49,-141],[18,-226],[-31,-52],[-43,125],[11,-235],[-69,95],[-11,191],[13,240],[-34,127],[-61,-27],[-32,431],[68,-135]],[[84788,49981],[22,-145],[60,-91],[-22,-169],[14,-287],[29,-156],[-10,-59],[36,-52],[-76,-37],[-55,23],[-40,100],[-48,191],[22,145],[-31,8],[-57,173],[-65,92],[-33,177],[-9,117],[76,-31],[162,33],[25,-32]],[[83528,50651],[59,15],[57,-84],[23,36],[88,-212],[-11,-207],[16,-140],[-35,-151],[-5,-87],[-44,-57],[-76,160],[-18,140],[-34,102],[-3,126],[-32,141],[-39,64],[-15,94],[-32,13],[17,73],[84,-26]],[[85001,47724],[52,-31],[-1,-107],[36,-197],[-50,-153],[9,-47],[54,-54],[4,-110],[22,-87],[-7,-261],[38,-109],[3,-303],[-40,-165],[-68,-113],[13,-83],[-14,-299],[-22,127],[-9,171],[-71,423],[-37,-50],[-14,-111],[-66,-218],[-6,-74],[58,-158],[23,-169],[-1,-174],[-59,-221],[-47,-23],[-15,124],[10,159],[-22,20],[-43,-135],[-30,4],[-81,86],[-117,165],[-38,121],[-8,184],[-17,139],[16,176],[32,74],[13,125],[-66,189],[-84,108],[-48,-7],[-29,-282],[-59,86],[-22,120],[-30,-109],[-41,-11],[-14,135],[-49,29],[-33,-64],[-98,-508],[-50,13],[-11,162],[34,116],[24,314],[57,154],[93,73],[66,17],[24,45],[0,95],[42,113],[54,38],[26,94],[68,-58],[47,-133],[8,-171],[-35,-92],[124,120],[35,197],[35,69],[47,-59],[31,28],[15,219],[23,69],[76,-73],[19,112],[80,-9],[10,89],[-34,372],[30,63],[99,-173],[36,-136]],[[84269,47815],[-12,90],[21,219],[-5,55],[90,357],[61,345],[10,157],[20,61],[4,-485],[-28,-189],[-70,-132],[-57,-380],[-34,-98]],[[83866,54462],[-27,-36],[18,104],[9,-68]],[[83755,54791],[3,-64],[-41,40],[38,24]],[[83877,55497],[0,0]],[[83854,55790],[0,0]],[[83655,45441],[15,-51],[49,-1],[-27,-93],[-21,51],[-80,-33],[-9,78],[39,63],[34,-14]],[[82521,46713],[-30,8],[6,109],[24,13],[0,-130]],[[83309,48544],[-34,-21],[-8,68],[24,62],[44,-49],[-26,-60]],[[83360,49728],[36,37],[31,-101],[-7,-45],[-85,-3],[-39,166],[13,52],[51,-106]],[[83343,49401],[-21,-24],[-28,200],[48,-25],[1,-151]],[[84068,48535],[-30,-34],[-1,129],[46,94],[10,-61],[-25,-128]],[[84609,48053],[-65,-111],[-66,-22],[-52,18],[-33,136],[67,128],[32,95],[45,18],[67,-94],[5,-168]],[[83402,44864],[-37,-29],[-44,-96],[-36,38],[105,146],[12,-59]],[[83914,45689],[-37,-9],[-42,139],[69,90],[64,-72],[-24,-110],[-30,-38]],[[85016,48038],[-19,51],[23,155],[27,-182],[-31,-24]],[[84913,48142],[-54,144],[8,134],[34,90],[0,-135],[16,-122],[-4,-111]],[[83408,50842],[0,-48],[-47,70],[5,53],[42,-75]],[[83864,50694],[56,-54],[2,-69],[-33,-113],[-48,87],[10,167],[13,-18]],[[83914,49860],[-22,-176],[-20,197],[16,150],[40,38],[-14,-209]],[[84070,49827],[-14,-16],[-50,119],[50,26],[14,-129]],[[84244,50210],[24,-107],[-87,206],[-29,46],[26,38],[66,-183]],[[84381,49929],[-9,-39],[-43,166],[34,-16],[18,-111]],[[84365,49812],[53,-83],[37,-143],[1,-150],[-143,312],[-31,-1],[-72,-189],[30,330],[-9,132],[63,-57],[71,-151]],[[84542,50759],[-50,-71],[-38,92],[24,90],[0,133],[28,69],[53,-145],[-17,-168]],[[83937,51052],[-61,75],[1,51],[60,-126]],[[83897,51725],[-17,-79],[14,-94],[-31,-66],[4,94],[-29,116],[6,52],[53,-23]],[[84531,48629],[0,0]],[[84799,48190],[-33,57],[20,37],[13,-94]],[[84148,46379],[-36,-66],[4,80],[32,-14]],[[84939,46065],[-28,78],[28,40],[0,-118]],[[84613,49252],[-35,-4],[-34,127],[42,15],[27,-138]],[[84668,47599],[-39,-7],[19,78],[20,-71]],[[83680,54594],[0,0]],[[83294,49276],[-2,-93],[-35,27],[37,66]],[[84376,49105],[16,-93],[-22,1],[6,92]],[[83974,49982],[0,0]],[[84991,47916],[0,0]],[[84681,49325],[-20,-10],[-14,95],[34,-85]],[[82598,46946],[0,0]],[[84360,47666],[-23,-95],[-34,63],[45,61],[12,-29]],[[30565,38184],[-25,-69],[-51,23],[-46,106],[-110,-16],[-48,-125],[-73,-27],[-79,-57],[-90,-24],[-115,-172],[-122,-224],[-53,-40],[-25,-360],[-72,-326],[28,-173],[0,-86],[-29,-69],[-72,-81],[-72,-159],[-13,-123],[23,-129],[-7,-51],[-60,-30],[-10,-125],[50,-129],[28,-30],[-16,-109],[46,-147],[17,-141],[53,-94],[16,-123],[28,-46],[63,-192],[1,-90],[-66,-205],[110,1],[120,-70],[17,-33],[16,-153],[25,-49],[-3,-113],[160,-1],[102,28],[75,141],[92,202],[20,-159],[-20,-84],[-1,-835],[30,45],[39,-79],[48,8],[72,83],[106,-16]],[[30672,33457],[248,-1091],[-20,-130],[-61,-136],[-1,-434],[-26,-131],[54,-363],[-34,-47],[-3,-78],[-61,-155],[-12,-105],[-23,-35],[-4,-118],[56,-192],[-68,-258],[7,-94],[49,-290],[23,-52],[61,-28],[16,-65],[-42,-56],[-4,-146],[-49,-89],[-67,-225],[-52,-79],[29,-133],[3,-82]],[[30691,28845],[-48,-102],[-47,-38],[14,-138],[-10,-136],[-24,-79],[-72,-84],[-65,-14]],[[30439,28254],[-111,206],[-34,85],[-110,175],[-17,184],[-37,90],[-94,100],[-67,105],[-99,207],[-91,66],[-168,218],[-118,107],[-90,169],[-62,55],[-51,95],[-153,202],[-47,165],[-34,59],[-38,137],[-111,187],[-67,287],[-32,65],[-2,130],[-22,60],[33,43],[21,202],[-12,102],[-56,183],[-36,202],[-56,209],[-21,125],[-89,203],[-18,279],[-25,93],[-90,172],[-9,187],[-20,130],[-125,526],[-72,506],[-37,151],[-49,293],[-2,86],[-45,150],[-24,137],[-102,263],[-58,294],[-8,86],[-40,162],[-97,293],[-195,259],[-92,158],[-10,81],[24,91],[28,-34],[30,72],[-16,199],[-63,217],[17,98],[-64,252],[15,245],[14,62],[95,248],[26,106],[131,241]],[[27687,38780],[15,-25],[26,-319],[-35,-90],[-37,19],[-20,-64],[15,-96],[28,-2],[-37,-130],[29,-50],[68,118],[95,-127],[44,16],[34,-60],[4,-92],[47,-181],[71,-45],[60,230],[48,72],[2,166],[36,239],[36,148],[21,267],[33,-65],[12,98],[90,259],[328,295],[164,302],[144,424],[45,427],[44,-19],[-4,279],[-45,103],[-18,113],[-38,88],[42,-24],[53,36]],[[29087,41090],[41,39],[54,-97],[39,-8],[13,-69],[39,-51],[55,-148],[23,-190],[25,-84],[53,-41],[53,-118],[55,-37],[48,-203],[-1,-110],[83,-96],[20,-177],[-8,-139],[74,-91],[73,40],[64,-55],[114,72],[64,123],[99,-128],[56,15],[23,47],[55,19],[94,-140],[134,-169],[6,-65],[-184,-726],[57,-59],[53,36],[28,-48],[20,-118],[56,-130]],[[33844,26974],[44,-212],[6,-135],[18,-23],[4,-129],[20,-88],[-12,-251],[-20,-98],[8,-144],[-11,-289],[65,7],[42,-58],[92,-9],[84,-54],[84,26],[31,93],[35,7],[57,-133],[95,-19],[28,-144],[36,-112],[-10,-97],[38,-426],[-6,-117],[22,-74],[12,-186],[62,-47],[59,30],[99,114],[106,-165],[-21,-57],[11,-125],[-9,-156],[-28,-239],[-17,-248],[-38,-150],[-1,-101]],[[34829,23165],[-5,-302],[-13,-213],[-41,-242],[-30,-36],[-56,-160],[-81,-55],[-38,-99],[-8,-98],[-34,-89],[-98,76],[-48,-42],[-36,-120],[-65,49],[-74,19],[-67,-21],[-77,28],[-117,80],[-99,31],[-121,-29],[-11,83],[57,193],[32,45],[36,161],[-3,174],[34,171],[53,93],[38,218],[51,115],[-5,91],[-65,189],[-87,112],[-64,12],[-43,82],[-57,40],[-180,234],[-65,132],[-79,122],[-61,59],[-109,32],[-93,74],[-54,72],[-49,140],[-82,116],[-118,234],[-79,315],[-44,122],[-70,105],[-7,39]],[[32597,25517],[104,822],[0,355],[100,356],[44,289],[68,27],[418,218],[255,8],[253,-374],[11,-128],[-6,-116]],[[92490,37817],[-21,-53],[-59,235],[5,152],[-27,202],[-68,230],[-45,114],[-61,37],[-110,211],[-142,229],[-89,63],[22,18],[0,99],[97,-152],[14,-57],[70,-51],[92,-162],[62,-55],[41,-112],[233,-490],[32,-173],[-25,-88],[-21,-197]],[[92198,38141],[56,59],[22,-51],[58,-39],[-12,-106],[10,-169],[-39,-157],[-68,-35],[-5,-102],[41,-146],[-18,-72],[-59,-75],[-97,9],[-26,-137],[-54,-122],[-51,-66],[-66,-40],[-105,-144],[-216,-10],[-75,149],[-71,-35],[-88,149],[-113,106],[-16,155],[24,52],[37,-26],[121,17],[68,-62],[64,-1],[43,41],[56,-6],[36,54],[23,290],[35,-25],[-25,-81],[7,-171],[54,-75],[61,53],[30,-43],[90,69],[52,218],[52,108],[69,16],[27,38],[-2,173],[-31,205],[11,102],[63,-11],[27,-56]],[[89159,34747],[0,1558],[-31,116],[3,91],[28,187],[0,2064],[-1,565]],[[89158,39328],[59,-13],[223,-236],[62,-84],[193,-167],[168,-78],[140,-248],[129,-29],[41,-118],[31,-26],[97,-225],[69,-25],[120,-309],[7,-249],[-13,-158],[30,-49],[98,-52],[55,-50],[175,-213],[95,-22],[53,-75],[65,-182],[15,-166],[-12,-107],[-127,-27],[-65,14],[-46,-79],[2,-67],[40,-167],[23,-149],[149,-350],[111,-160],[34,-317],[57,-99],[36,-252],[58,-26],[85,51],[42,-38],[-13,-236],[17,-65],[59,-63],[138,-51],[3,-54],[-62,-48],[32,-146],[136,-124],[84,-48],[51,15],[-59,-72],[-53,22],[12,-84],[44,-64],[-46,-84],[-45,-13],[-85,55],[-73,158],[-111,44],[-116,24],[-62,63],[-78,-18],[-78,60],[-28,-15],[-78,41],[-60,111],[-40,167],[-109,202],[-25,99],[10,132],[-30,-20],[-44,44],[-67,269],[-44,132],[-31,147],[-42,120],[-85,87],[-72,16],[-152,108],[-16,102],[-98,45],[-22,-79],[-57,-60],[-91,64],[-49,124],[61,-314],[-15,-52],[-93,23],[17,-151],[-144,-78],[-108,27],[-72,-31],[7,-37],[90,17],[87,-91],[55,-132],[23,-99],[-7,-112],[-141,-170],[-59,-88],[-116,111],[-169,-29],[-60,43],[-75,-50],[-44,72]],[[91117,37064],[-42,55],[-26,85],[4,95],[72,-83],[-8,-152]],[[90560,37839],[-32,-5],[-1,90],[26,46],[7,-131]],[[92408,38960],[-7,-62],[-29,88],[27,37],[9,-63]],[[92249,39090],[-12,-33],[-23,105],[35,-72]],[[91601,40072],[-27,-17],[-34,74],[9,83],[40,-54],[12,-86]],[[91966,34113],[60,45],[-18,-168],[-76,72],[-51,270],[77,-162],[8,-57]],[[91762,34483],[-20,-4],[-46,97],[28,110],[31,-41],[7,-162]],[[91973,35018],[-6,116],[-22,32],[31,74],[-3,-222]],[[92855,33169],[-60,-41],[10,76],[50,-35]],[[89884,35196],[-73,80],[72,-17],[1,-63]],[[90881,37342],[-47,88],[35,82],[21,-43],[-9,-127]],[[90851,39785],[93,-45],[-54,-111],[-78,-5],[-50,28],[-56,-42],[31,165],[114,10]],[[91787,39291],[-75,2],[-57,131],[74,63],[56,-61],[2,-135]],[[91813,34587],[39,-58],[33,8],[25,-67],[4,-109],[-127,30],[20,63],[-20,124],[26,9]],[[92397,34859],[49,-5],[52,-99],[-8,-71],[-69,30],[-57,110],[33,35]],[[92648,33088],[62,-77],[-57,-31],[-49,50],[-48,165],[92,-107]],[[89885,35089],[-35,11],[-71,137],[65,-68],[41,-80]],[[91076,39558],[0,0]],[[92209,39173],[0,0]],[[91915,33729],[0,0]],[[92682,38280],[0,0]],[[93321,36459],[-67,-124],[-55,23],[-49,76],[-37,137],[-2,155],[-54,68],[-63,169],[-20,157],[5,213],[75,-67],[27,-57],[37,-172],[40,-77],[26,-120],[48,-53],[68,-175],[21,-153]],[[92957,37341],[-30,227],[26,68],[26,-144],[-22,-151]],[[28507,47258],[-29,-112],[20,-51],[54,-276],[-1,-72],[-36,-67],[-2,-92],[-65,-115],[-41,118],[-3,-122],[-23,-66],[-20,-151]],[[28361,46252],[-75,222],[-58,250],[-12,114],[46,54],[-7,77],[46,93],[19,-67],[80,-106],[-70,135],[-25,121],[-34,-71],[-35,45],[-17,-74],[-29,192],[-29,60],[-130,200],[-98,6],[-69,-109],[-35,-149],[18,-31],[-104,-173],[-68,-43],[-25,-53],[0,-96],[107,-289],[17,-117],[-27,-47],[-49,-5],[-42,-106],[-113,-39],[-53,346],[-8,132],[-26,-32],[-17,-164],[-79,71],[-62,293],[-69,54],[-51,-14],[-21,82],[-36,-26],[-88,33],[-52,-53],[-3,-123]],[[26978,46845],[-40,172],[45,97],[5,78],[-21,124],[53,123],[-59,102],[0,274],[38,100],[44,-60],[22,49]],[[27065,47904],[54,-104],[9,-154],[37,4],[-11,-129],[46,-68],[83,15],[-32,129],[51,-85],[46,-135],[53,-33],[81,23],[63,52],[81,137],[116,90],[42,94],[34,25],[77,154],[156,-61],[23,-58],[119,-15],[117,-120],[70,-118],[37,-126],[90,-163]],[[28084,46988],[-18,114],[29,8],[-11,-122]],[[27332,46325],[-46,27],[-23,58],[11,98],[23,20],[10,-138],[25,-65]],[[27157,47766],[0,0]],[[28037,46974],[0,0]],[[86436,43294],[0,0]],[[87387,46360],[-17,-15],[-5,116],[40,97],[-18,-198]],[[71323,66262],[79,-388]],[[71402,65874],[-14,-83],[-60,-65],[-52,-116],[-39,15],[-79,-62],[-36,1],[-92,-117],[-72,23],[-73,72],[-66,5],[-181,84],[-94,-78],[-41,-163],[-1,-68],[47,-95],[-21,-58],[13,-63],[82,-20],[-8,-73],[-60,-69],[1,-110],[41,-88],[-9,-87],[-35,-100],[37,-117],[49,-59],[14,-157],[86,-8],[-1,-168],[36,-43],[55,3],[69,-63],[27,-65],[-22,-98],[-143,-135],[-51,-92],[-12,-74],[23,-174],[-21,-197],[32,-106],[-82,-100],[-92,-263],[-30,-59],[9,-150],[-34,-91],[-119,-112],[-34,-227],[-36,-174],[-63,-236],[-156,-195],[-45,-232],[-64,-172],[-22,-151],[-91,-66],[-99,-26],[-86,-83],[-38,10],[-31,147],[-62,62],[-72,-124],[-69,-264],[-91,-211],[-27,-260],[73,-125],[90,-34],[27,-76],[-6,-180],[-16,-101],[7,-114],[45,-143],[85,0],[22,-28],[1,-172],[63,-253],[47,-264],[-21,-141],[20,-61],[-91,-115],[-38,29],[-9,98],[-125,-92],[-21,-67],[-85,-14],[-44,71],[-122,-3],[-89,29],[-20,-31],[-1,-212],[-65,2],[-90,-77]],[[68934,57955],[-14,-74],[-22,67],[-49,39],[-11,-53],[-42,-12],[-29,50],[-71,206],[-5,136],[-33,273],[-130,74],[-1,257],[-75,246],[-59,10],[-24,-68],[63,10],[31,-44],[-65,14],[-98,-32],[-56,-45],[-76,13],[-96,-44],[-79,-3],[-33,-87],[-141,105],[-25,49],[-35,-42],[-59,30],[-46,-23],[-18,-100],[-89,31],[-43,-21],[-123,21],[-72,-84],[-32,63],[-31,-49],[-96,-12],[-43,45]],[[67107,58901],[23,399],[23,52],[16,227],[16,54],[103,81],[20,94],[36,49],[96,59],[85,-8],[21,23],[5,121],[18,29],[-2,140],[17,33],[-38,90],[-70,-24],[-45,33],[16,163],[-20,356],[3,176],[-52,-12],[-58,126],[-129,93],[-74,172],[-79,333],[-6,76],[-132,342]],[[66900,62178],[425,-305],[29,-12],[303,63],[148,-74],[46,81],[71,40],[110,-8],[73,17],[277,182],[38,93],[-21,100],[19,149],[-6,201],[31,215],[47,59],[46,139],[53,78],[101,-61],[46,11],[79,77],[-44,115],[122,120],[40,88],[78,-34],[43,34],[52,-110],[24,-8],[59,73],[55,140],[-11,349],[46,176],[26,237],[56,53],[61,12],[94,124],[7,57],[-42,177],[-74,195],[6,77],[29,31],[117,-71],[120,22],[57,48],[12,225],[-36,113],[91,237],[45,70],[46,152],[-21,75],[15,83],[-8,98],[-48,235],[-59,114],[121,277],[42,-3],[107,189],[129,91],[219,37],[100,4],[64,-46],[150,141]],[[70705,67220],[42,9],[55,-59],[46,25],[81,-52],[21,-123],[68,2],[48,-65],[37,-188],[-1,-150],[-18,-57],[46,-74],[21,-108],[29,-13],[84,54],[3,-81],[56,-78]],[[66311,55394],[-23,-6],[1,89],[40,112],[27,130],[19,-116],[-33,-65],[-31,-144]],[[65663,58744],[28,-185],[42,-173],[75,-225],[86,-160],[108,-84],[142,-61],[57,-66],[70,14],[54,-89],[72,-272],[78,-237],[62,-151],[80,-49],[-7,-204],[-41,-189],[-37,-119],[-41,-199],[-84,-148],[-48,-124],[-57,-215],[-60,-282],[-73,12],[10,124],[-40,-21],[-67,-229],[-41,-449],[13,-123],[14,-292],[-38,-41],[-138,-39],[-98,-105],[-47,-117],[-29,-297],[-47,-125],[-31,-26],[-182,-46],[-38,-30],[-62,-181],[11,-144],[-64,-241],[-81,-52],[-57,47],[-139,-18],[-31,-62],[-96,-111],[-87,-26],[-59,-53]],[[65577,59507],[24,101],[73,85],[-15,-368],[-21,-108]],[[53163,82712],[-6,48],[-148,56],[-53,145],[-13,264],[-8,-125],[-47,-48],[9,-168],[-70,-191],[-27,14],[-66,-50],[-58,113],[17,-76],[-22,-45],[-85,-63],[23,-36],[-129,-166],[-113,-190],[-99,-109],[-195,-87],[-75,18],[-53,-16],[-25,83],[-31,9],[-20,-61],[-49,39],[29,98],[-75,4],[-93,75],[-96,104],[-53,143],[11,175],[15,27],[136,-101],[61,103],[-61,-45],[-59,76],[18,168],[98,146],[-7,20],[-121,-128],[-78,-43],[-56,-88],[-53,-3],[-11,45],[15,160],[33,133],[47,50],[83,-37],[122,120],[-105,-26],[-29,48],[106,189],[8,72],[105,122],[15,-33],[-13,-146],[38,151],[40,94],[-127,-58],[-54,-51],[-69,-138],[-8,-56],[-50,-42],[-56,-130],[-72,-94],[-35,-17],[2,116],[28,103],[-3,76],[80,-12],[54,37],[-76,22],[-65,109],[-4,124],[105,98],[-84,-39],[-54,97],[-11,233],[24,23],[114,-10],[133,43],[85,-26],[135,43],[84,-123],[-11,87],[140,61],[-55,87],[-19,-84],[-93,-15],[-79,33],[-16,58],[-30,-95],[-30,-15],[-84,24],[-121,-14],[-89,-28],[-85,101],[-5,128],[93,37],[-47,41],[-67,117],[16,134],[134,-3],[153,-77],[125,14],[73,44],[-166,-12],[-183,66],[-87,8],[-18,49],[13,94],[60,-6],[49,112],[104,74],[48,-47],[138,41],[31,42],[-154,-42],[-5,28],[65,115],[109,19],[150,-25],[58,-42],[55,30],[-46,18],[3,43],[74,34],[81,8],[-14,28],[-177,-42],[-46,28],[-128,-36],[0,63],[63,118],[106,46],[51,54],[147,-6],[30,-67],[115,-105],[-4,24],[-125,197],[31,88],[86,19],[4,80],[-58,13],[3,63],[124,78],[81,-36],[6,-95],[46,78],[104,38],[66,-102],[12,-59],[101,52],[116,-6],[-24,68],[15,48],[179,126],[-54,66],[78,74],[-42,32],[-109,-90],[37,-53],[-31,-53],[-166,-140],[-78,-41],[-37,6],[-43,125],[-48,-14],[5,81],[70,87],[40,116],[63,68],[91,168],[75,54],[27,58],[82,72],[83,45],[10,52],[-74,-44],[15,106],[39,49],[186,143],[41,-65],[56,9],[113,169],[-112,-101],[-105,59],[-3,58],[42,145],[151,271],[60,2],[-69,102],[167,58],[80,-2],[100,82],[-17,16],[-173,-58],[-64,-5],[-14,141],[39,148],[114,108],[94,0],[-71,40],[-14,39],[63,41],[64,109],[101,16],[84,37],[178,5],[5,31],[-170,16],[-96,-9],[-8,29],[85,142],[58,53],[139,-87],[36,-72],[-5,67],[32,55],[-94,16],[-37,78],[24,77],[-74,-58],[-72,-5],[5,94],[70,103],[97,-25],[57,48],[-69,11],[-11,46],[95,67],[97,46],[31,-142],[39,-99],[0,80],[37,64],[-37,37],[-24,97],[60,76],[64,12],[68,-36],[191,50],[-35,39],[-62,-16],[-172,5],[-19,46],[38,66],[65,42],[68,6],[72,74],[43,142],[44,70],[111,39],[-7,119],[60,106],[98,-108],[75,10],[-81,69],[14,61],[88,28],[13,70],[44,62],[136,40],[10,-17],[-23,-251],[27,56],[35,154],[57,113],[71,44],[18,-55],[-31,-234],[-65,-126],[43,10],[80,121],[70,-15],[-49,79],[-4,153],[21,45],[150,-18],[25,80],[50,7],[139,-139],[-11,133],[-25,44],[-112,76],[-12,41],[50,17],[68,-19],[59,45],[63,11],[28,-32],[28,52],[73,26],[71,-49],[29,-143],[59,-77],[39,19],[-31,60],[26,100],[78,107],[105,61],[68,124],[38,28],[-44,88],[110,123],[30,5],[138,-116],[48,48],[92,-41],[-137,-212],[-35,-161],[-43,-74],[14,-77],[47,19],[57,70],[15,74],[143,200],[68,111],[76,91],[43,19],[21,-60],[-49,-130],[24,-23],[-17,-159],[112,71],[54,164],[35,42],[69,16],[-89,85],[100,101],[152,-34],[69,-48],[-2,-74],[-31,-50],[-89,-57],[13,-37],[60,28],[-14,-293],[8,-28],[32,137],[36,41],[47,182],[62,73],[75,-2],[82,-89],[67,-21],[44,-44],[75,43],[48,-57],[-7,-56],[106,-13],[92,-87],[5,-89],[-132,-54],[-57,-51],[-94,-20],[-318,34],[7,-37],[221,-81],[10,-139],[43,-36],[101,12],[7,67],[47,-4],[22,-79],[15,51],[107,-8]],[[58045,89740],[-33,109],[136,208],[-54,140],[-202,106],[-102,105],[-43,64],[-83,-14],[-134,-97],[-103,20],[-59,-13],[-61,-93],[-82,-91],[-73,-297],[0,-170],[-48,-72],[-61,-17],[-51,-69],[-24,-88],[-40,-33],[-302,150],[-41,-65],[-107,-46],[-253,50],[-31,96],[-189,292],[-98,2],[-60,-61],[21,-75],[-140,-31]],[[51377,84154],[-44,-2],[32,83],[12,-81]],[[51412,83607],[1,-84],[-40,59],[13,127],[26,-102]],[[58321,90285],[-53,-21],[19,98],[61,-48],[-27,-29]],[[53324,87350],[-53,-15],[6,56],[57,-4],[-10,-37]],[[52352,85971],[-51,14],[118,62],[21,-50],[-88,-26]],[[52250,85739],[-59,11],[-24,43],[75,40],[8,-94]],[[56511,91002],[-15,-43],[-89,-113],[-66,-37],[-48,13],[-83,-32],[-101,101],[99,0],[19,32],[122,18],[29,-13],[67,74],[66,0]],[[57107,91232],[99,-26],[53,-77],[-104,-30],[-49,5],[-75,52],[76,76]],[[56559,90815],[-19,-100],[-107,-88],[-20,67],[-47,5],[6,42],[85,43],[83,78],[19,-47]],[[56671,90827],[-53,-28],[-44,49],[6,89],[25,17],[83,-68],[-17,-59]],[[53853,89207],[60,-8],[-17,-46],[-69,-59],[-54,-7],[-99,-70],[-8,65],[64,53],[30,61],[93,11]],[[53603,88932],[-41,-37],[37,136],[46,24],[-42,-123]],[[54224,89684],[52,-112],[-13,-78],[-35,-40],[-92,-3],[-41,46],[-62,-31],[-41,55],[50,76],[69,-20],[20,87],[46,-14],[0,75],[47,-41]],[[55490,90581],[40,-11],[50,-70],[-86,-17],[-50,132],[46,-34]],[[55771,90491],[-87,-9],[-15,55],[68,54],[46,-18],[-12,-82]],[[55348,90475],[25,-38],[43,25],[26,-55],[-72,-105],[-56,-7],[-90,-120],[-7,-43],[-141,-31],[-53,64],[40,7],[33,93],[46,0],[127,193],[22,-3],[3,90],[42,57],[12,-127]],[[53474,87544],[11,70],[64,-7],[-75,-63]],[[53449,87643],[-25,-4],[37,104],[44,-5],[-12,-74],[-44,-21]],[[53119,86815],[-110,-16],[-6,56],[89,38],[27,-78]],[[54861,90144],[34,-40],[44,17],[62,-41],[20,-77],[-38,-47],[3,-92],[-107,-27],[-22,26],[-91,-120],[-97,31],[45,47],[8,158],[23,26],[77,-12],[-30,86],[56,18],[13,47]],[[54377,89416],[83,83],[26,114],[49,24],[61,-112],[-8,-59],[-90,-66],[-78,-105],[-132,-54],[-44,43],[-26,-45],[-72,-3],[-83,-76],[-103,-5],[0,46],[91,101],[142,29],[88,123],[42,181],[-34,32],[11,88],[114,165],[43,17],[19,-60],[-84,-136],[26,-81],[6,-123],[-47,-121]],[[47512,91019],[-40,11],[37,43],[124,80],[49,77],[95,27],[0,-96],[-176,-71],[-89,-71]],[[55338,93518],[-33,-27],[-84,94],[107,23],[10,-90]],[[57465,96515],[-41,-2],[-75,52],[-14,45],[49,19],[57,-61],[61,-19],[-37,-34]],[[59034,97550],[-263,-27],[-27,19],[529,94],[48,-31],[-287,-55]],[[56002,96477],[121,-13],[45,-119],[26,-126],[41,-9],[150,26],[129,-73],[-83,-43],[-10,-68],[157,-81],[56,-8],[98,24],[185,-100],[-215,-69],[-80,-113],[-128,-83],[-78,3],[-83,-76],[-69,-7],[-35,35],[4,80],[81,77],[-93,22],[-95,-49],[-279,-42],[-34,13],[-15,74],[91,38],[14,65],[111,149],[-123,58],[-101,113],[-17,61],[-71,51],[9,66],[-52,-5],[-41,46],[38,26],[346,57]],[[55804,97642],[181,-5],[41,-59],[165,-78],[43,100],[2,149],[155,50],[85,-34],[-56,-168],[159,14],[74,69],[78,-1],[18,40],[69,-46],[257,-43],[101,-41],[285,-11],[80,-71],[14,-107],[-33,-29],[-239,-132],[-60,-43],[-101,-150],[-138,-46],[-109,19],[-102,-45],[-70,-60],[-51,-15],[-290,25],[-58,70],[47,58],[-265,-22],[-292,12],[-28,31],[-175,34],[-126,71],[40,30],[187,-1],[81,82],[-184,21],[-62,-24],[-139,-13],[-187,24],[-111,70],[-20,49],[95,26],[72,50],[-142,16],[-119,58],[48,20],[192,16],[157,-54],[53,33],[-50,15],[-46,55],[38,42],[118,-67],[16,70],[-54,95],[66,6],[141,-49],[149,-106]],[[54662,97400],[50,37],[170,-52],[71,-60],[34,-67],[-74,-121],[-6,-103],[54,36],[114,115],[86,-21],[70,-131],[-43,-87],[56,-19],[58,-55],[111,14],[73,-21],[39,-63],[62,14],[13,48],[82,-11],[86,-49],[-74,-55],[61,-53],[103,-38],[83,-79],[-81,-45],[-369,-38],[-108,-100],[-90,-113],[-28,-96],[11,-71],[-48,-28],[-107,-12],[-9,-163],[-49,-191],[-106,-18],[-62,-69],[-50,-122],[-81,-124],[27,-56],[-76,-111],[24,-108],[-101,-56],[-66,21],[-62,65],[-192,131],[-117,139],[-211,105],[-100,149],[18,83],[85,11],[88,-38],[63,115],[357,66],[230,11],[-50,80],[-220,-45],[-132,15],[-67,-8],[-138,-56],[-211,-5],[-83,58],[-30,123],[71,40],[103,-56],[-17,46],[208,57],[96,49],[99,4],[-11,51],[137,38],[174,-2],[109,47],[-100,-14],[-76,36],[-24,39],[92,112],[-70,-5],[-163,-115],[-146,-14],[-42,95],[35,80],[-19,42],[-52,-82],[-68,-18],[-56,58],[-62,-32],[14,-67],[-24,-62],[58,-55],[-77,-39],[-70,-62],[-267,-24],[-135,104],[-113,148],[-82,33],[-52,52],[-5,67],[29,15],[-137,83],[50,23],[202,-55],[36,34],[-99,21],[-43,119],[53,81],[-29,18],[-111,-7],[10,-55],[-77,-67],[-36,14],[-131,275],[20,85],[-34,65],[50,45],[88,-54],[19,45],[125,25],[163,-75],[-2,72],[131,-28],[98,39],[163,21],[62,-31],[-38,-72],[-206,-21],[-134,-81],[183,13],[33,-10],[14,-66],[61,-16],[98,-83],[28,31],[-5,142],[39,23],[115,127],[66,-23],[62,-64],[168,-310],[177,-178],[-12,92],[-105,286],[-16,115],[39,108],[40,34],[-2,87],[42,30],[77,-21],[73,-80]],[[53125,96488],[3,-49],[45,5],[111,-79],[81,-143],[-42,-6],[-58,74],[-107,77],[-69,17],[-93,157],[-44,48],[-20,105],[112,-40],[54,-86],[-21,-27],[48,-53]],[[55205,97678],[-60,-39],[-100,30],[35,49],[125,-40]],[[58068,96700],[180,-5],[-107,-37],[-226,25],[-127,-42],[-42,17],[146,77],[120,6],[56,-41]],[[85175,67754],[-73,68],[-70,-95],[-19,89],[-30,3],[-48,78],[-52,-119],[-62,-64],[-13,84],[-90,61],[72,89],[-154,51],[51,73],[1,76],[52,151],[67,77],[68,15],[-71,40],[-39,90],[70,293],[-13,168],[-73,45],[-90,118],[-38,-101],[-23,124],[-58,82],[4,68]],[[84544,69318],[7,71],[140,250],[118,130],[28,11],[87,145],[72,27],[43,122],[31,42],[65,155],[31,199],[84,99],[29,-28],[36,-132],[153,-80],[64,15],[64,-52],[40,123],[-72,236],[3,63],[244,36],[76,126],[33,138],[58,-21],[54,64],[17,212],[33,156],[51,-17],[44,-58],[2,-103],[78,-147]],[[86301,70936],[-64,-1],[-61,-83],[-47,-97],[-53,-169],[-33,-66],[-21,-153],[23,-134],[-15,-127],[-1,-187],[-102,-93],[-64,-165],[-113,-122],[-26,-85],[-85,-113],[-94,-29],[-27,-70],[-83,-80],[-12,-61],[6,-165],[-46,-116],[4,-62],[108,-87],[52,-131],[77,-108],[35,-86]],[[84695,68989],[0,0]],[[52027,44274],[-44,-16],[24,93],[20,-77]],[[53779,50809],[127,-440]],[[53906,50369],[37,-489],[89,-60],[31,-134],[-19,-267],[0,-166],[-99,-158],[-41,-16],[-46,-74],[-99,-377],[-33,-305],[-40,-95],[-14,-275],[-13,-75],[-68,-79],[-15,-87],[-26,-342],[-55,-136],[-50,-20],[-47,-221],[-22,-239],[-36,-151],[-3,-97],[-69,-223],[26,-110],[-78,-160],[-8,-135],[-63,-150],[-47,-33],[-21,48],[-13,135],[-82,205],[-36,52],[-35,-120],[-77,0],[-17,74],[-101,-167],[-33,-160],[-80,-150],[-87,-218],[-35,-161],[-37,-411],[-68,-311]],[[52376,44511],[-34,-6],[-50,125],[21,-189],[-10,-69],[-137,-25],[-65,28],[-78,-10],[-39,96],[3,-119],[-39,-83],[-41,31],[-28,200],[7,-180],[19,-68],[-63,-23],[-15,96],[-7,-95],[-133,-36],[-77,117],[-58,134],[-57,339],[-4,147],[37,29],[13,67],[-45,-51],[-43,58],[-5,62],[50,2],[-19,93],[-43,-73],[-86,298],[-120,227],[-84,44],[-178,-2],[-10,13],[84,110],[-90,-41],[-26,-90],[-175,-20]],[[50751,45647],[19,241],[-7,217],[1,264],[-18,337],[13,640],[11,187],[75,25],[29,166],[-3,92],[53,152],[-1,78],[65,91],[24,178],[-19,93],[19,82],[39,19],[14,121],[-22,113],[-11,219],[-64,222],[1,73],[29,139]],[[50998,49396],[19,47],[-6,146],[1,394],[84,172],[39,198],[17,283],[76,133],[111,79],[117,-1],[69,81],[248,-190],[67,-168],[50,-181],[36,-70],[34,-5],[32,60],[51,15],[120,162],[85,-32],[100,-163],[82,-107],[125,-61],[116,-8],[87,229],[71,95],[80,42],[135,29],[125,-13],[79,-39],[82,-74],[36,-72],[95,3],[54,163],[186,243],[78,23]],[[50998,49396],[-65,130],[-59,167],[-75,176],[-142,-103],[13,-157],[-7,-72]],[[50663,49537],[-83,268],[-6,72],[38,23],[2,89],[-30,114],[-41,5],[-46,-67],[-63,16],[-130,257],[-30,29],[0,227],[59,-5],[-51,78],[-33,101],[-78,65],[-52,189],[-21,117],[8,75],[-61,177],[15,292]],[[50060,51659],[3,37],[136,-7],[67,23],[95,201],[155,20],[317,28],[17,61],[123,-50],[4,89],[99,192],[39,308],[29,116],[17,157],[6,268],[9,24],[-2,1511]],[[51174,54637],[422,205],[25,31],[320,698],[137,283],[1246,1862]],[[53324,57716],[420,-238],[33,-43],[167,-349],[8,-3],[208,266]],[[54160,57349],[54,-756],[3,-281],[31,-79],[87,-321],[-19,-56],[13,-100],[95,-235],[6,-68],[-60,-281],[-72,-2108],[-307,-815],[-156,-552],[-46,-236],[-54,-176],[44,-476]],[[26900,51716],[-34,-127],[-17,63],[-20,-54],[32,-53],[31,-288],[-62,-242],[-23,-181],[-20,-295],[14,-265],[-7,-245],[8,-129],[-32,33],[14,146],[-49,-116],[28,-151],[-8,-185],[-24,25],[-17,-140],[34,-26],[15,-128],[-26,-53],[-34,-188],[10,-119],[33,-138],[20,-12]],[[26766,48848],[-5,-57],[-42,-66],[-99,27],[-50,140],[-98,51],[-58,-75],[-198,168],[-34,-86]],[[26182,48950],[-60,189],[-141,287],[-80,294],[-103,195],[-93,228],[-57,103],[34,96],[33,-84],[24,41]],[[25739,50299],[78,9],[27,43],[12,120],[57,63],[-16,271],[10,46],[112,5],[50,158],[31,39],[15,-60],[55,-85],[115,267],[54,84],[-4,73],[43,113],[15,102],[34,40],[90,-124],[83,81],[103,33],[92,128],[105,11]],[[98087,12114],[32,-4],[141,208],[73,50],[-57,-249],[28,23],[28,173],[84,-18],[-45,-161],[64,101],[-1,-59],[-73,-125],[-3,-98],[22,-107],[31,-59],[-19,-77],[-91,-197],[-13,-99],[-82,-174],[-55,-227],[-35,-96],[-92,-104],[-48,-94],[5,-68],[-58,-77],[59,-2],[19,-108],[74,-39],[-2,-140],[-40,-11],[-48,55],[-76,-15],[30,43],[-29,32],[-51,-99],[-72,117],[40,-137],[-145,-155],[-60,-13],[-36,-117],[-23,-155],[-27,-321],[-54,-168],[-34,-213],[-32,-116],[21,-132],[-99,-49],[-65,-155],[-74,-122],[-65,-153],[-95,-48],[-68,-7],[-92,45],[-107,-27],[-17,111],[-37,60],[-96,-3],[-45,122],[-53,27],[-34,-61],[-74,-6],[-103,36],[-5,46],[57,124],[-74,-60],[19,107],[-63,-52],[6,107],[89,26],[47,44],[-54,9],[4,68],[46,50],[-71,-8],[12,94],[40,1],[-3,71],[68,-73],[-3,77],[-31,56],[-2,69],[107,208],[15,-91],[6,131],[84,124],[33,-49],[-14,116],[142,294],[79,78],[43,-14],[72,90],[31,-35],[-2,96],[96,108],[88,61],[7,78],[167,273],[78,78],[80,163],[62,207],[65,427],[96,98],[50,148],[36,351],[37,132],[102,169],[25,-17],[-8,-88],[18,-74],[61,-53],[36,-303]],[[98309,12406],[-38,-41],[9,91],[42,56],[-13,-106]],[[96317,9034],[-4,-52],[-55,21],[43,60],[16,-29]],[[96382,9369],[12,-85],[-36,42],[24,43]],[[96706,8185],[-28,-50],[55,-32],[0,-64],[-200,-133],[37,151],[40,97],[-4,145],[47,4],[53,-118]],[[98761,15633],[2,-39],[-57,82],[18,103],[37,-146]],[[98129,16579],[50,64],[-3,-60],[113,-68],[72,-83],[28,-116],[32,43],[62,-236],[11,-143],[-53,8],[59,-215],[55,-162],[-14,-127],[19,-86],[-27,-161],[47,-48],[17,40],[96,-99],[24,-150],[51,33],[-21,207],[-1,124],[-29,94],[21,56],[61,-190],[26,8],[29,-157],[31,-337],[35,-71],[-22,-44],[71,-56],[133,-148],[109,-67],[48,-4],[62,66],[47,135],[78,106],[73,-8],[73,-89],[-39,-188],[-22,-341],[-13,-75],[-51,-101],[-30,-20],[-19,-364],[-34,91],[-105,21],[-78,-74],[-48,-128],[3,-167],[40,-48],[-74,-341],[-43,-95],[-21,-105],[-63,-159],[-37,-147],[-75,-237],[-82,-139],[-105,-140],[-24,25],[-16,111],[-72,-11],[-9,109],[-32,-34],[-34,26],[106,311],[40,159],[26,234],[-68,237],[-55,65],[-68,33],[-60,119],[-116,95],[-47,134],[11,105],[74,97],[91,48],[55,125],[16,251],[17,143],[35,143],[-11,89],[35,64],[-55,251],[-6,87],[-34,160],[45,-37],[50,46],[-40,99],[-51,-29],[-35,30],[-26,152],[-53,165],[59,-77],[12,106],[-25,53],[10,95],[-34,54],[-4,-60],[-61,89],[-33,150],[0,-77],[70,-217],[-31,-23],[-31,129],[-148,446],[60,157],[-24,-7],[-46,-120],[-72,208],[21,133],[-45,152],[-90,242],[94,19],[-22,-75],[84,-281]],[[96993,4219],[-14,-51],[-29,52],[43,-1]],[[96172,5441],[6,-60],[-64,48],[-35,-21],[52,91],[7,98],[35,6],[-1,-162]],[[1062,10382],[-57,-89],[-7,74],[-26,-69],[46,-133],[-73,-41],[-9,71],[30,74],[-31,57],[-59,-3],[78,75],[108,-16]],[[1062,9973],[0,0]],[[2089,35126],[0,0]],[[2448,34581],[0,0]],[[2832,27735],[-40,7],[32,75],[8,-82]],[[5628,26210],[0,0]],[[51664,76881],[-83,17],[-15,49],[27,62],[25,136],[-97,112],[-46,-18],[-59,61],[-19,87],[-51,-47],[-25,62],[-34,-49],[-37,38],[-27,-76],[-50,14]],[[51173,77329],[-61,40],[-51,-24],[-65,31],[-38,61],[27,34],[94,-10],[71,-84],[37,12],[-75,87],[49,10],[-65,141],[38,129],[35,46],[76,176],[22,94],[32,258],[25,93],[33,-23],[131,132],[48,121],[147,98],[210,24],[42,-81],[64,-31]],[[51999,78663],[-2,-199],[-49,-258],[-74,1],[0,-120],[61,-14],[19,-45],[-16,-123],[-64,-75],[15,-84],[-17,-48],[-107,-61],[-53,39],[-60,-83],[68,-192],[-33,-187],[15,-54],[-65,-114],[43,-56],[-16,-109]],[[51173,77329],[-14,-56],[-76,-70],[-89,55],[-30,-31],[-34,95]],[[50930,77322],[67,16],[81,-32],[95,23]],[[51759,78824],[0,0]],[[51647,78787],[0,0]],[[51419,78681],[0,0]],[[51479,78736],[0,0]],[[51357,78514],[-28,-50],[-13,64],[41,65],[0,-79]],[[51096,77577],[35,-64],[-34,-15],[-70,72],[69,7]],[[51870,78874],[0,0]],[[31054,49712],[-14,-80],[-32,190],[42,-49],[4,-61]],[[32517,53477],[0,0]],[[32435,53567],[0,0]],[[30583,49928],[-46,67],[8,47],[38,-114]],[[30902,49652],[-68,58],[-44,110],[22,31],[17,-78],[52,-52],[21,-69]],[[74474,60779],[11,-85],[-35,-240],[-11,-193],[36,-145],[14,-143],[-30,-208],[-117,-22],[-61,17],[-35,-44],[-55,51],[-21,86],[-87,-84],[-93,98],[-100,53],[-42,-35],[-33,28],[-10,100],[-37,41],[-76,-70],[-169,211],[-21,181],[-144,136],[-73,-80],[-106,62],[-44,-67],[-154,105],[-16,108],[-63,-1],[-128,170],[-38,-32],[-150,217],[-40,112],[-116,144],[-45,77],[-47,-26],[-97,153],[17,190],[28,67],[6,161],[41,216],[41,119],[100,192],[28,-6]],[[72502,62393],[28,-90],[40,40],[45,172],[63,35],[111,-42],[32,-149],[91,-123],[102,-181],[84,-50],[55,-122],[64,-180],[98,68],[46,-42],[35,-217],[135,-223],[39,-29],[85,27],[-20,-155],[9,-40],[80,-28],[75,1],[45,-100],[31,-145],[31,4],[4,105],[92,-109],[30,24],[10,86],[38,7],[17,-51],[75,-66],[33,-64],[151,-12],[49,46],[69,-11]],[[96376,40801],[0,0]],[[57016,28642],[-97,-19],[-33,-31],[-73,-132],[-47,52],[-64,-70],[-64,-106],[-55,-138],[-28,-25],[-84,305],[-55,12],[-302,-133],[-217,-76],[-71,-8],[1,-2564],[-2,-27],[-276,0],[1,-1954]],[[54568,21025],[-202,458],[-105,408],[-58,422],[8,131],[-18,123],[-36,76],[-10,253],[-24,164],[5,135],[-11,123],[4,229],[-19,173],[-39,169],[-35,243],[-8,648],[-20,221],[26,32],[8,154],[-17,179],[-39,182],[-97,297],[-37,208],[-108,391],[-79,515],[-35,111],[-162,775],[-36,123],[-65,148],[-88,380],[-16,376],[6,153]],[[53261,29025],[76,57],[55,-29],[93,-2],[154,172],[84,-28],[44,-94],[104,-174],[1083,-3],[156,-4],[25,-31],[64,-183],[30,-45],[226,-72],[154,4],[55,-17],[98,-93],[102,45],[85,-32],[545,254]],[[59222,31303],[52,-195],[69,-196],[16,27],[189,74],[36,-122],[15,-294],[-5,-198],[-51,-287],[-30,-128],[43,-136],[-2,-84],[149,-395],[50,-97],[-19,-83],[22,-78],[46,21],[-2,204],[-32,174],[53,282],[67,24],[43,47],[10,71],[11,379],[-7,108],[25,263],[-13,156],[-167,545],[-65,178],[-45,90],[-52,20],[-28,89],[-22,488],[-34,321],[4,64],[50,201],[29,173],[83,7]],[[61239,33800],[41,-138],[-34,-73],[30,-47],[-22,-69],[8,-96],[-40,-187],[18,-83],[-9,-146],[27,-245],[-8,-81],[6,-192],[-10,-70],[26,-101],[-8,-133],[-32,-111],[36,-1],[4,-274],[-10,-63],[13,-269],[3,-227],[31,-33],[-21,-123],[2,-105],[22,83],[26,-33],[4,-228],[-37,-97],[-23,-131],[9,-102],[-25,-150],[-125,-356],[-35,-173],[-54,-49],[15,-99],[-167,-251],[-44,-127],[-55,-49],[-60,-6],[-146,-135],[-85,-106],[-165,-244],[-85,-178],[-11,-96],[-100,-274],[-59,-193],[-18,52],[-7,-100],[-31,13],[-75,-106],[-56,-120],[-80,-232],[-116,-225],[-26,-5],[-57,84],[30,-85],[-2,-189],[-14,-221],[18,-111],[61,-172],[37,-274],[3,-141],[39,-179],[17,-272],[-4,-253],[19,-41],[10,195],[21,37],[13,-177],[-14,-198],[23,-215],[-22,-156],[-34,-432],[47,-18],[-29,-244],[-78,-261],[-46,-76],[-106,-121],[-215,-173],[-135,-136],[-108,-162],[-47,-108],[-19,-124],[-37,-129],[72,-186],[30,130],[-20,-539]],[[59622,32710],[0,0]],[[59644,32642],[0,0]],[[49383,65870],[24,-94],[94,-154],[-15,-102],[32,-99],[-16,-69],[23,-135],[1,-324],[20,-105],[-13,-175],[36,-172],[11,-138],[44,-123],[67,-106],[13,-59],[-49,-92],[4,-162],[-14,-13],[-326,29],[-134,-62],[-24,-147],[-117,-91],[-107,-30],[10,-211],[-12,-115],[58,-93],[-22,-86],[-79,-22],[-93,-151],[-127,-103],[-53,-61],[-58,-210],[-75,-148],[-91,-62],[-122,-41],[-79,-1],[-6,-105],[-32,-64],[-127,40],[-39,-36],[-70,-128],[-55,-30],[-87,-153],[-184,-291],[-7,-69],[0,-679]],[[47587,60628],[-37,0],[18,-327],[-11,-50],[-58,-21],[-114,-1],[-90,-161],[-46,-7],[-36,42],[-61,-35],[-83,92],[-104,14],[-130,-90],[21,-97],[-6,-79],[-37,-79],[-46,-158],[-23,-135],[-86,-52],[-39,-275],[-39,-372],[-34,-197],[-175,-303],[-69,-295],[-128,-134],[-33,-70],[-42,-247],[-36,-408],[-14,-317],[-114,-316],[-11,-184],[-47,-105],[-172,0],[-81,28],[-272,-14],[-76,-35]],[[45276,56240],[21,337],[38,183],[30,81],[47,41],[43,184],[16,169],[37,139],[-11,46],[112,459],[1,65],[-50,-121],[23,123],[87,160],[110,286],[42,49],[37,121],[14,106],[4,246],[13,129],[75,367],[31,231],[68,114],[60,52],[104,173],[23,97],[24,192],[64,356],[64,185],[43,45],[90,22],[134,84],[154,178],[97,233],[166,248],[79,222],[97,301],[51,211],[12,172],[-8,67],[-62,190],[12,91],[7,406],[37,202],[91,264],[17,108],[11,234],[114,245],[67,188],[82,131],[205,187],[116,134],[68,98],[40,115],[112,453],[110,637],[9,73],[84,31],[62,71],[33,-19],[-16,-111],[64,-195],[75,-132],[58,-52],[83,-32],[96,58],[81,25],[83,-48],[52,20],[65,118],[37,-197],[172,-16]],[[47587,60628],[0,-260]],[[47587,60368],[1,-909],[-926,0],[0,-1702],[-2,-77],[-97,-105],[-69,-33],[-114,-191],[-38,-173],[17,-136],[25,-863],[-1097,-4],[-27,-302],[4,-66]],[[45264,55807],[-14,36],[26,397]],[[55651,71305],[-88,-67],[10,-130]],[[55573,71108],[-77,-50],[-13,92],[-24,15],[-104,-321],[23,-73],[-6,-140]],[[55372,70631],[-43,56],[-18,78],[-63,133],[-105,129]],[[55143,71027],[-22,90]],[[55121,71117],[29,80],[-21,73],[-6,134],[50,42],[14,143],[49,81],[49,-38],[-24,144],[9,32],[61,-6]],[[82411,76229],[-122,-460],[-80,-339],[-37,-78],[-10,-232],[-73,-83],[10,-130],[42,-103],[52,-79],[93,121],[78,-14],[69,22],[86,-45],[78,-108],[116,236],[105,29],[97,-32],[73,-159],[89,-73],[23,-91],[101,-189],[51,-75],[52,-206],[-8,-130],[-45,-47],[-151,23],[-89,86],[-33,-48],[-115,17],[-111,-68],[-66,-69],[-35,47],[-39,-12],[-20,-147],[-132,18],[-82,-69],[-57,-136],[-40,-148],[7,-64],[-36,-77],[-49,-42],[-70,-118],[-212,-57],[-50,29],[-61,-38],[-28,-114],[-108,-183],[-123,-139],[-149,46],[-126,75],[-51,99],[-143,4],[-77,-167],[-61,-323],[33,-124],[88,-181],[27,-157],[-45,-33],[-62,-118],[-150,-109],[-169,-400],[-195,-155],[-71,-68],[-210,-28],[-143,22],[-389,-112],[-251,-207],[-186,-181],[-60,-100],[-34,34],[-101,11],[0,153],[-218,-88],[-177,179],[-255,107],[-51,41],[-72,176],[-61,51],[-112,9],[-308,88],[-143,-76],[-628,156],[-228,-49],[-24,146],[-107,196],[-20,125],[-88,401],[-47,36],[-2,192],[-83,-13],[-94,64],[-96,119],[-46,88],[-67,21],[-84,159],[-101,58],[-140,37],[-101,-19],[-110,42],[-124,6],[-75,29],[-73,70],[-48,-15],[-60,232],[13,144],[24,87],[58,128],[-26,165],[34,182],[-13,155],[-32,145],[-43,34],[-61,198],[-20,154],[-31,121],[-58,49],[-21,93],[-69,-35],[-61,124],[-64,15],[-78,-16],[-131,153],[-17,116],[-57,62],[-92,58],[13,127],[-54,39],[-25,64],[33,59],[-13,138]],[[52066,71955],[-17,-14]],[[52049,71941],[17,14]],[[23015,59435],[-22,-264],[-55,-248],[-24,-154],[-44,-440],[-14,-288],[-13,-474],[5,-256],[-31,-224],[26,-365],[50,-209],[75,-172],[-26,-205],[-5,135],[12,72],[-58,137],[-45,186],[32,-297],[38,-145],[85,-421],[21,-130],[114,-301],[70,-224],[47,-370],[84,-204],[16,-143],[30,-67],[177,-38],[47,-92],[60,-39],[70,-240],[99,15],[177,165],[118,-5],[67,32],[49,101],[75,45],[129,28],[26,-55],[-17,-52],[39,-65],[75,-10],[72,118],[-45,187],[133,184],[60,141],[13,266],[52,128],[7,80],[-1,373],[37,319],[47,79],[101,108],[261,98],[115,109],[60,-1],[33,34],[244,-119],[18,70],[-50,19],[66,34],[85,-141],[14,-190],[-25,-187],[-54,-179],[-45,-87],[-56,-194],[-13,-91],[10,-143],[-71,-184],[12,-59],[61,21],[-16,-99],[-49,-64],[1,-66],[43,21],[-42,-345],[-23,-101],[-8,-147],[-25,-124],[-56,180],[6,221],[-45,-84],[-28,-174]],[[25473,54165],[-63,-19],[-18,-109],[-61,-229],[-25,-36],[-42,60],[-24,-20],[-7,-110]],[[25233,53702],[-508,1],[-1,-397],[-116,3],[83,-197],[111,-189],[22,-139],[60,-84],[-8,-224],[-359,-2],[-125,-527],[-5,-59],[36,-115],[-31,-180],[8,-89],[-21,-103]],[[24379,51401],[-160,418],[-99,217],[-158,310],[-50,117],[-127,162],[-15,-41],[111,-115],[7,-31],[-130,118],[-53,11],[21,80],[-57,-20],[-30,92],[-34,-99],[65,-34],[-96,-37],[-92,-142],[-86,-61],[-122,-137],[-83,-29],[-82,52],[-105,129],[-158,41],[-107,168],[-106,69],[-67,162],[-163,92],[-95,38],[-93,142],[-228,197],[-210,317],[-68,191],[-41,35],[-62,-11],[-134,75],[-206,184],[-71,217],[-60,137],[-137,185],[-148,154],[-47,178],[-49,101],[-55,190],[-24,177],[-28,111],[35,79],[79,57],[-19,123],[-46,17],[71,241],[8,261],[-62,90],[-60,260],[1,239],[-41,211],[-169,400],[-46,179],[-45,113],[-58,190],[-41,95],[-189,321],[66,-79],[4,91],[-84,35],[-38,54],[-17,118],[-54,135],[48,43],[-16,41],[-78,71],[-105,161],[-10,80],[-67,-40],[40,178],[-34,-64],[-53,-35],[-52,95],[-11,214],[63,192],[-22,161],[-57,124],[-76,-5],[-37,127],[-15,138],[-93,58],[-55,113],[-39,233],[24,148],[-64,36],[-45,-18],[-55,55],[-45,104],[-53,189],[-57,61],[-73,248],[-61,138],[-17,176],[-43,56],[-10,132],[-44,129],[-46,187],[-24,222],[-65,247],[-15,100],[1,200],[17,71],[-51,54],[-109,64],[-3,85],[-87,114],[-16,-73],[-40,-13],[-111,160],[-107,117],[40,-178],[-16,-77],[-10,-269],[34,-139],[35,-318],[-4,-189],[27,-152],[50,-135],[53,-67],[98,-208],[78,-237],[13,-124],[33,14],[17,-94],[32,-10],[31,-202],[62,-61],[21,-153],[17,-268],[50,-119],[62,-94],[39,-237],[52,-76],[-2,-79],[35,-89],[6,-114],[45,-69],[-32,124],[6,87],[62,-121],[7,-91],[59,-319],[11,-236],[40,-153],[32,-32],[39,-270],[38,-105],[22,-145],[-16,-140],[21,-175],[81,-169],[29,171],[67,-119],[87,-261],[9,-100],[46,-45],[25,-83],[-10,-187],[-75,-164],[-54,-67],[-46,84],[-26,237],[-50,185],[-75,93],[-113,259],[-106,158],[-73,159],[-33,-9],[-13,90],[-62,119],[-16,143],[20,313],[-33,299],[-56,212],[-78,72],[-101,188],[-27,94],[-10,161],[-33,-109],[-42,4],[-48,-53],[-68,173],[-43,15],[-31,83],[-94,79],[-26,150],[-126,214],[-12,75],[130,-41],[75,63],[-1,-69],[46,-73],[-13,240],[38,291],[-27,126],[-46,88],[-98,256],[-92,204],[-48,31],[-141,231],[-37,144],[-2,241],[-50,78],[-19,275],[-65,117],[-10,163],[-91,255],[11,201],[-63,103],[-18,142],[-42,102],[-18,133]],[[25850,55453],[-22,56],[25,119],[48,0],[-51,-175]],[[20416,56374],[-29,-35],[-9,96],[38,-61]],[[19190,54354],[-41,29],[20,57],[21,-86]],[[19287,58761],[8,-79],[-33,55],[-9,84],[34,-60]],[[18568,61611],[-31,31],[-87,223],[-2,112],[59,-109],[0,-56],[48,-26],[13,-175]],[[18008,60919],[-51,24],[44,158],[7,-182]],[[18832,61578],[-21,-167],[-65,56],[12,225],[52,51],[22,-165]],[[17155,61533],[-12,-27],[-32,147],[24,50],[20,-170]],[[25913,56112],[0,0]],[[24532,54309],[-37,-1],[63,72],[-26,-71]],[[19498,58161],[0,0]],[[18140,63478],[0,0]],[[19139,59477],[-35,-130],[12,144],[23,-14]],[[18972,58332],[-3,-33],[-84,131],[43,4],[44,-102]],[[18873,58439],[-33,129],[-34,43],[21,113],[17,236],[8,-43],[-18,-239],[39,-239]],[[66014,26748],[-75,-13],[1,194],[53,162],[22,6],[38,-157],[-3,-81],[-36,-111]],[[45451,55033],[-28,3],[37,110],[-9,-113]],[[45406,52311],[0,316],[20,221],[33,229],[38,187],[36,249],[14,241],[-16,445],[-35,340],[-26,105],[-58,147],[40,34],[18,72],[-38,-28],[44,221],[21,310],[-35,133],[-26,166],[-28,40],[-26,-53],[-70,318],[-34,-32],[-14,-165]],[[47587,60368],[880,-1311],[193,-301]],[[48660,58756],[-492,-1],[78,-1735],[190,-4195],[75,-201],[-43,-554],[-1018,0],[-44,21],[-4,107],[-27,-72],[0,-82],[-137,-60],[-153,47],[-57,-12],[-55,-192],[-31,51],[-138,291],[-71,-148],[-31,-303],[-65,-176],[-49,45]],[[54046,66397],[-60,13],[0,75],[60,-88]],[[53975,66520],[0,0]],[[48660,58756],[85,-135],[531,-881],[1042,-1724],[5,-201],[35,-73],[89,-111],[21,-125],[67,-74],[81,-18],[52,-129],[128,-76],[93,-117],[0,-161],[15,-106],[-42,-183],[42,-96],[40,-18],[230,109]],[[50060,51659],[-126,104],[-47,-33],[-37,46],[-62,-21],[-80,-161],[-123,-136],[-56,-83],[-78,-36],[-23,-185],[-16,-18],[-95,74],[-36,-32],[-80,-195],[-12,-191],[-34,-29],[-44,24],[-20,-67],[-9,-209],[-76,-61],[-77,126],[-55,7],[-77,-186],[28,-229],[-70,-85],[16,-64],[-2,-172],[-44,-128],[-58,-87],[-86,-45],[-50,-98],[16,-215],[-20,-223],[-53,-115],[10,-191],[-19,-243]],[[48465,48502],[-89,-26],[-53,-137],[-57,60],[14,85],[-20,228],[-39,-28],[-1,-79],[-69,59],[-11,-216],[-71,-5],[-5,-117],[-110,59],[-37,127],[-46,-9],[-42,-134],[-49,-52]],[[47780,48317],[-5,112],[-72,115],[-16,186],[-3,169],[-39,41],[-52,-9],[71,247],[-71,91],[-44,111],[1,175],[-62,338],[-48,57],[-50,-13],[10,-147],[-83,-79],[-16,-71],[-29,0],[-127,120],[-53,-53],[-58,-168],[-19,20],[-52,195],[-37,-24],[-40,-103],[-27,-6],[-55,129],[32,144]],[[70393,43439],[0,0]],[[70419,44096],[0,0]],[[78361,45558],[66,-50],[54,-217],[71,-154],[53,-84],[60,-185],[61,-290],[15,-321],[-14,-294],[-16,-146],[25,-175],[-4,-413],[28,-112],[76,-136],[113,-604],[17,-216],[-29,-36],[-54,182],[3,-118],[-83,-4],[-59,-85],[-35,153],[-127,173],[-47,45],[-50,131],[-112,145],[-101,229],[-73,77],[-62,142],[16,89],[-15,170],[-76,262],[-49,107],[-37,133],[22,40],[-37,143],[-13,104],[0,196],[-39,276],[-34,382],[6,134],[-9,145],[-62,322]],[[82659,44100],[-83,90],[-49,27],[-163,24],[-27,-44],[-78,33],[-32,-46],[-34,41],[-61,-109],[-30,-179],[-7,-215],[6,-132],[-15,-73],[-16,-217],[-58,-6],[-44,-130],[-2,-145],[20,-100],[-102,-170],[-7,-62],[20,-129],[-36,-91],[-44,-270],[-44,23],[-134,-46],[-78,-139],[-171,139],[-18,93],[-129,-5],[-81,-85],[-30,-208],[-43,-21],[-43,-80],[-79,-3],[-55,34],[-97,-18],[-120,-110],[-53,95],[-138,311],[-45,124],[-5,114],[-27,84],[25,93]],[[80452,42592],[25,-120],[73,-98],[102,1],[90,-121],[74,-21],[44,-82],[35,-4],[-46,64],[-4,103],[30,74],[5,115],[27,168],[-16,40],[9,168],[56,-38],[0,178],[19,76],[60,78],[108,43],[172,110],[85,94],[112,377],[133,354],[16,213],[23,33]],[[81684,44397],[44,-81],[28,-151],[26,-5],[53,-163],[32,51],[32,208],[-26,229],[78,128]],[[81951,44613],[0,-147],[22,-211],[61,-7],[-16,178],[-35,187]],[[81983,44613],[65,23],[50,113],[7,71],[-32,42],[-13,112],[51,134],[54,-47],[73,243],[22,174],[99,276],[71,321],[23,-18],[2,-126],[-15,-117],[35,38],[60,217],[34,-35],[12,-170],[98,-143],[13,-142],[-22,-53],[1,-180],[-33,-40],[88,39],[52,80],[31,-134],[-50,-53],[11,-57],[76,80],[58,-40],[38,-121],[101,-115],[74,-11],[7,-151],[-33,-69],[-127,-96],[-81,39],[-34,-21],[-21,-113],[39,-113],[66,-117],[-18,-98],[-136,-79],[-74,61],[-46,-117]],[[78950,43087],[-26,25],[15,74],[11,-99]],[[77857,44891],[-27,-8],[4,115],[37,-26],[-14,-81]],[[77735,45715],[19,-75],[-48,-67],[-27,109],[56,33]],[[82539,46209],[-22,66],[56,64],[-7,-118],[-27,-12]],[[78143,43268],[0,0]],[[80941,42865],[-22,15],[-3,214],[22,-23],[3,-206]],[[82745,44111],[-66,-12]],[[82679,44099],[4,57],[62,-45]],[[63760,32415],[28,-144],[83,-306],[8,-139],[30,-217],[28,-325],[17,-487],[21,-144],[36,-150],[11,-166],[-21,-171],[-55,-234],[-52,112],[-36,242],[-41,6],[-26,-83],[17,-359],[33,-126],[3,-162],[-30,-152],[10,-79],[-37,-55],[-27,-98],[-28,-221],[16,-227],[-5,-162],[-32,-308],[-44,-321],[-40,-230],[-73,-587],[-53,-355],[-71,-627],[-48,-348],[-68,-387],[-54,-591],[-37,-281],[-13,-170],[-62,-312],[-17,-174],[-27,-157],[-39,-135],[-85,-120],[-95,-16],[-64,-40],[-181,-235],[-109,14],[-84,147],[-129,77],[-25,76],[-62,86],[-51,321],[-45,128],[-12,433],[21,149],[-42,317],[-48,136],[-37,354],[1,235],[21,182],[26,102],[18,204],[56,71],[43,126],[15,148],[91,342],[30,165],[16,157],[12,347],[-58,249],[-2,236],[-53,318],[-13,421],[-14,77],[10,133],[123,485],[1,291],[14,51],[120,30],[72,135],[48,-38],[72,31],[28,126],[136,47],[34,-111],[36,6],[-31,128],[40,141],[113,200],[31,-10],[10,-147],[29,106],[-11,107],[52,146],[20,124],[24,44],[16,-81],[-19,-125],[27,3],[69,250],[53,-25],[-43,90],[-10,123],[61,288],[-26,72],[-1,90],[40,94],[60,-86],[41,127],[60,79],[49,112],[34,301],[-37,259],[32,9],[85,267],[29,-32],[63,-217]],[[63428,31760],[-36,-15],[-6,88],[33,43],[9,-116]],[[63871,29269],[-32,-129],[9,108],[47,167],[-24,-146]],[[56206,70944],[66,-147],[71,-79],[47,-194],[-15,-79],[-10,-189]],[[56365,70256],[-45,-17],[-8,-94],[-64,-43],[-86,29],[-71,-36],[-42,-111],[-56,-57],[-48,27],[-22,-29],[-100,-12]],[[55823,69913],[-9,38],[-53,1],[-70,259],[-11,175],[32,248]],[[55712,70634],[36,-14],[23,153],[78,70],[63,-50],[29,84],[48,20]],[[51699,76438],[6,-103],[32,-72],[65,-52],[-40,-243]],[[51762,75968],[-29,29],[-78,-28],[-47,59]],[[51608,76028],[25,75],[-43,115],[5,78],[65,175],[39,-33]],[[55805,80073],[32,82],[28,151],[-3,-91],[-41,-147]],[[55898,80058],[1,134],[-49,252],[-4,181]],[[55846,80625],[168,172],[120,65],[140,-23],[80,15],[46,-51],[43,31],[171,-27],[86,-46],[113,23],[47,60],[57,12],[46,-140],[144,-49],[138,-164],[55,-103],[87,-59]],[[57387,80341],[-38,-228],[88,-49],[-48,-101],[-86,7],[-33,-96],[-87,-59],[-38,-142],[0,-108],[-49,-164],[56,-50],[-19,-84],[-51,24],[-10,83],[-78,-55],[-37,-57],[-62,-10],[-16,-102],[-40,4],[-85,-61],[-35,40],[-127,-27],[-69,20]],[[52646,74432],[15,-150]],[[53195,64517],[86,-62],[130,-166],[131,-40],[147,80],[102,-82],[52,-5],[111,-77],[77,-120],[184,-85],[51,-163],[1,-132],[37,-221],[58,-163],[116,-114],[183,-35],[158,-93],[133,-109],[100,-105],[134,-255],[74,-88],[98,-2],[117,141],[84,220],[38,196],[-13,156],[-40,180],[-9,184],[13,127],[41,155],[69,149],[70,105],[122,138],[101,17],[58,97],[57,-20],[97,6],[93,-87],[157,-123],[5,-203],[50,-82],[142,-39],[92,-105],[154,4],[54,-22],[41,-71],[35,-161]],[[56986,63442],[-83,-225],[7,-193],[27,-200],[-27,-224],[-42,-146],[-4,-84],[74,-668],[0,-5057]],[[56661,54886],[-400,499],[-1463,1832],[-359,448],[-279,-316]],[[53324,57716],[-120,544],[-8,16],[-228,167],[-69,-50],[-51,78],[-38,140],[-25,184],[-8,197],[-153,518],[-3,125],[15,62],[102,154],[10,208],[-16,48],[-25,292],[47,320],[-16,182],[-12,363],[8,287],[-27,282],[-30,189],[-91,337],[58,80]],[[47143,47136],[38,25],[23,-64],[82,74],[70,-133],[-2,-60],[43,-392],[-26,-202],[55,-27],[41,-114],[63,33],[42,164],[9,115],[36,13],[25,-84]],[[47642,46484],[14,-30],[39,-311],[-10,-192],[-75,-206],[42,-32],[69,-121],[61,-3],[26,-36],[26,-183],[18,-40],[77,-54],[15,-205],[-26,-289],[-21,-42],[-6,-182],[5,-306],[8,-25]],[[47904,44227],[-32,11],[-167,157],[-242,327],[-68,131],[-77,196],[-173,393],[-39,63],[-102,101],[-18,109],[-123,157],[-60,153]],[[59955,64681],[-85,-116],[-34,-123],[-84,6]],[[59752,64448],[39,217],[24,78],[49,265],[28,107],[10,152],[43,133],[48,78],[0,57]],[[55846,80625],[-9,133],[5,265],[11,132],[77,137],[30,214],[75,175],[60,19],[170,89],[26,-91],[135,-191],[42,-165],[100,-83],[79,26],[97,115],[34,108],[-22,384]],[[56756,81892],[219,136],[32,-47],[31,30],[126,-121],[55,-21],[85,-167],[66,-49],[102,55],[125,-57]],[[57818,80676],[-70,-47],[-70,-116],[-18,-79],[-146,22],[-64,-85],[-63,-30]],[[79866,51514],[-29,-100],[-34,20],[-51,-123],[-81,-72],[-88,185],[-41,-87],[-36,16],[-16,-74],[-52,-20],[40,-207],[-16,-90],[-45,2],[-46,113],[-57,50],[-51,-33],[-46,167]],[[77811,55463],[35,291],[44,65],[44,2],[-12,68],[65,275],[48,37],[58,142]],[[78093,56343],[24,-242],[16,-28],[72,36],[46,-60],[27,61],[-22,55],[3,360],[-37,115],[-22,186],[41,147],[25,20],[23,-72],[50,36],[29,-43]],[[69707,70898],[-15,64],[36,138],[65,139],[155,62],[128,-45],[132,-84],[29,-54],[119,-40],[58,-67],[-20,129],[38,288],[91,92],[18,44],[72,32],[169,-185],[152,-99],[75,-16],[43,83],[200,-10],[152,37],[50,-41],[157,-12],[61,-27],[140,5],[117,-69],[50,7],[21,-78],[80,-146],[120,-32],[80,-157]],[[72280,70856],[2,-110],[-105,-26],[-20,-68],[-132,-82],[-153,-157],[-105,-132],[-5,-64],[-62,-145],[-85,-14],[-65,-44],[-166,33],[-45,-40],[-51,-169],[-44,-206],[-45,-69],[-17,55],[-107,-89],[-54,1],[-26,211],[-18,16],[-77,-104],[-66,-21],[-39,31],[-6,-105],[-45,-24],[-75,-122],[-116,-66],[-44,-171],[22,-137],[-25,-82],[-53,-29]],[[63409,62013],[-26,-9],[-28,132],[29,127],[45,-138],[-20,-112]],[[62925,61642],[66,176],[38,134],[67,326],[51,56],[95,11],[85,-80]],[[63327,62265],[7,-103],[39,-185],[-49,31],[-68,-141],[91,-43],[37,-265],[43,-152],[29,-155]],[[55712,70634],[3,98],[-25,148],[-68,81],[-49,147]],[[98046,43367],[0,0]],[[98011,43312],[0,0]],[[98060,42464],[0,0]],[[98063,42373],[0,0]],[[98064,41878],[0,0]],[[98474,40600],[0,0]],[[98547,40312],[0,0]],[[98065,42109],[0,0]],[[97097,40550],[0,0]],[[2163,37990],[0,0]],[[2476,38958],[0,0]],[[2435,38023],[0,0]],[[1524,37875],[0,0]],[[6957,38288],[0,0]],[[7838,33113],[0,0]],[[6704,37205],[0,0]],[[6294,42471],[46,-82],[-68,34],[22,48]],[[5739,43926],[0,0]],[[2306,39218],[0,0]],[[61387,39646],[0,0]],[[59796,45030],[16,-90],[40,38],[77,-52],[15,-132],[-10,-246],[59,-214],[29,-38],[206,-14],[23,-13],[328,-536],[145,-35],[171,-85],[75,-16],[45,86],[52,192],[47,68],[209,229],[89,-198],[38,-34],[184,24]],[[61536,39972],[-40,-121],[-78,-81],[-31,22],[-29,-51],[9,-120],[-31,-140],[-47,-103],[-66,-12],[-51,-93],[-12,-92],[5,-141],[-22,-163],[-35,-70],[-36,-159],[-12,-148],[-91,-487],[-32,-104],[-43,-47]],[[63939,72732],[-24,-17],[-28,75],[52,-58]],[[63975,72814],[0,0]],[[64633,73124],[-35,44],[29,31],[6,-75]],[[64581,70568],[-9,226],[44,230],[-6,234],[-46,45],[-44,-17],[-25,48],[-62,-13],[-32,42],[-64,175],[-89,11],[2,217],[-45,117],[-56,218],[-30,165],[-40,51],[-99,42],[-22,57],[13,124],[31,29],[125,4],[88,-90],[102,21],[-65,62],[-70,135],[-5,119],[58,100],[47,166],[88,29],[221,0],[106,-56],[80,9],[-101,116],[-17,53],[31,146],[43,132],[26,158],[-16,250],[26,86],[-28,131],[-43,69],[-120,26],[-96,-114],[-35,52],[-74,22],[-26,59],[-132,65],[-71,-49],[-94,-111],[-45,-2],[-117,-173],[-66,-44],[-115,-37],[-32,-128]],[[74256,75709],[-122,4],[-37,-58],[-9,-219],[-47,-119],[-79,-52],[-143,-49],[-28,-94],[-35,-236],[17,-297],[20,-168],[-48,-135],[-70,-19],[-61,-89],[-63,-56],[-33,100],[-91,17],[-90,-18],[-84,35],[-145,117],[-45,-1],[-7,-107],[-87,-455],[-38,-161],[-12,-107],[-54,-289],[3,-53],[71,-55],[4,-159],[-33,-65],[-59,67],[-77,-40],[-55,45],[-28,87],[-24,-27],[-208,-128],[-61,-2],[-160,-84],[-52,-87],[35,-61],[71,8],[56,-44],[-33,-216],[5,-240],[39,-145],[58,-327],[-10,-82],[33,-105],[-110,-83],[-2,-49],[43,-71],[-80,-53],[-24,-93],[26,-303],[-13,-32]],[[60770,64651],[79,-619],[-21,-14],[16,-118],[57,32],[13,-75],[-41,-84]],[[59708,61823],[6,141]],[[59714,61964],[27,298],[20,115],[0,197],[83,501],[-11,69],[14,175]],[[59847,63319],[30,201],[-7,238],[5,205]],[[59875,63963],[6,173],[59,66]],[[87046,66644],[-36,-18],[-9,81],[25,33],[20,-96]],[[88428,67783],[-6,118],[-21,3],[17,117],[54,109],[-14,-169],[34,-7],[-22,-114],[-42,-57]],[[87480,65295],[-30,-60],[-43,65],[46,125],[47,51],[-27,-103],[7,-78]],[[86283,62463],[-49,1],[-16,87],[30,54],[49,-69],[-14,-73]],[[86377,62557],[-24,-8],[20,201],[38,84],[-34,-277]],[[86133,63847],[-22,-25],[2,230],[44,14],[9,-141],[-33,-78]],[[85910,65179],[-26,16],[8,123],[34,-25],[-16,-114]],[[85940,65342],[-33,11],[16,167],[35,56],[7,-103],[-25,-131]],[[85740,64237],[48,-15],[15,-78],[-40,-46],[-26,29],[3,110]],[[86216,63983],[-39,28],[61,37],[-22,-65]],[[89186,73068],[-11,-44],[-17,138],[28,-94]],[[89248,72918],[-42,24],[30,56],[12,-80]],[[88744,70780],[-14,83],[35,25],[-21,-108]],[[87319,65433],[-28,-43],[-19,68],[47,-25]],[[88737,65604],[0,0]],[[85854,64276],[-22,79],[31,127],[12,-91],[-21,-115]],[[85969,64546],[-34,-33],[26,109],[30,21],[-22,-97]],[[86054,64916],[-34,-7],[12,84],[22,-77]],[[86826,65174],[0,0]],[[86740,65054],[49,-22],[-23,-47],[-42,18],[16,51]],[[86032,63444],[0,0]],[[89496,59896],[0,0]],[[89950,72213],[77,-11],[106,-107],[88,-7],[151,277],[3,-73],[-63,-254],[-7,-73],[67,-326],[40,-16],[52,77],[44,-2],[-58,-66],[-33,-83],[-44,2],[-88,-102],[-111,-60],[-91,27],[-92,-73],[-108,-199],[-59,-192],[-16,-170],[-21,-59],[-202,181],[-183,226],[-123,-22],[-117,-144],[-77,150],[-64,2],[-45,-158],[28,-94],[44,-58],[44,-1],[116,-219],[-42,-48],[-95,55],[-47,-101],[-29,-108],[-66,-67],[-42,108],[31,236],[-14,109],[-45,86],[-21,140],[20,184],[92,103],[58,111],[15,68],[-25,82],[-1,96],[26,25],[82,-87],[99,-25],[44,14],[32,128],[-4,184],[69,265],[4,172],[28,154],[6,164],[-17,159],[-38,151],[23,172],[75,77],[133,-271],[80,-215],[50,-105],[112,-193],[149,-196]],[[86437,64813],[67,-13],[46,48],[39,-69],[-52,-197],[100,-14],[-13,-96],[28,-50],[7,-143],[-68,-177],[-46,-260],[-29,-239],[0,-150],[-34,-187],[-74,23],[7,-127],[-54,-102],[-60,-68],[29,179],[-24,217],[20,90],[-34,9],[-35,-182],[32,-135],[-15,-63],[-108,80],[-15,82],[41,30],[8,106],[-38,117],[2,227],[35,37],[40,114],[49,221],[-39,26],[13,123],[-46,184],[-40,60],[-31,-51],[14,-179],[42,1],[4,-106],[-27,-17],[-53,66],[-79,-141],[16,109],[-38,105],[-3,130],[42,-118],[45,-29],[-26,121],[-88,150],[22,91],[51,-31],[-5,81],[68,60],[27,54],[55,25],[33,141],[64,66],[66,-39],[29,-141],[33,-49]],[[87321,65273],[77,-21],[0,-128],[29,-158],[-101,-149],[-37,-119],[-17,-135],[-62,141],[-91,44],[-96,-106],[-51,-233],[-24,-31],[-11,-100],[-30,-62],[-63,6],[19,98],[-60,10],[-18,101],[23,164],[-30,27],[2,70],[-90,-64],[154,246],[40,213],[57,68],[40,-114],[124,64],[17,82],[-11,77],[29,-4],[67,78],[35,7],[79,-72]],[[89229,70281],[63,23],[-15,-217],[17,-342],[51,-96],[42,-129],[54,-351],[-4,-256],[-21,-223],[-67,-96],[-31,-149],[-22,-253],[-60,-16],[-49,-48],[-32,-116],[-9,-140],[30,-339],[-19,-328],[-49,-109],[-46,-242],[-15,-191],[14,-121],[70,-235],[-65,-45],[-51,-107],[-11,-171],[-17,-60],[-83,-101],[-38,-97],[-22,77],[-4,202],[72,172],[-27,90],[-43,-7],[-19,-115],[-32,-61],[26,-110],[-30,-78],[-45,110],[-62,-14],[-38,-127],[2,-99],[-29,-155],[-50,-83],[-21,57],[11,194],[28,35],[-51,70],[-39,-27],[-64,-168],[-44,-177],[-58,32],[-121,16],[-134,-57],[63,85],[-4,48],[-67,-4],[-41,28],[-9,178],[-45,-53],[-44,-215],[23,-63],[73,-109],[-7,-77],[-86,-47],[-59,-57],[-115,-433],[-62,-52],[-67,46],[-77,243],[-21,275],[79,149],[-8,108],[-87,-16],[-84,94],[-43,4],[-105,-51],[-66,-120],[-146,-67],[-84,-92],[-34,20],[-101,-59],[-65,75],[-51,-89],[-26,-273],[-112,150],[-74,-23],[-67,-50],[-45,51],[-43,-31],[-8,201],[32,92],[97,14],[71,143],[69,78],[212,408],[22,79],[62,65],[96,32],[30,-69],[67,37],[68,-11],[98,31],[67,62],[118,25],[82,59],[25,-18],[-9,-91],[26,-47],[98,-16],[93,127],[22,60],[-24,157],[41,163],[57,98],[94,267],[14,147],[-8,175],[34,129],[133,98],[4,-59],[-51,-109],[-63,-78],[25,-236],[30,-44],[61,-3],[47,128],[111,79],[113,109],[64,122],[44,118],[49,200],[101,116],[43,94],[21,181],[28,140],[62,199],[31,244],[34,129],[5,238],[-30,95],[-57,26],[46,71],[30,206],[-25,199],[29,95],[62,53],[25,139],[-7,109],[19,49],[67,-25],[15,-212],[33,-42],[38,75],[51,-41],[40,155],[-18,99],[-111,-73],[17,201],[21,57],[81,-94]],[[84525,58418],[-16,-111],[-42,55],[58,56]],[[84413,58252],[-58,6],[25,89],[46,-37],[-13,-58]],[[84845,58578],[-49,-7],[4,98],[45,-91]],[[85627,59922],[-37,-71],[-72,-77],[10,-81],[-32,-51],[4,-72],[-42,-41],[21,239],[61,113],[-11,70],[39,-36],[58,168],[21,-49],[-20,-112]],[[85832,60674],[-27,4],[14,129],[13,-133]],[[85958,61017],[-24,-57],[-56,86],[44,77],[52,27],[50,84],[-13,-74],[-57,-111],[4,-32]],[[85922,60944],[0,0]],[[88844,64428],[0,0]],[[28538,54154],[98,-47],[58,-94],[97,-74],[39,-167],[-87,-34],[-91,76],[-26,-88],[-35,37],[-37,-131],[-44,83],[-113,31],[-84,221],[-62,19],[-8,93],[30,69],[66,14],[29,38],[170,-46]],[[52903,74147],[66,-14],[19,-37],[74,3],[30,98],[110,43],[68,-8],[110,67],[-4,-103],[65,-164],[25,-21],[191,-70],[148,-37]],[[53811,73248],[17,27],[-43,102],[-45,-43],[-72,43],[-49,-94],[-148,-124],[-2,59],[-60,-70],[-14,-144],[47,-142],[36,-51],[-38,-119],[-30,24],[-8,-77],[16,-207],[25,-144],[82,-161],[60,-52],[108,-166],[74,-80],[67,-276],[57,-345],[48,-129],[100,-184],[90,-135],[84,-84],[66,-14],[155,18],[56,-30],[-4,-97],[-66,-97],[-4,-77],[31,-54],[150,-143],[153,-119],[103,-156],[134,-131],[22,-63],[82,-137],[36,-105],[7,-82],[-39,-199],[-74,81],[-59,241],[-108,25],[-61,59],[-12,62],[-51,19],[-28,-39],[-72,-226],[-39,-196],[19,-155],[63,-43],[80,-139],[3,-171],[14,-98],[-21,-55],[-41,14],[-54,-35],[-55,-123],[-4,-215],[-73,-113],[-62,-216],[-93,-2],[-21,67],[-1,99],[50,90],[22,127],[-7,92],[26,69],[63,33],[3,128],[-28,58],[-24,232],[-47,192],[-44,256],[-30,44],[-81,12],[-96,119],[10,98],[-22,126],[-39,79],[-118,-49],[33,91],[-42,59],[-57,10],[-68,213],[-35,75],[-49,-3],[-86,40],[-44,-31],[-66,116],[-61,43],[-154,331],[-75,99],[-47,145],[-95,96],[-43,-24],[8,102],[-64,144],[-38,46],[-26,93],[-54,22],[5,121],[-23,163],[-36,100],[-20,238],[-56,118],[-88,57],[-122,154],[-146,72],[-59,-53],[-72,-148],[-59,-153],[-96,-82],[-67,-25]],[[52081,71966],[-3,69],[47,119],[-4,92],[-74,-26],[-112,107],[-35,163],[52,145],[-10,77],[-71,67],[-30,138],[59,12],[66,74],[21,113],[-97,218],[0,73],[60,79]],[[52887,71327],[7,-102],[-24,33],[-56,-13],[-1,48],[74,34]],[[53871,69812],[0,0]],[[53347,67033],[0,0]],[[54326,68063],[-95,-307],[-37,-229],[20,-176],[34,-138],[-42,-85],[-9,-144],[-93,16],[-76,62],[-38,123],[-62,92],[-66,-2],[-151,174],[-53,92],[-69,64],[-62,1],[-48,69],[-25,106],[31,164],[52,92],[47,-105],[71,110],[53,-7],[92,-127],[30,-14],[72,42],[66,-16],[61,20],[94,89],[76,-14],[106,97],[21,-49]],[[52675,69936],[48,-269],[-45,-163],[16,-124],[-23,-519],[-15,-133],[-21,-18],[-62,54],[-58,16],[-9,-138],[-39,-92],[-65,10],[-64,196],[-5,194],[20,188],[21,64],[-39,55],[18,264],[-33,146],[-46,107],[10,184],[24,-39],[73,-5],[69,70],[49,113],[64,103],[63,-75],[46,-103],[3,-86]],[[52355,68659],[-16,-70],[-15,104],[31,-34]],[[52301,70047],[0,0]],[[59875,63963],[-53,79],[-47,19],[-35,-52],[-31,-211],[10,-174],[59,-115],[-70,-104],[-22,-144],[64,-22],[97,80]],[[59714,61964],[-19,-54]],[[59695,61910],[-68,502],[-115,716]],[[59512,63128],[29,109],[49,114],[-14,42]],[[59576,63393],[56,219],[35,211],[33,294],[52,331]],[[59512,63128],[-13,80]],[[59499,63208],[77,185]],[[47236,79107],[-88,45],[23,28],[63,-21],[2,-52]],[[48272,79230],[17,-50],[-52,-21],[56,-288],[2,-195],[25,-148],[5,-115],[-28,-85],[-24,-185],[-69,-140],[39,-69],[-66,-41],[-61,16],[-207,-79],[-39,-84],[-48,-22],[-85,-95],[-40,54],[-17,-106],[-129,-109],[-134,-61],[-46,22],[-104,-32],[71,145],[-150,-63],[103,158],[-93,-38],[-71,20],[-10,49],[64,106],[56,43],[-3,40],[-121,-2],[50,97],[122,-16],[-37,108],[89,110],[71,14],[152,71],[-58,53],[-51,-85],[-61,-12],[-46,26],[-99,-60],[111,149],[34,81],[-19,36],[45,106],[103,77],[-58,30],[-92,-11],[-43,71],[-56,-10],[9,52],[-83,13],[-7,95],[110,40],[-52,37],[2,49],[90,55],[0,52],[-93,-11],[16,163],[-34,65],[-32,-22],[10,71],[94,30],[112,-1],[47,-63],[40,56],[127,-33],[-22,74],[19,40],[90,73],[27,94],[-90,-22],[-85,50],[107,147],[-4,92],[33,89],[75,34],[71,-7],[23,50],[30,-94],[-28,-107],[50,54],[-15,103],[21,62],[59,50],[79,-81],[-72,-103]],[[62434,67304],[32,-241],[43,-99],[-1,-94],[23,-82],[35,-37],[34,-240],[79,-61],[21,-65],[124,-11],[26,-54],[-62,-50],[-18,-138],[38,-109],[6,-137],[-59,-70],[-67,-161],[-12,-159],[-38,6],[-17,-117],[25,-92],[0,-93],[-36,-128],[21,-32],[73,-227],[40,5],[-2,-83],[30,-15],[46,-170],[-18,-100],[8,-91],[74,-20],[53,-67],[154,-259],[69,-30],[39,-192],[88,-251],[-41,-277],[0,-280],[92,-9],[1,-369],[102,-165],[14,-136],[31,-53]],[[63484,62251],[-53,-4],[-59,59],[-45,-41]],[[65607,60111],[-65,-155],[-29,21],[-118,-104],[-21,46],[115,115],[-1,95],[41,-26],[85,66],[-7,-58]],[[67017,66232],[4,-74],[-25,-142],[-24,-28],[13,-126],[-19,-167],[-36,-142],[-60,-114],[43,-122],[-68,-8],[-44,-150],[11,-178],[-4,-142],[40,-56],[73,-39],[-99,-258],[4,-101],[70,-524],[-11,-185],[1,-230],[17,-125],[224,-71],[27,-68],[16,-150],[-8,-169],[-262,-685]],[[67107,58901],[-49,-70],[-208,126],[-42,109],[-31,-88],[-104,51],[-114,14],[-44,55],[-114,-46],[-69,97],[-74,27],[-91,-1],[-74,71],[-39,-28],[-18,51],[-110,47],[-36,173],[-1,85],[-27,150],[-9,217],[-25,159],[-47,130],[-127,77],[-66,-40],[-49,-74],[-81,-43],[-63,-145],[-36,11],[-111,-162],[-70,-33],[-110,132],[-49,25],[-101,-5],[-56,89],[-14,64],[-131,140],[-81,128],[-25,120],[-35,86],[-79,71],[-45,75],[-101,15],[-41,46],[-67,155],[0,62],[-51,206],[-9,151],[-54,101],[3,136],[-56,59],[-7,192],[-134,353],[-27,195],[-24,8],[-119,-127],[-35,71],[-104,125],[-15,47],[52,1],[10,68],[-62,24],[10,-39],[-41,-87],[8,-145],[-24,-60],[-80,-52]],[[62449,69069],[90,-279],[120,-198],[150,-67]],[[62809,68525],[104,21]],[[62913,68546],[18,-2],[83,172],[38,22],[55,113],[163,217],[62,25],[90,-201],[-52,-61],[-2,-99],[41,-51],[-9,-84],[-53,-31],[-8,-82],[66,-124],[44,-40],[48,-123],[77,17]],[[63574,68214],[25,-384],[34,-156],[25,-47],[83,-74],[71,-11],[112,-52],[58,-181],[54,-95],[110,-144],[53,-47],[179,-90],[119,5],[328,174],[151,43],[-66,-54],[81,-25],[13,94],[-28,276]],[[77077,42196],[61,-198],[65,-148],[-16,-243],[-15,-45],[-38,22],[-23,168],[-55,79],[-30,169],[-60,168],[46,-1],[31,81],[34,-52]],[[77545,39913],[-26,-3],[-55,84],[-75,328],[20,160],[54,38],[54,-228],[19,-142],[37,-131],[2,-78],[-30,-28]],[[82399,35103],[-35,-146],[20,-46],[-58,-30],[-139,73],[-2,58],[58,-2],[-5,217],[44,100],[51,64],[68,-55],[24,-74],[-26,-159]],[[82068,35425],[28,-37],[43,-140],[-103,-147],[-27,-128],[-40,-22],[14,93],[-24,87],[-59,102],[-64,35],[-31,83],[-7,100],[99,-45],[46,6],[43,76],[82,-63]],[[79456,39990],[33,-139],[13,-227],[43,-194],[126,-76],[-39,-92],[-18,-135],[15,-124],[-33,11],[-83,114],[-70,49],[-25,127],[9,106],[-37,131],[-6,89],[-65,72],[-58,-33],[-58,58],[16,89],[51,73],[0,109],[58,92],[33,-144],[5,139],[53,21],[37,-116]],[[84216,37962],[4,-191],[-39,52],[-19,-151],[-1,-157],[19,21],[42,-82],[-44,-103],[-16,18],[-48,-196],[-47,6],[-16,84],[23,150],[27,85],[23,267],[1,149],[26,124],[34,6],[31,-82]],[[84067,37456],[-22,-83],[-78,48],[31,176],[-17,157],[10,56],[92,104],[16,-222],[-40,-144],[8,-92]],[[80087,43761],[-60,11],[40,74],[-43,30],[-24,134],[55,111],[53,-151],[1,-106],[-22,-103]],[[80057,39055],[-11,-102],[-53,-56],[-33,96],[-10,-53],[-58,-34],[-4,288],[19,165],[47,25],[66,-47],[39,-70],[21,-94],[-23,-118]],[[87606,40706],[141,-52],[73,-178],[61,-81],[-19,-56],[-54,-31],[-76,69],[-25,208],[-29,-41],[-45,57],[-27,105]],[[87631,40044],[110,-35],[92,-9],[52,-47],[91,-9],[49,-46],[-75,-51],[-110,-15],[-100,100],[-105,59],[-4,53]],[[86336,41162],[59,-25],[70,-78],[17,-99],[-22,-53],[-70,4],[-107,193],[76,-232],[-40,-20],[-17,104],[-39,-49],[-15,70],[-72,40],[16,76],[144,69]],[[85681,42609],[-44,-12],[-22,185],[31,121],[76,90],[24,-87],[-18,-176],[-47,-121]],[[85597,39996],[-25,-36],[-89,15],[-50,-27],[-47,59],[18,135],[53,85],[71,-75],[68,-116],[1,-40]],[[85014,39440],[-21,25],[-32,238],[36,46],[-5,-110],[22,-199]],[[85006,39905],[85,-23],[-104,-66],[-145,-15],[-13,67],[37,29],[140,8]],[[84713,39964],[97,-73],[-1,-47],[-86,-47],[-48,34],[-54,-59],[-61,-18],[-25,102],[14,121],[79,36],[85,-49]],[[86478,35535],[-58,1],[-8,94],[48,277],[25,32],[50,183],[32,37],[26,-59],[-26,-49],[13,-121],[-19,-132],[-68,-171],[-15,-92]],[[85222,35768],[3,-49],[-65,-49],[-30,-100],[-101,46],[-86,-71],[3,74],[46,152],[67,-30],[109,95],[54,-68]],[[84603,35435],[7,-42],[43,29],[103,-32],[-8,-104],[-181,-64],[-25,41],[21,143],[40,29]],[[86389,40239],[-61,42],[-31,208],[62,49],[50,-55],[-20,-244]],[[76803,44845],[97,32],[97,-48],[72,21],[27,-22],[100,-229],[25,-153],[69,-175],[-2,-154],[19,-72],[97,-116],[34,-119],[103,-125],[162,-280],[48,-137],[61,-240],[50,-127],[42,-148],[63,-96],[57,-121],[-17,207],[61,10],[70,-172],[29,-179],[20,-46],[86,-50],[65,-126],[38,-129],[23,-189],[64,-149],[105,-45],[28,-36],[33,-121],[-78,-137],[-66,-57],[64,20],[62,61],[76,115],[56,-10],[54,-135],[32,-170],[-100,-168],[-6,-120],[29,-73],[-22,-48],[28,-155],[53,-93],[132,-118],[45,11],[24,-228],[19,-322],[15,-72],[77,-120],[-5,-100],[-44,-106],[-11,-111],[29,-20],[40,107],[41,44],[103,-16],[52,-79],[88,-279],[40,-153],[4,-78],[-44,-136],[-16,-143],[24,-189],[-27,-198],[15,-275],[0,-321],[-19,-469],[-19,-100],[-36,13],[-75,176],[-62,-122],[-29,-3],[-106,146],[-6,-86],[18,-176],[-23,-9],[-148,365],[-66,216],[-118,185],[-74,155],[-61,88],[-106,225],[-46,128],[-68,261],[-86,155],[-67,149],[-75,308],[-52,100],[-49,170],[-26,142],[2,147],[-103,447],[-49,333],[-125,361],[-38,198],[-35,95],[-73,74],[-49,101],[-62,479],[-38,326],[-26,145],[-39,141],[-155,237],[-58,31],[-27,54],[-30,343],[-56,91],[-117,422],[-47,94],[-99,75],[-59,181],[-67,134],[-137,351],[-80,367],[5,198],[47,45],[65,-14],[59,-66],[81,-155],[100,-46]],[[84106,35104],[-87,-80],[-105,-14],[-71,-81],[-52,-27],[-18,55],[-48,4],[-24,-72],[-81,-13],[-135,94],[-64,-13],[-55,31],[-59,-57],[-28,113],[19,195],[12,-18],[87,110],[105,34],[39,-57],[38,-3],[108,-107],[47,-70],[145,86],[82,-119],[47,17],[34,119],[82,89],[19,58],[-44,26],[24,65],[37,-41],[7,-125],[-54,-107],[-7,-92]],[[83336,34567],[58,-93],[19,-99],[43,1],[31,-51],[77,-224],[-38,-119],[-72,-62],[-81,66],[-60,165],[-91,135],[-67,2],[-77,45],[-35,132],[63,95],[119,23],[51,-20],[40,56],[20,-52]],[[82844,35311],[27,-25],[42,58],[34,-7],[28,-94],[37,85],[39,-31],[15,-157],[25,-76],[-35,-57],[-28,33],[-44,-23],[-5,-49],[-69,-36],[-23,30],[-5,98],[-52,-117],[-92,-64],[-36,8],[-62,-61],[-82,-19],[-42,-46],[-76,65],[-1,241],[14,93],[33,20],[59,96],[53,-43],[59,2],[66,-201],[45,-12],[74,96],[-37,82],[-34,12],[-45,82],[-17,135],[46,43],[55,-23],[34,-138]],[[84691,41865],[-53,-119],[-76,-250],[-58,-64],[-129,-52],[-135,15],[-51,112],[-223,-4],[-122,-31],[-115,41],[-115,-37],[-87,51],[-67,-3],[-31,-43],[-43,-127],[-32,-161],[-18,-166],[5,-166],[19,-154],[47,-175],[69,-99],[42,-233],[102,-25],[32,47],[35,156],[83,204],[45,-69],[65,-5],[86,124],[169,1],[-17,68],[95,62],[58,-55],[15,-91],[-15,-159],[-42,2],[-49,91],[-68,-66],[-83,-269],[-71,-146],[-109,-97],[-39,-119],[-41,-31],[-49,51],[-13,-79],[63,-144],[42,-40],[34,-87],[65,-294],[58,-112],[4,-101],[26,-105],[-23,-52],[-18,-243],[51,-84],[48,-129],[23,-114],[52,-17],[5,-169],[-48,-43],[-70,-8],[-99,-84],[-17,-56],[5,-121],[-43,-39],[-91,62],[-29,126],[16,210],[21,133],[-22,55],[-63,67],[-111,256],[-2,107],[37,140],[9,137],[-5,182],[-17,57],[-94,2],[-87,-142],[-24,-129],[38,-208],[13,-252],[-21,-267],[12,-451],[-35,-295],[31,-173],[11,-140],[-33,35],[-100,-26],[-65,-81],[-44,58],[-51,131],[-4,78],[44,307],[-1,96],[27,224],[3,273],[-36,188],[0,150],[-21,56],[-50,0],[-68,-44],[-35,98],[-15,170],[12,161],[-20,115],[19,81],[66,117],[23,242],[41,148],[-3,367],[55,353],[56,159],[37,-128],[-34,544],[40,91],[-15,140],[28,145],[34,85],[6,89],[74,205],[12,-68],[42,-49],[24,26],[86,306],[47,27],[100,-80],[42,-103],[76,15],[67,-41],[91,-9],[127,-118],[19,51],[88,4],[158,-63],[23,8],[96,121],[38,115],[34,32],[18,114],[52,53],[56,164],[49,-41],[19,-99],[-32,-87],[-25,-140],[-38,-130]],[[79825,36937],[28,-81],[54,-66],[130,-57],[44,23],[62,-145],[24,-182],[20,-43],[172,-54],[57,40],[89,-65],[105,5],[63,-37],[44,100],[42,235],[66,26],[50,-165],[53,-21],[55,36],[54,-88],[70,-23],[28,-62],[125,-23],[31,-207],[40,-59],[0,-174],[61,-75],[65,-42],[139,11],[89,49],[87,-97],[17,-88],[-16,-359],[27,-139],[31,-57],[-3,-60],[-56,45],[-29,64],[-33,-8],[-130,104],[-122,135],[-65,-18],[-94,-68],[-157,60],[-168,13],[-126,46],[-125,63],[-158,183],[-51,43],[-159,87],[-82,1],[-68,26],[-47,-28],[-33,-64],[-149,52],[-103,128],[-72,49],[-182,40],[-49,33],[-11,91],[29,131],[-160,137],[-191,16],[32,121],[31,-83],[27,78],[21,142],[36,9],[23,239],[57,143],[26,-36],[141,-52],[42,-42],[52,63],[9,74],[91,-73]],[[82659,44100],[-31,-67],[28,-103],[45,-93],[14,-76],[-41,-37],[-33,66],[-17,-72],[-77,8],[-2,-33],[61,-160],[-9,-121],[72,-91],[24,-124],[-16,-44],[40,-55],[28,-145],[50,-157],[-6,-72],[-71,-133],[81,-229],[155,-269],[97,-237],[-26,-67],[-100,-52],[-94,43],[-79,158],[19,-95],[-15,-93],[-50,-72],[-62,-347],[-16,-394],[31,-284],[-15,-49],[-78,-91],[-66,-184],[-57,3],[-23,-136],[-45,-69],[-21,-111],[-56,-107],[41,0],[0,-189],[-30,-61],[59,-48],[10,-65],[-10,-148],[-49,-8],[1,-219],[-18,-89],[-34,17],[25,-135],[-56,-156],[-28,-173],[-350,-405],[-19,41],[-6,287],[-22,230],[-22,-74],[-40,51],[11,123],[-30,-89],[-42,58],[-35,-81],[-45,-44],[-45,26],[-6,158],[-75,-36],[-85,220],[-18,-178],[-103,-150],[-88,56],[-44,-43],[-47,-104],[-37,-2],[0,334],[-35,118],[-20,-60],[-71,29],[-122,-97],[-28,54],[-35,-18],[-36,91],[-75,-66],[-20,42],[-2,167],[-41,522],[-32,59],[17,155],[-1,171],[-22,153],[-42,120],[-93,100],[-33,-4],[-18,101],[29,66],[-68,135],[-2,127],[20,180],[18,29],[-87,228],[-11,308],[14,240],[49,84],[-34,-10],[18,180],[55,148],[29,153],[70,74]],[[85480,41762],[42,-12],[24,148],[53,82],[-1,111],[18,59],[88,112],[42,9],[8,-144],[-4,-184],[-112,-161],[-11,-101],[110,-159],[10,-104],[58,-101],[-126,123],[-129,57],[-27,-122],[1,-175],[25,-210],[31,-167],[45,-173],[48,-114],[-41,16],[-12,58],[-52,58],[-44,199],[-55,127],[-2,276],[7,97],[-43,142],[-4,135],[19,118],[-25,53],[-27,231],[32,151],[-1,74],[27,191],[75,207],[38,43],[-42,-257],[35,-93],[0,-260],[-35,-119],[-65,-105],[22,-116]],[[86042,39148],[64,-78],[110,-9],[53,-100],[28,-183],[28,-19],[24,-107],[-15,-202],[-149,196],[-69,73],[-49,104],[-92,-1],[-13,-88],[-139,90],[-2,60],[-58,-42],[-31,-94],[-61,13],[-66,172],[-27,-9],[-45,-227],[-12,200],[89,251],[239,19],[16,-69],[86,103],[91,-53]],[[85238,38992],[46,-55],[56,-159],[1,-170],[-80,-93],[-71,-41],[-77,79],[-64,93],[-34,111],[-8,176],[17,46],[36,-30],[93,59],[85,-16]],[[84740,34471],[-29,-109],[-149,-340],[-70,-24],[-88,-113],[-59,23],[-9,68],[29,96],[-35,78],[33,248],[91,192]],[[84567,34697],[36,24],[97,150]],[[87429,37148],[-10,-170],[12,-156],[-33,-137],[-54,21],[-80,192],[41,37],[12,125],[-33,62],[32,22],[42,132],[35,61],[36,-189]],[[87370,36631],[-9,-105],[-41,-157],[-43,-66],[-39,98],[18,241],[-3,166],[15,10],[69,-148],[33,-39]],[[88481,35342],[-66,-93],[-118,18],[-51,-22],[-1,105],[41,232],[49,205],[80,143],[69,41],[62,-7],[54,-139],[7,-77],[-56,-255],[-70,-151]],[[89159,34747],[-53,102],[-82,249],[-108,225],[-33,94],[37,171],[-50,-125],[-79,-17],[-74,-44],[-29,57],[-9,88],[-15,-73],[-72,-124],[-22,82],[41,217],[24,176],[-42,81],[-53,155],[33,36],[55,-18],[-96,110],[-33,112],[74,37],[-39,90],[-8,74],[-72,198],[-39,278],[22,74],[-49,26],[12,58],[-49,34],[-2,148],[-83,148],[-126,170],[-61,63],[-130,74],[-178,203],[-147,62],[-71,-6],[-122,180],[-21,82],[8,87],[-45,-17],[-43,49],[-35,-25],[-33,105],[-48,-15],[-70,169],[-12,69],[5,163],[40,136],[-39,-23],[-13,-195],[-37,-33],[6,-74],[-35,-152],[-4,-117],[-42,-115],[-78,-23],[-28,61],[-32,214],[32,108],[-32,180],[-112,225],[-82,43],[-23,88],[72,76],[96,-33],[41,-43],[48,92],[38,120],[44,35],[116,-77],[25,-54],[15,122],[42,42],[-32,69],[37,134],[-59,-61],[-62,-26],[-73,8],[-73,-41],[-128,38],[-54,-16],[-79,177],[-24,194],[-2,109],[-55,13],[-121,104],[-32,-39],[-51,17],[14,99],[29,46],[29,149],[0,107],[152,106],[90,176],[74,70],[64,-3],[126,-107],[110,-151],[139,-13],[38,-72],[-11,-109],[52,-255],[-11,-116],[-31,-135],[14,-334],[10,-80],[74,-369],[7,176],[40,32],[20,-279],[40,17],[2,-139],[18,-100],[34,-59],[92,-29],[32,21],[104,246],[43,183],[63,107],[41,218],[126,53],[91,121],[-13,130],[71,109],[119,143],[29,-1],[55,-93],[150,-123],[45,-89],[63,-52],[209,-251],[101,-1],[27,-44],[103,-24],[35,-113],[62,-2]],[[88581,35261],[-83,12],[-9,44],[31,77],[34,18],[27,-151]],[[78251,42627],[19,-95],[-15,-108],[-33,-52],[-37,31],[-18,100],[13,117],[53,41],[18,-34]],[[78451,41862],[-41,60],[-14,191],[36,-1],[24,-79],[-5,-171]],[[78469,42192],[2,-91],[-62,86],[-55,32],[-10,90],[119,-82],[6,-35]],[[78618,41690],[-135,60],[-24,41],[26,169],[64,-120],[62,-71],[7,-79]],[[78657,41777],[-23,-15],[-55,104],[-51,40],[24,79],[77,-106],[28,-102]],[[78689,41546],[-40,5],[13,106],[27,-111]],[[78735,41632],[-29,80],[12,65],[31,-104],[-14,-41]],[[78895,41996],[32,-11],[-21,-124],[-37,58],[26,77]],[[79051,42021],[18,-180],[-21,-91],[-41,88],[3,66],[-52,-25],[31,117],[62,25]],[[79104,41041],[18,25],[45,-100],[-25,-29],[-59,81],[-38,-26],[-33,40],[27,145],[65,-136]],[[79020,40929],[32,-93],[-29,-103],[-34,-32],[-29,138],[60,90]],[[78815,40920],[-77,-7],[25,92],[48,-35],[4,-50]],[[80474,40334],[-55,-72],[-23,29],[13,180],[74,-38],[-9,-99]],[[81623,36164],[-53,-4],[-51,-75],[-120,4],[-77,51],[-10,47],[39,122],[56,14],[252,5],[30,-82],[-66,-82]],[[87489,40379],[-43,55],[22,70],[30,-67],[-9,-58]],[[85346,40816],[-36,-18],[2,171],[45,-4],[-11,-149]],[[85434,40940],[32,-105],[-21,-100],[15,-56],[40,-3],[21,-80],[-33,-53],[-38,83],[-45,-29],[2,115],[-47,101],[7,115],[36,-49],[31,61]],[[86923,37011],[-22,-60],[25,214],[20,44],[29,218],[17,-26],[-15,-160],[-41,-113],[-13,-117]],[[86890,37047],[-35,-43],[-14,215],[19,-2],[30,-170]],[[85631,38579],[-36,-2],[-46,-66],[-14,64],[24,56],[87,59],[-15,-111]],[[85226,44003],[-31,27],[30,132],[-25,60],[10,143],[29,-48],[16,-132],[-29,-182]],[[84904,43583],[-41,18],[-15,156],[24,-9],[32,-165]],[[86350,35310],[-24,-22],[68,182],[43,-27],[-75,-81],[-12,-52]],[[86065,35567],[-34,-61],[-34,87],[5,80],[56,-12],[7,-94]],[[85506,35465],[82,-51],[-27,-59],[-56,46],[1,64]],[[86208,39975],[20,-80],[-1,-118],[-48,-53],[-100,43],[-42,84],[71,76],[100,48]],[[78435,37309],[-23,-3],[-49,113],[25,24],[48,-55],[-1,-79]],[[77895,38925],[11,-103],[-33,70],[-4,82],[-35,89],[-7,117],[18,26],[58,-154],[-8,-127]],[[77834,39236],[-53,-56],[-13,148],[12,70],[53,-119],[1,-43]],[[77733,39516],[-65,60],[-19,67],[9,96],[32,-26],[43,-197]],[[77349,40791],[-42,-1],[33,215],[-29,159],[26,-12],[36,-169],[-24,-192]],[[76795,42826],[-123,165],[-59,43],[-26,120],[25,63],[170,-282],[13,-109]],[[83900,37338],[-18,-19],[-47,147],[16,112],[28,15],[26,-103],[-5,-152]],[[84225,40340],[7,-153],[28,95],[27,12],[31,-71],[-10,-77],[-40,-42],[-26,49],[-10,-98],[-24,192],[-73,-199],[-22,109],[27,176],[85,7]],[[83850,40878],[5,-67],[-44,6],[39,61]],[[83479,36732],[-11,-117],[-15,200],[12,285],[20,-136],[-6,-232]],[[82048,36259],[-43,13],[5,64],[49,15],[36,-69],[-47,-23]],[[82306,38442],[-59,-130],[-4,166],[-17,83],[28,253],[42,63],[-2,-101],[16,-260],[-4,-74]],[[84152,33487],[-34,7],[5,97],[60,45],[86,157],[13,-124],[-56,-109],[-74,-73]],[[84523,35303],[-28,-119],[-33,-38],[-26,139],[38,-7],[36,113],[13,-88]],[[84423,35343],[-39,-19],[-43,-87],[-22,-101],[-39,-14],[-50,39],[68,147],[83,93],[42,-58]],[[84254,35285],[-6,-31],[-75,2],[30,100],[56,-11],[-5,-60]],[[87420,36555],[0,0]],[[78728,41902],[0,0]],[[78840,41728],[0,0]],[[78955,41752],[-18,-21],[-15,98],[33,-77]],[[79080,41207],[0,0]],[[79523,43387],[0,0]],[[79377,43180],[-19,140],[40,-61],[-21,-79]],[[80246,43209],[0,0]],[[80264,40025],[-32,-30],[-10,66],[42,-36]],[[79853,39124],[0,0]],[[79690,39050],[-40,51],[47,-1],[-7,-50]],[[81780,36144],[0,0]],[[81310,37075],[-32,-23],[12,80],[20,-57]],[[79236,36491],[-36,18],[38,64],[-2,-82]],[[77037,42625],[-63,100],[51,-11],[12,-89]],[[76489,45255],[0,0]],[[84332,39965],[-32,16],[18,122],[14,-138]],[[84233,38270],[-27,-85],[-42,60],[9,118],[52,-12],[8,-81]],[[84401,39789],[0,0]],[[84208,39886],[0,0]],[[83184,35013],[-22,4],[-2,105],[19,111],[28,-38],[-23,-182]],[[83075,35366],[0,0]],[[82113,34993],[-36,38],[23,32],[13,-70]],[[82745,44111],[11,-93],[-52,-35],[-25,116]],[[82682,43473],[-31,107],[37,-17],[-6,-90]],[[84458,36961],[0,0]],[[84340,37455],[0,0]],[[83548,36155],[-37,2],[-3,69],[40,-71]],[[82654,35276],[-19,13],[0,117],[49,24],[-30,-154]],[[82339,38727],[-10,-122],[-17,69],[27,53]],[[85380,41722],[0,0]],[[87325,39670],[0,0]],[[87102,38177],[-66,53],[-3,42],[69,-95]],[[86362,40618],[-21,-61],[-119,-43],[15,52],[125,52]],[[86284,40793],[-44,29],[41,49],[3,-78]],[[85985,41033],[-50,85],[-17,79],[67,-164]],[[85403,41161],[0,0]],[[85394,41617],[0,0]],[[85360,40615],[-40,14],[29,97],[11,-111]],[[85755,38669],[-28,-30],[-7,66],[35,-36]],[[85711,38641],[-48,-37],[17,87],[31,-50]],[[85199,43892],[0,0]],[[85236,43817],[0,0]],[[84835,43031],[0,0]],[[86661,36096],[-64,60],[47,9],[17,-69]],[[85741,36109],[-39,35],[27,46],[12,-81]],[[85393,35800],[-13,77],[29,-12],[-16,-65]],[[84281,33914],[0,0]],[[83856,33712],[-50,24],[45,82],[37,-5],[-32,-101]],[[87449,36637],[0,0]],[[87409,36414],[0,0]],[[85551,39098],[0,0]],[[85445,38832],[0,0]],[[84160,35151],[-13,34],[61,15],[-48,-49]],[[71402,65874],[208,271]],[[71610,66145],[69,-32],[-10,-140],[75,-420],[13,-34],[95,-62],[74,-117],[10,-87],[-61,-99],[14,-413],[86,-193],[-1,-143],[26,-54],[5,-313],[-43,-80],[-41,-21],[-41,78],[-19,90],[-80,-27],[-7,-27],[30,-214],[66,-181],[-11,-154],[30,-86],[-21,-103],[18,-125],[87,77],[65,-209],[63,-110],[63,13],[80,-131],[31,-16],[0,-134],[136,-108],[84,-126],[7,-51]],[[74474,60779],[0,44],[88,55],[54,57],[51,-60],[12,-97],[-27,-244],[39,-145]],[[74691,60389],[-42,-99],[33,-151],[81,-102],[51,23],[120,-104],[99,38],[62,95],[60,-66],[50,-17],[109,22],[43,-10],[39,55],[68,-46],[105,51],[-15,144],[24,149],[-26,112],[-69,-5],[-41,81],[11,142]],[[75453,60701],[96,-21],[75,79],[46,-12],[69,87],[11,140],[50,57],[66,122],[24,133],[43,44],[84,26],[66,79],[109,241],[91,118],[41,-96],[64,-19],[78,-70],[39,3],[26,107],[145,170],[55,-142],[29,-26],[-60,-89],[11,-122],[76,99],[40,-201],[-51,-111],[-33,-126],[31,-42],[59,65],[48,-66],[84,2],[68,-107]],[[77033,61023],[4,-197],[-104,-168],[-24,-79],[7,-103],[56,-195],[-18,-43],[-44,53],[-22,84],[-37,30],[-109,-43],[-59,-43],[-43,-120],[-123,-204],[-93,-112],[-19,-87],[2,-199],[18,-105],[-33,-91],[-6,-100],[-57,-177],[-46,-77],[-19,-117],[43,-137],[-34,-198],[-81,-313],[-46,-314],[-124,92],[-52,-24],[-39,71],[-13,-37],[30,-239],[-14,-386],[-16,-72],[-40,1],[0,-88],[-24,-133],[24,-252],[-3,-91],[-23,-15],[-29,-145],[-31,5],[-46,85],[-32,-108]],[[75714,56632],[-23,498],[-36,171],[-7,278],[-25,253],[-26,27],[-62,-25],[3,-128],[-51,-153],[5,-127],[-43,-89],[-30,38],[-21,117],[-33,-67],[-17,189],[-25,146],[18,239],[38,122],[44,-2],[40,70],[58,3],[20,114],[32,12],[52,367],[53,-32],[12,38],[-31,78],[-90,109],[-159,-19],[-52,25],[-237,-14],[-168,95],[-3,456],[-31,162],[-26,31],[-19,-148],[-72,23],[-50,116],[-25,146],[-27,-24],[13,-88],[-80,29],[-45,159],[-42,33],[20,-137],[-80,-199],[-19,-140],[47,-69],[55,-152],[40,-56],[48,-3],[15,-88],[34,-53],[-15,-67],[-40,-18],[-81,13],[-39,-215],[-46,23],[-35,-202],[34,-100],[39,-4],[31,-64],[91,-81],[-7,-191],[-37,-231],[48,-167],[-4,-128],[57,-48],[-22,-103],[19,-288],[36,-251],[1,-128]],[[74736,56713],[-9,-183],[9,-126],[-40,-1],[-14,65],[-31,-113],[-15,105],[13,191],[-27,82],[-21,-204],[5,-121],[-38,-32],[-44,101],[-10,-95],[-55,50],[35,239],[-6,62],[-59,-208],[-75,-121],[-160,-108],[-67,-186],[-5,-91],[37,-286],[-59,-198],[-3,-75],[-70,-99],[-61,-178],[-196,-159],[-5,122],[-27,21],[-59,-98],[-23,-96],[57,41],[20,-37],[-60,-83],[-126,-270],[-6,-53],[-80,-253],[-99,-280],[-125,-156],[-127,-325],[-62,-103],[-106,-133],[-65,-125],[-22,-112],[22,-108],[-28,-157],[-138,-162],[-100,25],[-32,-20],[-43,-264],[-43,-143],[-42,5],[-12,72],[-38,19],[-73,-72],[-25,-58],[-53,-272],[-14,-176],[31,-349],[2,-161],[-16,-96],[31,-249],[23,-263],[-42,161],[-26,-76],[78,-172],[-32,-472],[-24,-168],[-45,-152],[-34,-174],[-29,-291],[11,-91],[-28,-94],[30,18],[13,-99],[-2,-616],[-125,-11],[-38,-93],[1,-98],[-72,-248],[-22,-162],[28,-84],[71,-34],[-82,-11],[-155,-116],[-64,-150],[-18,-267],[-18,-90],[-81,-137],[-70,-78],[-60,47],[-93,184],[-115,349],[-23,182],[-40,205],[-23,334],[28,-70],[9,-202],[23,-3],[-31,272],[-42,115],[-20,169],[-56,322],[-55,407],[-56,240],[-91,249],[-70,357],[-48,361],[-45,544],[-31,138],[-32,316],[-120,408],[-18,163],[-23,64],[36,0],[-55,182],[-72,280],[-38,286],[-27,519],[-26,232],[2,66],[-45,335],[-21,337],[-13,75],[38,238],[-10,93],[-38,-125],[-6,228],[49,-16],[-56,61],[3,110],[-20,41],[-16,178],[11,174],[48,341],[-1,187],[-18,203],[-33,43],[-19,136],[30,70],[-33,-6],[54,111],[59,56],[-133,-2],[14,127],[30,67],[-50,3],[9,129],[71,52],[-61,31],[-37,-21],[-76,15],[34,-56],[-17,-114],[-57,-144],[37,-34],[24,-80],[-1,-92],[-66,-264],[-124,-130],[-48,-71],[-104,-92],[-84,1],[-66,70],[-99,179],[-105,290],[-155,342],[-51,144],[-7,133],[41,21],[41,-92],[76,87],[74,30],[52,68],[48,18],[73,279],[-2,76],[-26,-97],[-24,22],[-112,-81],[-51,-68],[-119,63],[-117,144],[-49,96],[-62,268],[10,41],[90,157],[-78,-73],[-42,-93],[-31,-14],[-19,184]],[[76080,45972],[-17,-58],[-33,178],[-7,128],[48,17],[20,-165],[-11,-100]],[[76036,46342],[0,0]],[[75872,46970],[0,0]],[[75956,46709],[-37,60],[18,38],[19,-98]],[[75982,46835],[-17,-23],[5,141],[12,-118]],[[75774,47595],[0,0]],[[75694,48593],[-37,-5],[-4,143],[44,103],[17,-136],[-20,-105]],[[75747,49174],[-27,4],[13,86],[14,-90]],[[75756,49283],[-16,2],[-37,236],[21,53],[24,187],[26,8],[-19,92],[5,298],[19,69],[14,338],[19,90],[38,41],[3,-206],[-52,-218],[22,-65],[7,-219],[-35,-72],[1,-179],[-34,-133],[14,-53],[-20,-269]],[[75837,49636],[0,0]],[[75754,50219],[0,0]],[[70216,49049],[0,0]],[[70296,46984],[0,0]],[[45682,87774],[106,37],[85,70],[73,-5],[-89,-63],[-57,-112],[62,-61],[55,-13],[2,-86],[-41,-82],[22,-18],[102,22],[20,-72],[-43,-77],[85,47],[65,-18],[41,-59],[47,-9],[-14,-85],[-38,-31],[42,-46],[-28,-68],[48,-35],[-5,-75],[-71,-31],[1,-92],[-79,-103],[-69,21],[-23,-77],[-2,-100],[-43,-55],[-109,-84],[-132,-27],[-157,-103],[-113,-137],[-48,-36],[-276,-84],[-50,-23],[-18,-87],[-56,-66],[-159,-63],[-166,25],[-146,66],[-117,14],[-82,92],[22,83],[-50,-49],[-115,73],[-66,68],[-56,-54],[-257,-10],[-78,-12],[-25,135],[26,41],[39,-60],[126,56],[53,76],[61,154],[-85,-60],[14,55],[-14,87],[100,78],[-23,15],[-120,-80],[-49,37],[14,90],[-65,57],[-71,-4],[-174,25],[-131,-60],[-57,87],[45,43],[47,-8],[162,37],[90,57],[28,-14],[220,16],[32,97],[-73,-44],[-100,24],[-30,27],[54,67],[113,76],[18,33],[-45,33],[-85,-9],[-22,38],[-142,32],[-277,-122],[-90,56],[-64,9],[31,71],[52,5],[83,-49],[-43,55],[-28,101],[56,4],[82,-60],[91,49],[-116,22],[-36,48],[86,22],[-67,82],[8,51],[84,-32],[-44,49],[60,62],[87,-67],[12,-74],[111,13],[1,-93],[49,29],[-1,113],[-101,58],[-39,43],[24,27],[98,4],[-49,57],[-80,-10],[-41,23],[64,59],[129,-7],[71,-87],[57,-35],[95,-118],[60,-45],[-30,-41],[59,-64],[-43,-125],[-56,18],[82,-103],[-16,-81],[53,-30],[28,-108],[53,210],[56,66],[79,-62],[27,104],[0,221],[41,47],[51,-35],[42,-84],[78,-106],[44,24],[-6,120],[20,64],[131,75],[38,-9],[89,-144],[50,-56],[31,-104],[18,66],[-60,185],[5,45],[108,-10],[99,-126],[111,168],[87,-55],[98,50],[16,58],[-31,118],[81,54],[73,-6],[76,-110],[3,-51],[44,-40]],[[55251,73490],[-67,-17],[-28,-67],[-57,-42],[-153,26],[-56,87],[-55,26],[-130,213],[-53,115],[-65,59]],[[54470,74145],[44,77],[56,24],[11,82],[-21,71],[7,124],[50,34],[5,113],[-58,33],[33,65],[55,-43],[88,15],[-10,91],[33,119]],[[25739,50299],[-42,263],[-90,33]],[[25607,50595],[27,291],[-24,54],[-52,-7],[-45,75],[-82,-95],[-18,90],[-43,25],[-50,77],[-58,144],[-85,61]],[[25177,51310],[53,134],[-14,183],[22,145],[50,56],[204,406]],[[25492,52234],[27,-20],[71,126],[71,21],[37,-84],[56,31],[105,-50],[42,22],[111,-8],[49,72],[68,48],[-14,50],[56,-15],[83,-73],[89,13],[53,51],[91,-75],[24,-57],[83,14],[135,-271],[-55,58],[-39,-19],[5,-65],[47,-5],[46,-122],[47,32],[-15,72],[77,-90],[21,-113],[37,-61]],[[25994,52691],[0,0]],[[26147,52750],[0,0]],[[30061,55042],[20,-209],[-11,-96],[25,-109],[-42,-101],[21,-92],[-3,-87],[-34,-83],[-37,-12],[35,-128],[31,-52],[-2,-213]],[[30064,53860],[-81,133],[-123,-6],[-104,-48],[-141,70],[-101,-43],[-38,-104],[-56,122],[-92,92],[-17,73],[26,123],[44,27],[177,-99],[222,-62],[48,82],[56,6],[19,81],[-84,155],[-45,125],[30,260],[-97,119],[-95,34],[-12,44],[34,94],[122,51],[67,-19],[116,-110],[107,-33],[15,15]],[[29776,54380],[-5,-50],[-128,134],[32,49],[101,-133]],[[29815,55266],[7,-36],[-89,54],[47,21],[35,-39]],[[33328,47181],[50,-123],[48,-8],[129,-203],[108,-238],[51,-134],[42,-155],[-1,-202],[-28,-137],[-9,-240],[55,245],[33,20],[87,-66],[105,-236],[18,-83],[55,-42],[32,-66],[17,-207],[-8,-237]],[[34310,42532],[-98,-43],[-56,39],[-23,54],[-81,-74],[-37,-129],[-122,-54],[-14,-90],[-85,47],[-46,-105],[-2,-108],[-48,-3],[-49,-54],[-29,71],[-73,50],[-85,228],[-36,33],[-25,108],[0,263],[-37,63],[-29,230],[6,211],[40,287],[-8,133],[49,79],[36,165],[-52,206],[9,109],[-36,67],[-77,25],[22,161],[12,241],[-42,110],[-54,-28],[-113,2]],[[46186,50084],[15,-137],[-9,-117],[-67,-95],[58,-118],[2,-193],[-61,-50],[-87,-3],[-52,-73],[-64,-34],[-27,-73],[-46,-234],[-27,-93]],[[45821,48864],[-3,142],[-47,-78],[2,88],[-49,43],[12,113],[-36,23],[14,62],[99,70],[-44,62],[-51,-50],[-25,76],[24,105],[88,29],[-93,21],[-107,-127],[-34,17],[-4,121],[-50,-29],[-53,94],[23,131],[-53,-23],[-77,106]],[[45523,48948],[-34,38],[47,59],[-13,-97]],[[45584,48964],[0,0]],[[45631,49058],[0,0]],[[45679,49284],[0,0]],[[45582,49234],[-33,8],[16,85],[17,-93]],[[45559,49527],[-15,-86],[-31,82],[46,4]],[[46307,47533],[7,86],[-47,175],[-36,87],[-35,-5],[10,72],[-9,204],[-18,-41],[-56,69],[-25,122],[-35,-9],[-71,84],[-51,212],[5,153],[-23,-55],[-28,171],[-31,26],[-24,-116],[-19,96]],[[47780,48317],[-41,-99],[0,-371],[30,-69],[37,13],[-6,-160],[39,-76],[-45,-71],[-3,-135],[46,-47],[26,-111],[3,-107],[-102,59],[-53,-28],[-5,-142],[67,-76],[-31,-195],[3,-76],[-32,-143],[-55,32],[-16,-31]],[[25233,53702],[-21,-1351],[95,-3]],[[25307,52348],[81,-89],[18,60],[-16,71],[102,-156]],[[25177,51310],[-50,-4],[-1,-119],[-57,-115],[-34,-23],[-64,-148],[2,-69]],[[24973,50832],[-106,116],[-36,19],[-150,-2],[-64,45],[-123,168],[-115,223]],[[32856,49619],[-18,-3],[19,124],[30,27],[-6,-119],[-25,-29]],[[57738,66890],[0,0]],[[55725,68177],[4,-81],[45,-88],[-8,-51],[-66,26],[-19,89],[-28,-38],[16,111],[30,-3],[12,100],[14,-65]],[[55802,67771],[-20,-99],[-55,134],[20,52],[55,-87]],[[55746,68336],[-37,-18],[22,165],[24,-13],[-9,-134]],[[55766,68140],[0,0]],[[55577,68916],[6,-40],[-60,60],[-66,187],[53,66],[27,-52],[-25,-55],[31,-139],[34,-27]],[[56504,68582],[15,-76],[113,-115],[62,-11],[49,-317],[23,-41],[57,-10],[-8,-119],[-49,28],[-41,69],[-48,192],[-78,8],[-30,30],[-9,77],[-102,175],[-62,50],[-44,-2],[77,93],[46,23],[29,-54]],[[56605,68692],[-32,-13],[-20,79],[52,-66]],[[56635,68723],[0,0]],[[56854,68477],[-60,56],[7,65],[53,-121]],[[56881,69748],[-35,-25],[-37,48],[30,102],[27,-4],[15,-121]],[[56541,67856],[0,0]],[[56403,66634],[-31,-10],[3,146],[40,-96],[-12,-40]],[[57548,66124],[-10,-40],[-19,133],[42,157],[-18,-135],[5,-115]],[[57505,67175],[-28,-10],[-8,100],[36,-90]],[[57485,67012],[31,80],[57,45],[24,-25],[-112,-100]],[[57096,67181],[-25,-27],[-27,99],[46,89],[17,-31],[-11,-130]],[[57021,67252],[-22,-54],[-26,31],[47,72],[1,-49]],[[57078,66776],[-31,-23],[10,81],[21,-58]],[[57050,66975],[0,0]],[[57451,67775],[59,-29],[5,-43],[-59,-45],[-73,55],[68,62]],[[57230,67576],[16,75],[73,27],[-40,-74],[-49,-28]],[[57183,67056],[-33,0],[56,68],[-23,-68]],[[57350,66912],[-36,-52],[-17,59],[53,-7]],[[56765,67610],[0,0]],[[56787,67446],[0,0]],[[56815,67038],[-1,-56],[-57,-20],[58,76]],[[56928,67551],[0,0]],[[56942,67739],[-9,-48],[-68,146],[21,64],[46,-60],[10,-102]],[[57015,67626],[-28,-38],[-44,92],[72,-54]],[[56866,67149],[0,0]],[[57248,68061],[-27,-40],[-34,76],[32,59],[-40,156],[46,19],[41,-43],[-1,-167],[-17,-60]],[[57336,68843],[48,-209],[-54,-41],[-64,37],[-88,122],[19,62],[32,-2],[39,62],[50,7],[18,-38]],[[57134,69615],[-31,-18],[-35,58],[34,23],[32,-63]],[[57065,69303],[-22,-123],[-82,31],[-1,104],[105,-12]],[[57056,67499],[0,0]],[[56812,67292],[0,0]],[[57734,66450],[-36,20],[0,151],[55,122],[89,62],[-40,-259],[-34,-12],[-34,-84]],[[56625,66173],[51,0],[61,-47],[16,-74],[113,43],[79,-10],[28,-44],[103,-29],[71,30],[4,-145],[78,51],[39,0],[43,70],[-21,-190],[-116,-14],[-173,-46],[-113,-18],[-25,109],[-68,50],[-161,61],[-68,-8],[-26,127],[17,106],[18,-37],[18,100],[32,-85]],[[57232,69827],[-50,82],[-169,63],[-40,43],[-87,-96],[-65,55],[-48,-16],[-42,-90],[-42,-43],[-89,16],[-5,-49],[37,-94],[-3,-88],[46,-7],[50,-57],[36,-127],[-51,93],[-93,62],[-29,-57],[69,-121],[-6,-105],[-31,40],[-47,142],[-66,28],[11,-134],[58,-81],[-13,-24],[-65,46],[-23,160],[-115,129],[-13,63],[20,71],[-82,-67],[4,-91],[-20,-174],[6,-58],[68,-166],[23,-121],[51,-96],[51,-143],[11,-80],[-57,-30],[11,88],[-47,51],[-42,-51],[35,-160],[28,5],[-73,-96],[-58,-8],[50,-63],[133,-98],[32,-95],[56,-26],[31,-96],[79,-55],[16,-95],[8,-303],[-23,-23],[-108,235],[-108,-36],[-44,-57],[31,-58],[14,-124],[55,-28],[26,-98],[-91,-75],[-18,75],[-89,102],[-14,-31],[75,-370],[22,-169],[-9,-92],[33,-138],[-49,56],[-57,181],[-47,-4],[-34,-149],[1,-85],[-32,47],[0,132],[-82,230],[-35,-27],[-17,-178],[-43,89],[-43,153],[-1,84],[31,77],[-34,163],[-67,90],[-11,74],[-42,56],[47,122],[27,119],[71,-15],[46,108],[36,-5],[80,-93],[87,-54],[68,-93],[33,-16],[-7,66],[63,15],[8,73],[-60,18],[-142,166],[-54,-60],[-73,42],[-137,-64],[-39,117],[-8,-80],[-53,7],[-33,190],[-60,108],[0,85],[82,-30],[13,102],[-94,-16],[-87,174],[-46,51],[-31,154],[-53,115]],[[55555,69111],[57,-40],[28,101],[21,4],[-20,125],[97,97],[41,231],[40,34],[22,90],[-18,160]],[[56365,70256],[67,-10],[23,44],[110,1],[110,58],[7,41],[92,-3],[36,21],[14,-60],[57,-78],[20,26],[80,-55],[33,-51],[148,62],[38,-14],[65,87],[-25,168],[37,49],[34,-19]],[[50329,45450],[-38,-67],[-28,-129],[-55,-36],[-136,-2],[-108,-133],[-61,-47],[-38,-75],[-87,-118],[-74,-31],[-160,-142],[-101,-154],[-24,1],[-86,117],[-198,112]],[[49135,44746],[7,28]],[[49142,44774],[19,2]],[[49161,44776],[56,15],[17,197],[-11,118],[-46,30],[-67,496],[-11,132],[2,191],[69,280],[25,338],[30,174],[49,81],[0,71],[29,43],[-26,416],[-13,110],[-28,62],[17,122],[-2,185]],[[49251,47837],[-20,125],[5,98],[-10,201],[-2,246],[-34,112],[23,286],[22,-8],[320,7],[250,-6],[14,-43],[44,56],[53,113],[64,-37]],[[52115,74659],[-24,57],[22,231],[-7,44],[34,151],[37,251],[84,176],[-2,61],[-145,63],[-45,63],[-119,-20],[-36,59],[-44,-33],[-77,199],[-31,7]],[[51699,76438],[16,79],[52,58],[-6,96],[-48,66],[19,36],[-68,108]],[[51999,78663],[-40,66],[15,127],[49,88],[201,6],[44,-103],[-16,-54],[38,-15],[24,113],[45,-65],[12,30],[-3,158],[26,66],[77,-28],[86,15],[32,-30],[86,-150],[-89,182],[-93,47],[-20,52],[1,183],[-73,24],[1,73],[84,49],[2,50],[-77,178],[-3,79]],[[52408,79804],[65,-5],[121,-64],[77,35],[34,-21]],[[52705,79749],[42,-32],[36,-75],[2,-65],[-44,-77],[76,12],[19,-56],[41,20],[103,-86],[79,45],[14,-70],[-16,-70],[-55,-74],[30,-56],[52,9],[82,-45],[110,141],[88,16],[129,211],[126,-40],[33,-90],[83,-100],[77,9],[27,-95],[12,-116],[44,-61],[65,-26]],[[54113,76957],[-54,-2],[-19,97],[-63,31],[-18,-25],[32,-73],[-131,-96],[-95,-40],[-23,-62],[-65,-28],[-62,-61],[-20,-59],[-50,17],[-86,-57],[-49,-118],[-40,91],[-12,-30],[33,-121],[84,-141],[-34,-110],[67,-196],[51,-93],[28,1],[63,-121],[55,-69],[28,-74],[30,3],[74,-136]],[[53837,75485],[-8,-126],[-31,-46],[-52,42],[-22,-132],[-24,-45],[-67,-39],[-74,-80],[-15,-60],[54,-131],[-16,-118],[44,-47],[-11,-125],[-65,61],[-27,74],[-56,-23],[-76,57],[-7,-69],[-130,-26],[-90,-68],[-26,-43],[-88,-19],[-30,86],[-121,22],[-35,-168],[-36,-24],[5,59],[-46,78],[-79,72],[-63,-37]],[[53808,79437],[-1,-71],[-63,39],[-32,-64],[-49,56],[-3,154],[17,66],[51,43],[69,-115],[-25,-51],[36,-57]],[[53948,79077],[-80,6],[-1,83],[-27,91],[107,-124]],[[53134,79462],[-76,34],[21,47],[41,-22],[14,-59]],[[52307,79722],[-3,85],[30,106],[-7,-112],[70,-6],[-79,-31],[-11,-42]],[[52385,79669],[0,0]],[[61530,70383],[53,132],[17,187],[-27,124],[-49,361],[-19,55],[-81,64],[-19,72],[-62,93],[-87,41],[-152,210]],[[62897,70646],[-36,-94],[-28,-14],[-3,-79],[32,-83],[102,-155],[-13,-90],[-47,-63],[-79,90],[-39,-21],[-66,40],[-22,80],[-121,78],[-77,-111]],[[62500,70224],[-53,-22],[8,-34],[-102,-15],[-68,16],[-121,-58],[-98,-17]],[[45343,50359],[-17,195],[43,94],[32,-121],[103,-14],[7,71],[200,70],[-36,11],[-158,-36],[-60,-74],[-49,81],[-9,91]],[[53692,42686],[-34,-263],[-2,-98],[31,-287],[160,125],[92,-34],[57,-257],[13,-136],[-56,-183],[-40,-11],[-39,-128],[-18,-115],[-7,-277],[59,-47],[38,-111],[43,-29],[33,-105],[-20,-249],[13,-311],[-15,-127],[-5,-208],[-37,-79],[-24,-152],[10,-96],[-31,-79],[-56,1],[0,64],[-43,166],[-74,-181],[-30,-7],[-102,65],[-55,268],[-56,74],[-44,-72],[13,-129],[-9,-153],[-106,-58],[-32,47],[-62,-35],[-34,37],[0,-178],[-19,-170],[29,-13],[33,-90],[-20,-101],[69,-135],[-29,-150],[5,-116],[-45,10],[-51,114],[-60,-85],[-44,-193]],[[53091,38409],[-51,178],[-85,186],[-15,85],[-66,186],[-95,187],[-69,161],[2,32],[66,-81],[16,27],[-55,76],[-52,19],[-39,177],[-65,183],[51,-41],[0,47],[-61,49],[-2,70],[-61,294],[78,-228],[57,24],[-21,63],[-47,19],[19,110],[-40,-40],[-39,59],[-61,271],[-39,227],[33,-83],[72,59],[60,192],[12,207],[-11,244],[15,39],[16,-101],[107,-110],[4,57],[53,49],[-63,-2],[-64,73],[-61,180],[47,80],[34,-63],[-7,321]],[[52664,41891],[47,30],[40,-81],[34,31],[363,-3],[-2,822]],[[53146,42690],[6,93],[164,-10],[117,8],[141,-35],[98,7],[20,-67]],[[52633,71290],[-7,-104],[20,-74],[8,-276],[-43,-165],[-2,-137],[-58,-244],[-105,143],[22,79],[-47,43],[6,115],[-33,4],[22,116],[-37,87],[30,46],[-30,51],[41,136],[92,78],[26,51],[41,-27],[14,50],[7,177],[28,-26],[5,-123]],[[52081,71966],[-15,-11]],[[52049,71941],[-55,-51],[-88,-155],[-41,-46],[-16,-78],[-46,-65],[-105,-69],[-85,18],[-38,57],[-74,35],[-24,82],[-55,3],[-17,67],[-75,-46],[-45,6],[-129,82],[-31,63],[-39,-21],[-35,-72],[-146,-189],[-58,-195],[11,-228],[34,-113]],[[50473,71077],[1,71],[-57,27],[-21,-33]],[[49501,71713],[45,22],[41,88],[39,321],[28,380],[46,92],[-21,52],[-25,-69],[15,349],[30,261],[88,-154],[34,-158],[-25,208],[-41,108],[-80,104],[-12,60],[50,-21],[-20,129],[-12,272],[-68,27],[-110,116],[-76,208],[-8,78],[20,82],[-50,88],[62,104],[-105,-22],[-42,23],[21,112],[-35,39],[-60,-9],[10,62],[-64,0],[-54,65],[-79,12],[-18,30],[-109,59],[-114,-10],[-32,102],[-70,50],[97,92],[-69,84],[93,10],[-42,45],[-90,-3],[-1,124],[53,57],[131,61],[96,2],[67,72],[67,20],[63,-35],[87,-179],[68,79],[102,-3],[21,-44],[27,81],[23,-47],[124,16],[-52,107],[-5,280],[-30,77],[-50,199],[4,62],[74,-11],[62,28],[30,-19],[7,-131],[26,-75],[172,-23],[99,-41],[83,74],[78,33],[-80,42],[16,137],[120,112],[85,34],[89,62],[97,178],[-12,30],[8,313],[26,103],[67,74],[148,53],[22,22]],[[50701,77125],[20,-156],[67,-115],[75,47],[35,-82],[11,-92],[98,-52],[11,-94],[105,-2],[36,-53],[1,-201],[102,0],[45,96],[43,27],[-20,-124],[22,-120],[38,-7],[76,-71],[63,-117],[79,19]],[[49672,73470],[-10,-61],[-48,164],[58,-103]],[[62549,32032],[-30,57],[6,171],[36,-70],[-12,-158]],[[65499,26147],[-67,-13],[-54,59],[-36,152],[22,108],[38,28],[59,-29],[49,-164],[-11,-141]],[[33103,51365],[-65,-19],[14,95],[-36,36],[-22,106],[26,50],[58,-98],[25,-170]],[[32964,52587],[-54,-2],[-2,145],[16,51],[32,-100],[51,-76],[-43,-18]],[[32891,52430],[-22,-32],[-25,71],[-9,168],[12,38],[55,-59],[-11,-186]],[[32991,52347],[0,0]],[[34956,44936],[20,37],[27,186],[39,75],[109,-154],[51,-14],[103,-83],[38,-107],[86,-177],[45,-56],[-9,-121],[29,65],[45,-102],[36,-198],[13,139],[27,-45],[33,-240],[4,-118]],[[35652,44023],[-32,-48],[-62,-205],[-48,-237],[-46,-129],[-8,-92],[-95,-484],[-74,-127],[-73,15],[-29,95],[-49,-61],[-72,72],[-100,-165],[-107,88],[-29,57]],[[34402,74074],[0,0]],[[34370,74128],[-33,-14],[15,68],[-15,107],[27,3],[6,-164]],[[1066,31782],[0,0]],[[543,31088],[0,0]],[[32497,53881],[-32,0]],[[32465,53881],[32,0]],[[32546,53745],[0,0]],[[7926,29442],[0,0]],[[8385,28817],[0,0]],[[7942,29287],[0,0]],[[8522,28715],[40,-33],[-1,-88],[-45,91],[-66,-2],[-9,144],[65,6],[16,-118]],[[11382,34342],[42,-69],[-72,-26],[-9,42],[39,53]],[[11372,34175],[0,0]],[[11486,33764],[0,0]],[[11091,34894],[-40,-14],[-2,105],[46,-14],[-4,-77]],[[11090,34531],[0,0]],[[10886,28598],[0,0]],[[11234,34873],[0,0]],[[10921,28230],[0,0]],[[10880,28364],[0,0]],[[12140,28114],[0,0]],[[11952,28256],[0,0]],[[11526,26486],[0,0]],[[10413,29837],[0,0]],[[10155,29468],[0,0]],[[10119,29458],[0,0]],[[9708,30006],[0,0]],[[9587,29672],[0,0]],[[95611,26916],[31,-44],[34,19],[150,-281],[60,-62],[52,-117],[19,-102],[59,-131],[178,-261],[108,-222],[70,-97],[8,-163],[-55,-38],[-166,202],[-22,93],[-76,73],[-22,54],[-139,177],[-88,166],[-75,209],[-56,115],[-79,246],[-3,93],[-34,80],[6,65],[40,-74]],[[96539,25243],[0,0]],[[94430,27574],[0,0]],[[96669,26083],[35,-11],[-5,-120],[-43,-18],[-25,42],[-17,133],[48,39],[7,-65]],[[96262,26598],[10,201],[11,-129],[-21,-72]],[[96499,26273],[-74,70],[-28,97],[44,84],[-41,31],[45,60],[26,-41],[-2,-112],[39,-115],[-9,-74]],[[69217,6603],[36,3],[62,92],[30,-100],[-58,-5],[-9,-41],[39,-52],[86,24],[58,61],[41,0],[31,54],[45,-18],[20,-82],[-20,-89],[-52,-69],[-36,58],[-70,-4],[-37,-100],[78,-69],[3,50],[65,-46],[-64,-88],[-44,13],[-48,62],[-37,-35],[-127,86],[-45,-124],[-58,38],[24,146],[-20,149],[24,47],[-32,70],[17,153],[36,109],[27,26],[22,-144],[-29,-110],[42,-65]],[[69244,6639],[-17,-6],[-15,130],[56,-6],[-24,-118]],[[64398,8482],[-38,8],[12,72],[26,-80]],[[55552,83638],[75,-64],[-60,-56],[-3,-62],[-80,4],[-20,94],[55,49],[5,73],[28,-38]],[[55461,83522],[-35,-30],[4,70],[31,-40]],[[55725,83419],[0,0]],[[57721,83768],[-93,-50],[-61,52],[-81,-48],[-116,-41],[10,149],[-32,-111],[-69,-42],[-70,47],[24,-72],[-79,-73],[-28,46],[-139,-98],[-154,-56],[-43,-66],[-29,15],[-172,-54],[-72,15],[-78,-100],[-61,-13],[63,103],[2,35],[-56,54],[-36,82],[-20,-97],[-92,-34],[2,121],[32,126],[-91,15],[-112,73],[-14,63],[-53,-45],[-49,46],[-21,261],[42,221],[-4,191],[30,28],[-61,227],[-36,53],[27,165],[-8,83],[-44,50],[-17,147],[25,118],[73,113],[4,58],[50,4],[-30,117],[98,4],[117,70],[-21,90],[29,3],[50,97],[1,48],[63,25],[71,97],[65,52],[188,266],[27,79],[71,91],[78,201],[107,59],[96,-17],[-17,64],[40,41],[-32,94],[25,237],[-29,47],[-112,80],[-45,7],[-26,61],[13,72],[-63,-55],[-69,17]],[[56109,83627],[-49,32],[3,62],[46,-94]],[[55893,85672],[57,3],[-47,-66],[-47,88],[37,-25]],[[56159,83651],[50,-10],[2,-134],[-29,0],[-50,85],[27,59]],[[55958,83763],[-42,-35],[-24,87],[66,-52]],[[56064,83489],[0,0]],[[56007,83466],[0,0]],[[56902,86903],[-75,-9],[-1,45],[58,31],[52,-22],[-34,-45]],[[99999,29786],[-70,-196],[-36,-57],[-14,-155],[76,148],[25,13],[-1,-158],[-59,0],[-82,-44],[-27,62],[-34,4],[-54,-132],[-34,10],[-49,-64],[-29,124],[-29,9],[24,117],[61,-7],[17,64],[63,73],[74,40],[53,92],[125,57]],[[99521,28939],[87,-197],[-5,-69],[26,-233],[-93,-38],[-48,-81],[-87,-3],[-108,75],[-38,49],[-16,151],[44,89],[-6,74],[60,120],[159,104],[25,-41]],[[7,29254],[-7,98],[39,68],[10,-54],[-42,-112]],[[99999,29227],[-29,-1],[29,126],[0,-125]],[[99579,27811],[-36,-50],[-20,30],[-35,-83],[-56,0],[69,107],[35,24],[43,-28]],[[281,28513],[0,0]],[[344,28332],[0,0]],[[486,28530],[0,0]],[[290,29009],[0,0]],[[407,27676],[0,0]],[[56,27835],[0,0]],[[99231,29097],[0,0]],[[99839,28943],[0,0]],[[99818,28425],[-26,50],[14,61],[12,-111]],[[99673,28688],[0,0]],[[20,29551],[0,0]],[[12,29799],[0,0]],[[99999,29524],[0,0]],[[99199,32364],[0,0]],[[98507,25897],[0,0]],[[358,26619],[0,0]],[[60145,51198],[80,41],[59,-30],[30,94],[35,34],[69,-210],[18,-5],[87,495],[33,-81],[60,-61],[44,-127],[35,-32],[86,41],[72,102],[35,-104],[92,40],[101,-67],[91,-7],[84,-145],[68,-57],[47,-114],[51,-173],[67,-167],[112,-222],[52,-212],[50,-78],[68,-215]],[[61771,49938],[-106,-390],[-50,-133],[-14,-94],[9,-429],[44,-27],[98,45],[69,53],[101,-57]],[[56756,81892],[39,166],[18,174],[-53,19],[-62,-81],[-96,67],[-22,102],[-35,49],[-8,145],[-29,98],[23,55],[-5,138],[80,56],[83,12],[83,127],[56,-12],[82,47],[157,-1],[18,83],[79,-3],[186,-56],[45,0],[97,-73],[101,0],[154,-26],[34,50]],[[56282,82420],[96,-11],[92,-86],[-46,-33],[-111,-145],[-99,-9],[-29,-40],[-32,-136],[-43,-25],[-3,45],[56,112],[-85,76],[28,87],[-34,78],[61,-14],[52,21],[17,52],[80,28]],[[56367,82565],[-43,-4],[-30,-79],[-33,-13],[-36,122],[-99,56],[113,22],[35,75],[89,-63],[28,-111],[-24,-5]],[[56484,82370],[-78,43],[28,47],[47,-21],[3,-69]],[[60724,53836],[84,-407],[64,-491],[23,-377],[21,-192],[34,-94],[23,-179],[35,-56],[43,-231],[1,137],[21,106],[49,-95],[12,-129],[33,-97],[120,-92],[46,-99],[104,-86],[85,-265],[49,-184],[163,-278],[43,-264],[34,6],[59,-142],[17,-109],[48,-39],[9,64],[32,-134]],[[61976,50109],[-69,-61],[-28,-141],[-27,-32],[-53,96],[-28,-33]],[[61132,52483],[0,0]],[[61150,52211],[30,5],[41,-87],[-117,23],[-10,93],[28,92],[28,-126]],[[52426,43810],[48,0],[11,-92],[-68,-285],[-63,29],[-3,131],[31,22],[27,179],[17,16]],[[52664,41891],[-57,75],[30,209],[38,91],[49,255],[-2,265]],[[52722,42786],[50,-96],[374,0]],[[25607,50595],[-2,-81],[-30,-73],[-70,-12],[-140,83],[48,-69],[-99,70],[-114,137],[-146,58],[-81,124]],[[56986,63442],[21,-85],[43,-15],[142,76],[376,-171],[81,-116],[81,-12],[38,-69],[152,-33],[127,-136],[52,-16],[75,65],[139,211],[82,22],[48,140],[48,11],[98,66],[-100,-105],[38,-9],[84,41],[14,91],[39,-3],[92,-91],[101,58],[69,-141],[-68,100],[-33,-134],[66,-50],[26,-90],[61,115],[78,-132],[146,70],[18,-59],[51,33],[80,-1],[66,36],[82,99]],[[59695,61910],[-47,-146],[-33,-361],[-47,-281],[-13,-241],[-50,-177],[-49,46],[-79,154],[-46,146],[-96,220],[-12,147],[-36,208],[-57,150],[-41,166],[-44,318],[-57,-241],[11,-69],[46,-103],[21,-144],[-2,-134],[74,-300],[84,-251],[96,-219],[1,-204],[41,-188],[29,-51],[25,-154],[18,-282],[26,-69],[77,-370],[66,-235],[175,-856],[78,-225],[85,-153],[-67,-12],[-10,-99],[5,-237],[48,-350],[60,-145],[88,-78],[52,-165],[115,-209],[11,-71]],[[27687,38780],[83,113],[29,97],[54,360],[-26,156],[-6,204],[-14,-55],[4,-196],[-13,-88],[-29,-6],[7,143],[-78,-248],[-46,57],[-65,161],[-43,34],[-34,112],[54,79],[2,179],[-20,134],[9,175],[-28,214],[17,74],[80,89],[27,185],[27,-28],[-34,181],[44,142],[52,112],[25,114],[6,179],[-18,264],[96,137],[36,-6],[41,63],[157,103],[20,63],[-9,112]],[[28094,42189],[50,-121],[102,-167],[77,-104],[57,-51],[36,8],[15,-80],[50,-61],[12,-149],[37,-46],[49,-3],[96,-80],[76,-5],[51,150],[68,-72],[52,-137],[73,-62],[92,-119]],[[27741,39072],[-39,-16],[13,171],[40,59],[48,-39],[-51,-85],[-11,-90]],[[28080,42046],[0,0]],[[24907,40622],[-58,67],[20,112],[56,23],[21,-123],[-39,-79]],[[25161,40524],[-33,-30],[-20,45],[52,117],[45,-4],[-44,-128]],[[24604,40840],[-28,-12],[-34,62],[0,74],[52,21],[17,-47],[-7,-98]],[[24882,40222],[0,0]],[[24646,41182],[27,-174],[56,-137],[4,-125],[45,-111],[-30,-132],[-62,-56],[-67,2],[-31,65],[7,88],[87,124],[-29,176],[-34,61],[-16,185],[-47,18],[30,73],[36,14],[24,-71]],[[24840,40930],[-65,3],[-16,41],[24,78],[63,-83],[-6,-39]],[[30061,55042],[62,124],[89,-33],[78,46],[89,-97],[55,-3],[37,-67],[48,-28],[48,25],[37,-214],[24,-48],[115,20],[25,-40],[-25,-49],[-78,4],[-5,-63],[200,-91],[61,-59],[96,-206],[-30,-137],[-76,-140],[-60,134],[-94,22],[-68,-17],[-70,20],[-69,-50],[-46,-85],[-82,-25],[-46,84],[-32,7],[-74,-51],[-22,-143],[-80,-299],[-66,90],[-12,127],[-26,60]],[[32977,51896],[-26,-15],[-29,210],[6,76],[38,-34],[19,-149],[-8,-88]],[[61976,50109],[51,-173],[31,-192],[-39,-156],[-62,-98],[-69,-64],[-72,-165],[103,58],[70,-15],[23,-46]],[[41679,99975],[267,-43],[141,-49],[221,-17],[182,-24],[302,-61],[42,-20],[-107,-28],[-386,-20],[-700,-25],[-401,-48],[-127,-3],[-11,-72],[143,6],[314,72],[117,12],[219,-6],[285,-27],[114,9],[205,-7],[239,21],[283,44],[77,-99],[104,-99],[153,5],[63,-46],[80,7],[245,-28],[231,-75],[48,-62],[-132,-93],[-133,-55],[-179,-42],[-207,-27],[-1588,-88],[-54,-21],[-31,-54],[21,-70],[74,-11],[173,39],[300,38],[221,-2],[527,-32],[155,-83],[82,-128],[183,29],[68,60],[80,130],[150,29],[274,15],[66,-4],[58,-95],[-4,-168],[-24,-66],[-76,-116],[-61,-62],[-236,-177],[-138,-120],[-35,-56],[22,-49],[81,95],[249,97],[133,90],[193,94],[206,178],[107,53],[112,0],[20,-90],[194,-10],[278,-71],[63,23],[81,80],[160,131],[67,33],[157,40],[364,-14],[150,-17],[353,-75],[67,-24],[213,-118],[-29,-40],[-195,-81],[-64,-54],[-185,-102],[-90,-35],[-207,-17],[-81,-28],[72,-73],[-76,-75],[-192,-30],[-97,-50],[-215,0],[-123,-54],[48,-43],[181,-59],[1,-23],[-155,-101],[-105,-38],[-136,2],[-198,-20],[-173,24],[-142,39],[-62,-3],[-122,-79],[-79,-94],[-13,-52],[17,-95],[42,-33],[165,-4],[30,-47],[-41,-201],[58,-40],[70,-91],[-29,-42],[-180,-61],[-46,-109],[-45,-48],[-157,-27],[-144,-102],[50,-73],[-67,-123],[-56,-216],[-97,-199],[5,-58],[41,-40],[56,32],[69,106],[74,45],[151,-35],[231,-101],[54,-94],[-64,-9],[-177,83],[-144,-50],[60,-121],[65,-55],[117,-26],[141,-77],[111,41],[88,2],[68,-48],[13,-58],[-12,-149],[-48,-101],[-64,-7],[-116,48],[-252,64],[-117,-4],[-127,-24],[-5,-31],[-182,-109],[-37,1],[-121,74],[-41,-1],[-76,-79],[87,-56],[116,-20],[33,-121],[52,-76],[42,-21],[148,29],[89,-46],[128,-14],[67,-69],[-26,-88],[124,-168],[40,-261],[-2,-62],[-42,-83],[-76,-16],[-111,106],[-80,4],[-117,-111],[-94,-16],[-112,-78],[-59,12],[-103,56],[124,-104],[52,0],[150,76],[36,-18],[40,-114],[-3,-61],[-67,-106],[49,-13],[69,65],[54,173],[56,31],[64,-31],[52,-86],[72,-160],[70,-55],[17,-47],[-13,-97],[-27,-41],[-77,-18],[-169,17],[7,-55],[-117,-47],[-133,-19],[-125,37],[-104,57],[54,168],[-62,60],[18,-91],[-15,-34],[-100,-73],[32,-29],[-31,-109],[16,-43],[79,-41],[191,-6],[77,-15],[182,-66],[8,-20],[-48,-230],[-35,-20],[-191,-5],[-62,-18],[-177,-114],[-45,0],[-178,54],[-215,139],[-110,155],[-81,-95],[-63,-19],[-64,36],[-124,113],[-21,-14],[144,-150],[33,-49],[-65,-18],[-118,-67],[-60,-69],[-110,-28],[-195,67],[-141,62],[29,-43],[157,-67],[17,-21],[-52,-55],[-149,4],[-82,-27],[59,-50],[44,46],[121,-8],[89,35],[112,19],[175,54],[37,61],[58,24],[131,19],[191,-17],[53,-58],[129,-87],[69,-15],[40,-62],[111,-68],[115,-48],[9,-199],[-19,-166],[-57,-39],[11,-87],[-15,-71],[-254,145],[-130,47],[-109,75],[-81,132],[-75,247],[-44,4],[-106,-44],[-24,-40],[-264,-90],[-125,-57],[73,-30],[196,88],[92,9],[103,55],[60,-14],[33,-201],[-14,-54],[-139,-80],[23,-32],[126,63],[69,-62],[313,-188],[117,-78],[103,-40],[36,-101],[114,-18],[-15,-39],[-136,-133],[23,-177],[33,129],[94,54],[58,-22],[23,-191],[-1,-246],[42,-233],[-29,-40],[-88,-18],[-122,14],[-15,279],[-25,-36],[-23,-222],[-22,-39],[-177,9],[-129,74],[-50,66],[-72,193],[-41,157],[-112,98],[-132,77],[-53,54],[-122,70],[-90,13],[-133,-5],[-89,34],[-43,-20],[16,-49],[103,-23],[184,-2],[88,-41],[25,-122],[-21,-58],[-115,-94],[-156,-70],[-172,2],[-98,28],[-170,10],[3,-41],[83,-38],[4,-39],[-47,-129],[-106,-77],[-141,-60],[138,11],[146,-53],[116,3],[236,49],[66,-56],[-19,-28],[-138,-53],[-135,-110],[-19,-68],[68,-26],[99,148],[76,29],[94,-15],[72,17],[174,76],[217,-41],[197,-80],[103,-30],[138,-17],[246,8],[22,-13],[-63,-86],[-182,-72],[21,-55],[-150,-46],[-72,3],[29,-82],[-65,-49],[-85,23],[8,-78],[-145,-114],[-124,-40],[30,-48],[-53,-71],[-76,-32],[-43,-110],[-218,-151],[-92,-15],[-288,-113],[-142,-33],[-246,-104],[-172,9],[-91,-79],[-146,36],[31,-93],[-103,-40],[-122,47],[-252,217],[41,-126],[-52,-31],[58,-106],[-2,-51],[-79,-84],[-197,-172],[-53,-130],[-47,-62],[-25,-127],[-137,-315],[-47,-71],[-42,4],[-59,-138],[-154,-130],[-62,8],[-127,127],[66,-212],[-115,-108],[-93,-110],[-2,91],[-39,33],[-30,-137],[-82,-21],[-37,63],[-70,-58],[-26,-94],[-96,-44],[-55,28],[-13,54],[56,103],[3,86],[138,243],[-145,43],[-95,0],[112,-87],[-60,-85],[-48,-167],[-105,75],[21,-62],[63,-59],[4,-89],[-121,-61],[-125,-10],[-243,-38],[-64,-24],[171,-128],[-125,-168],[-63,-37],[-115,42],[-116,-6],[33,-163],[86,33],[38,-64],[24,-107],[43,-54],[27,-82],[-82,-95],[-62,-10],[-23,-76],[-110,42],[-112,11],[153,-124],[57,29],[58,-22],[-10,-143],[29,-143],[-62,-70],[-1,-65],[-76,-14],[-29,-116],[13,-53],[-78,-149],[-127,6],[-92,98],[23,-65],[127,-102],[-76,-165],[-41,-31],[-102,21],[-144,-2],[24,-31],[108,-55],[87,-21],[-25,-72],[13,-49],[-34,-172],[49,-97],[9,-110],[-38,-61],[-94,-38],[73,-25],[-26,-102],[-63,-333],[-20,-208],[-91,-172],[-85,-3],[-69,40],[-90,13],[25,-51],[149,-54],[39,-79],[9,-191],[-55,-94],[-82,6],[-94,62],[82,-117],[-69,-30],[-58,11],[14,66],[-88,-19],[-20,82],[62,116],[2,66],[-86,-172],[-77,15],[-158,107],[3,120],[110,59],[60,146],[-90,-111],[-83,-43],[-58,52],[-127,68],[-27,113],[82,285],[-26,17],[-19,-77],[-159,-94],[-81,-103],[-97,-24],[-67,42],[-92,-9],[18,-70],[-79,-5],[-63,59],[10,35],[121,100],[-171,5],[2,94],[-32,60],[-119,37],[-35,174],[-67,46],[7,85],[-32,127],[95,105],[58,28],[-104,14],[-40,-63],[-77,-8],[-12,107],[32,58],[-144,93],[-69,76],[17,74],[-11,101],[62,128],[78,99],[-83,-48],[-83,-108],[-31,86],[-67,75],[-75,145],[-48,126],[-78,145],[-20,81],[25,104],[-27,71],[235,101],[100,14],[-40,28],[13,73],[-79,-63],[-97,-46],[-142,-39],[-35,72],[49,77],[36,104],[48,69],[110,-1],[-4,60],[46,24],[91,3],[55,-136],[41,-30],[-31,181],[-49,52],[-61,-8],[-123,306],[66,-284],[-74,-94],[-64,-25],[22,110],[-62,-59],[-10,-55],[-100,-241],[-45,-44],[-48,139],[2,187],[-48,333],[-52,36],[-25,87],[99,79],[156,191],[147,27],[-84,20],[-92,-40],[-87,-108],[-87,-76],[-56,0],[-58,91],[-65,-17],[-57,19],[-10,125],[36,145],[-79,50],[244,221],[127,102],[45,82],[104,76],[72,77],[-6,35],[-151,-136],[-305,-321],[-65,-45],[-127,-16],[-6,182],[60,165],[85,75],[21,51],[181,38],[-48,20],[-246,11],[-67,43],[-55,105],[24,199],[159,117],[71,72],[84,44],[79,2],[131,-62],[128,3],[75,-22],[132,-90],[18,35],[-148,95],[1,28],[78,35],[-22,16],[-222,-48],[-161,70],[-176,-56],[-122,-129],[-88,-18],[44,203],[62,94],[56,167],[73,-2],[231,-91],[128,-15],[108,191],[0,66],[-69,-18],[-49,-85],[-207,-39],[-89,31],[-22,34],[-168,-9],[47,81],[48,139],[121,69],[84,-5],[145,-108],[44,-9],[136,45],[52,59],[38,95],[-122,-55],[45,274],[82,-8],[111,14],[26,34],[-66,44],[-88,-30],[-62,3],[51,142],[24,177],[24,44],[103,50],[-42,98],[58,55],[-40,18],[-102,-26],[-84,39],[-87,-48],[-233,49],[-213,171],[-93,36],[-182,48],[-136,165],[-8,30],[52,64],[50,21],[181,-37],[117,2],[128,-28],[63,-31],[244,-174],[161,-53],[73,23],[-69,41],[-109,94],[-4,70],[23,116],[-138,98],[62,16],[111,-30],[31,21],[-100,83],[-190,1],[-131,56],[-132,-14],[-30,93],[62,102],[40,31],[217,69],[55,51],[-118,-30],[-128,30],[-142,-96],[-76,30],[-10,43],[48,33],[44,85],[-52,-12],[-24,147],[-76,113],[-33,94],[44,49],[-69,-15],[30,-146],[78,-111],[10,-89],[-66,-65],[-18,-56],[-67,-14],[30,-93],[-14,-47],[-99,-53],[-103,-12],[-180,42],[-71,89],[-21,98],[33,54],[27,133],[38,108],[123,151],[-6,48],[-118,-137],[-73,-15],[-21,31],[19,68],[82,25],[-85,70],[40,35],[93,-3],[92,100],[15,163],[-36,66],[-57,34],[-60,-58],[-106,53],[-7,74],[67,34],[43,71],[-9,95],[-32,44],[-81,-53],[-38,85],[-64,37],[38,142],[36,0],[-25,96],[-83,164],[-46,37],[-156,-36],[-77,-4],[146,66],[19,42],[-5,126],[111,49],[-171,118],[-89,140],[-173,103],[-122,168],[-97,75],[98,86],[-74,128],[-157,53],[-101,66],[-202,95],[-195,73],[-87,43],[-120,19],[-132,40],[-180,7],[-73,47],[-120,15],[-113,-87],[-32,-5],[-73,66],[-46,1],[-145,-93],[-152,-30],[-138,79],[-113,-61],[-53,-7],[-89,51],[-51,-46],[106,-123],[-42,-6],[-368,69],[-170,84],[-170,102],[-30,48],[172,114],[172,39],[6,43],[-151,-7],[-135,13],[-138,46],[-39,53],[54,114],[-207,-128],[-98,43],[16,42],[-78,40],[-39,62],[82,72],[335,38],[188,-24],[107,103],[127,27],[195,3],[138,-14],[152,-59],[-18,79],[52,86],[-11,35],[-107,82],[-77,-7],[-151,-90],[-129,-17],[-87,17],[-92,41],[-98,-77],[-105,-18],[-173,57],[-42,63],[-121,56],[134,81],[-92,8],[-56,-31],[-106,-5],[-110,28],[-72,48],[-115,26],[-202,153],[-8,28],[66,60],[-37,58],[89,100],[207,84],[207,11],[136,60],[123,38],[272,56],[-10,60],[181,67],[186,30],[98,30],[214,10],[95,-14],[76,10],[152,146],[85,175],[90,290],[91,50],[79,20],[-101,26],[-122,-38],[-115,-4],[-115,-37],[-134,34],[-153,2],[-60,33],[-37,111],[55,93],[107,82],[132,68],[136,42],[162,106],[102,92],[50,23],[173,40],[125,-30],[106,-90],[-49,139],[7,42],[61,45],[89,5],[173,-29],[115,-40],[55,13],[76,104],[17,80],[-37,210],[9,37],[100,76],[114,46],[147,9],[172,-34],[91,-42],[146,-95],[97,-48],[160,-58],[179,-110],[68,-14],[-68,68],[-85,51],[-191,91],[-267,182],[-126,44],[2,17],[151,61],[278,53],[313,41],[105,-4],[184,17],[18,26],[211,49],[125,-18],[80,-33],[88,-81],[25,-72],[-3,-271],[10,-17],[114,103],[61,168],[-49,57],[-2,93],[24,50],[69,0],[284,-172],[111,-37],[127,-91],[149,9],[137,-11],[90,18],[-42,38],[-195,104],[-88,82],[-77,157],[47,10],[217,-1],[327,-47],[418,-164],[205,-53],[369,-189],[156,-35],[55,49],[-30,180],[25,109],[86,76],[-24,73],[-70,50],[-271,129],[-1,15],[136,27],[671,-31],[116,-11],[99,-32],[144,17],[-21,52],[-779,55],[-219,21],[-77,-15],[-231,-4],[-95,65],[86,79],[209,-33],[82,43],[129,36],[128,12],[278,77],[117,2],[143,-19],[122,-59],[144,-33],[170,123],[92,40],[131,-24],[158,-66],[107,-21],[182,-124],[67,34],[28,80],[-168,69],[-58,79],[58,31],[98,-9],[100,59],[95,9],[101,-21],[120,8],[23,40],[321,1],[218,23],[149,-30],[81,1],[237,49],[634,-4],[208,-20]],[[35352,90389],[191,-97],[10,-85],[30,-57],[-59,-81],[-183,-89],[-224,-75],[-60,5],[-72,52],[-29,63],[139,27],[-47,53],[-186,26],[-86,37],[-32,59],[22,132],[49,45],[95,-17],[-125,78],[-16,57],[35,86],[92,43],[102,-14],[175,-53],[76,-57],[103,-138]],[[35829,90113],[-61,0],[-29,127],[-3,86],[39,42],[75,-4],[72,-42],[-65,-65],[-28,-144]],[[35129,91161],[-101,31],[-17,30],[72,109],[32,10],[40,-78],[-26,-102]],[[34717,92392],[-141,-156],[-114,70],[-57,0],[-21,36],[62,44],[157,5],[62,37],[52,-36]],[[30092,95583],[-99,-6],[-131,49],[2,32],[111,25],[182,-51],[-65,-49]],[[37537,98932],[-56,-12],[-118,74],[-186,75],[-164,49],[-154,131],[9,87],[243,24],[274,-80],[138,-69],[46,-55],[-7,-112],[-25,-112]],[[42935,91077],[-10,-100],[18,-90],[-110,-37],[-132,-102],[-18,40],[-74,30],[-139,-16],[-220,-54],[-38,42],[27,71],[62,69],[2,129],[203,-24],[99,9],[79,31],[144,88],[107,-86]],[[44815,98765],[-102,-13],[-156,115],[-5,61],[82,32],[140,-122],[41,-73]],[[45107,97343],[-117,-80],[-174,6],[-103,37],[-30,56],[40,62],[125,50],[156,31],[142,-19],[20,-62],[-59,-81]],[[44723,96040],[-37,-25],[-47,174],[-5,111],[57,56],[49,0],[-5,-149],[19,-68],[-31,-99]],[[44838,94680],[-32,-18],[-108,292],[7,186],[49,6],[42,-43],[42,-423]],[[44999,94234],[32,-143],[35,-44],[73,7],[29,-81],[-53,-31],[-214,12],[-88,-6],[-61,50],[10,174],[61,49],[51,-43],[125,56]],[[45012,95806],[-54,0],[-7,51],[75,105],[62,-3],[-13,-107],[-63,-46]],[[39713,87284],[-43,-1],[-10,116],[49,19],[26,-42],[-22,-92]],[[37148,83940],[-32,-85],[-48,57],[-66,27],[110,91],[53,24],[-17,-114]],[[35645,91030],[-123,11],[4,68],[38,6],[94,-59],[-13,-26]],[[48160,84661],[-13,-26],[-60,92],[62,-26],[11,-40]],[[48139,84407],[-53,64],[-13,70],[54,-45],[12,-89]],[[48003,84896],[34,-46],[-53,-20],[-46,67],[65,-1]],[[48158,84958],[-7,-94],[-47,32],[28,-105],[-24,-9],[-57,82],[-44,135],[60,22],[91,-63]],[[48220,84980],[-43,-24],[2,92],[41,-68]],[[53491,80424],[0,-70],[-69,-69],[-29,-85],[47,-57],[8,-70],[-90,-69],[-11,-262],[-52,-30],[-34,100],[-24,191],[-102,13],[-33,87],[6,96],[-19,95],[-40,85],[96,22],[42,135],[61,-25],[-1,-126],[36,-22],[32,139],[-19,51],[98,106],[58,-9],[50,-51],[-23,-81],[12,-94]],[[52408,79804],[-27,162],[27,15],[-15,185],[-135,128],[20,269],[-23,111],[12,329],[108,-33],[33,-46],[18,93],[42,76],[50,41],[36,-65],[16,218],[-73,4],[-61,-205],[-84,-43],[-56,63],[5,69],[93,182],[92,28],[96,-3],[71,61],[114,245],[82,25],[76,84],[-24,-122],[25,-80],[-3,-145],[-64,-171],[-3,-267],[57,-70],[99,1],[23,-56],[-20,-104],[-88,-67],[-31,54],[-30,-45],[-38,-244],[-77,-16],[33,-57],[-35,-38],[-85,-151],[22,-160],[-60,-160],[77,-50],[2,-100]],[[52956,80301],[49,-203],[-10,-132],[-44,-57],[-51,-3],[-126,80],[-36,137],[1,111],[118,68],[61,-38],[38,37]],[[53155,79795],[105,-59],[8,-90],[-86,-36],[-117,102],[6,118],[56,8],[28,-43]],[[52981,79696],[-31,71],[65,141],[18,7],[-52,-219]],[[53485,79848],[-53,-3],[-48,-49],[-6,58],[41,46],[66,-52]],[[53518,80291],[-32,-28],[13,87],[19,-59]],[[52912,79764],[-40,8],[-35,58],[75,-66]],[[52794,79792],[-71,14],[-9,108],[63,-52],[17,-70]],[[52946,80423],[-22,0],[5,147],[32,-81],[-15,-66]],[[53070,81457],[-33,39],[67,10],[-34,-49]],[[54190,79887],[-56,8],[-56,49],[23,136],[102,-107],[-13,-86]],[[54709,75367],[-20,74],[-112,67],[-31,-43],[-86,12],[-65,77],[-34,-3],[-109,80],[-41,-20],[-53,27],[-13,-150],[-28,2],[-37,-123],[-56,19],[-34,-35],[-88,18],[-17,64],[-48,52]],[[59445,65842],[-38,20],[-53,-53],[-42,15],[-39,87],[-54,7],[-75,-60],[-58,59]],[[59086,65917],[47,6],[17,148],[144,-38],[167,97],[97,109],[15,-25],[-145,-212],[-10,-63],[27,-97]],[[59445,65842],[13,-54],[-98,-13],[-79,-154],[-83,-39],[-48,-84],[-21,60],[-48,-8],[-68,56],[-37,158],[-4,91],[25,-24],[46,75],[43,11]],[[27267,57466],[73,-33],[84,9],[26,-49],[147,31],[79,-113],[81,0],[110,-141],[36,-116],[76,-120],[163,-28],[151,-182],[78,-146],[63,-73],[39,-6],[0,58],[55,-112],[43,-48],[-62,-22],[44,-94],[30,77],[126,-214],[108,-40],[51,-66],[98,-16],[35,-82],[-19,-68],[18,-43],[-39,-18],[27,-55],[119,-14],[92,-44],[42,-55],[61,-132],[96,-65],[3,-87],[-27,-63],[-106,-15],[-134,-110],[-10,75],[-38,-81],[-73,-2],[-59,49],[-109,21],[-173,-35],[-61,-33],[-199,-27],[45,160],[95,153],[29,135],[-34,107],[-66,32],[-147,18],[-33,33],[-104,206],[-13,171],[-28,154],[-52,72],[-101,-46],[-201,133],[-89,92],[-70,176],[-4,-42],[-129,-7],[-33,31],[-29,120],[-10,-88],[-37,-27],[-24,56],[-104,11],[-73,132],[89,56],[21,48],[-17,69],[-44,32],[-232,8],[-75,-124],[-103,-205],[-154,-51],[-27,-146],[-58,-31],[-73,-86],[0,108],[-93,-72],[-11,47],[106,104],[47,23],[-16,127],[6,87],[88,202],[219,212],[164,54],[88,78],[69,25],[73,-19]],[[28425,56614],[-11,-22],[-58,117],[79,-24],[-10,-71]],[[28326,56848],[-43,26],[-26,72],[34,5],[35,-103]],[[28158,57036],[77,-9],[19,-59],[-73,6],[-23,62]],[[28367,56737],[-46,52],[16,71],[30,-123]],[[27066,56346],[-81,-90],[-60,18],[-31,108],[35,-52],[23,31],[-31,140],[26,106],[65,-23],[35,-101],[19,-137]],[[27958,57115],[-48,33],[-16,67],[64,-100]],[[55279,72742],[-47,10],[-48,137],[-105,40],[-81,5],[-51,-45],[-34,57],[-40,-26],[-116,35],[-58,74],[-35,-56],[-73,14],[-66,-147],[-73,127],[-67,-7],[-14,-291],[109,-205],[23,-182],[105,-213],[34,-94],[103,-185],[53,-50],[5,-98],[92,-185],[-11,-74]],[[54884,71383],[-71,124],[-55,68],[-63,128],[-142,106],[-113,-17],[-12,97],[-123,177],[-105,245],[97,11],[-56,78],[-80,155],[-24,73],[3,186],[-14,77],[-85,153],[-66,28],[-21,-126],[-75,-228],[-29,2],[-65,190],[-31,263],[17,25]],[[54625,71424],[123,-23],[26,-33],[-125,-3],[-24,59]],[[54776,71515],[-143,-2],[-85,64],[78,0],[12,-27],[138,-35]],[[54662,71617],[-101,33],[8,49],[107,-26],[-14,-56]],[[54230,72174],[0,0]],[[54113,72818],[-34,-15],[-69,100],[37,89],[66,-174]],[[54119,72664],[-42,8],[21,53],[21,-61]],[[54218,72367],[-7,-19],[-69,124],[-48,149],[44,-61],[95,-183],[-15,-10]],[[54219,72076],[-15,-11],[-68,154],[83,-143]],[[54269,72112],[0,0]],[[54024,72595],[-19,7],[-33,190],[-4,144],[20,16],[30,-139],[6,-218]],[[54891,71264],[37,-48],[-111,63],[74,-15]],[[55143,71027],[-192,257],[-67,28],[-91,92],[-59,33],[49,8],[140,-124],[-16,33]],[[54907,71354],[48,-37],[129,-172],[37,-28]],[[49135,44746],[7,28]],[[48465,48502],[39,-79],[34,4],[45,-55],[36,-219],[96,-152],[81,-48],[18,69],[108,106],[83,21],[99,-20],[65,-147],[48,-184],[34,39]],[[49161,44776],[-42,50],[5,103],[-24,-9],[-30,-145],[-146,64],[-69,62],[-120,-21],[-16,-30],[137,18],[22,-23],[-240,-64],[-34,46],[-72,4],[-23,-41],[84,-15],[-139,-29],[-97,-55],[-176,-175],[-105,-87],[-37,-66],[-102,-119],[-33,-17]],[[26978,46845],[-68,198],[-11,166],[-64,91],[-21,-8],[47,-140],[2,-71],[-70,28],[-53,118],[34,134],[-7,162],[-72,170],[-90,131],[-73,45],[-49,85],[5,100],[-20,78],[-152,251],[28,-168],[55,-60],[21,-79],[-63,-168],[-56,161],[-86,65],[-48,162],[-9,187],[46,167],[-1,77],[-67,107],[44,62],[2,54]],[[26766,48848],[54,-318],[90,-298],[26,-36],[70,-226],[59,-66]],[[56657,33514],[-37,-100],[-121,26],[-89,-79],[-144,23],[-78,-97],[-28,212],[36,142],[-1,207],[-30,250],[-30,126],[-39,96],[-37,181],[4,211],[21,335],[-2,248],[-27,161],[-6,173],[18,313],[-26,81],[-317,20],[-20,110],[17,131],[-32,14],[-169,-50],[-59,-36],[-37,-75],[-13,-231],[-31,-129],[-8,-219],[-123,-22],[-68,44],[-128,-62],[-51,-59],[-27,28],[-104,-6],[-106,433],[-48,143],[-18,228],[-49,222],[-12,320],[-45,139],[-62,71],[-163,1],[-369,-20],[-117,25],[-252,-6]],[[53630,37037],[-77,-9],[-31,-58],[-75,-18],[-55,160]],[[53392,37112],[81,44],[5,385],[-20,55],[34,52],[71,183],[68,72]],[[53631,37903],[18,21],[77,-164],[75,105],[9,165],[62,-21],[116,130],[25,-106],[-23,-95],[12,-173],[83,-36],[20,25],[91,271],[80,152],[57,151],[75,68],[77,331],[19,305],[-7,529],[7,71],[90,238],[94,432],[64,114],[47,45],[73,158],[59,159],[-8,191],[13,159],[32,201],[11,214],[-11,225],[4,184],[44,293],[3,337],[39,282],[78,359],[36,267],[-3,123]],[[55169,43613],[-4,141],[10,194],[-18,213],[73,187],[66,259],[71,126],[49,40],[85,-27],[117,-182],[46,-101],[46,-158],[110,-35],[77,-78],[85,-40],[42,26],[61,-20],[143,-83],[23,51],[69,309],[31,54],[70,9],[83,-52],[251,233],[33,12],[91,-57],[134,67],[42,163],[35,39],[180,-99],[180,-77],[81,96],[80,-63]],[[58059,39250],[1,-56],[57,-178],[-4,-218],[4,-386],[30,-129],[20,-250]],[[53692,42686],[331,-5],[26,31],[90,-131],[72,16],[49,-64],[73,4],[39,-25],[88,-168],[22,34],[-19,209],[32,175]],[[54495,42762],[79,396],[2,234],[26,210],[29,51],[91,15],[83,42],[38,48],[123,-92],[64,-2],[14,-36],[87,86],[38,-101]],[[53631,37903],[-53,133],[-23,11],[-44,-71],[-71,-62],[-22,-103],[-28,-9],[-52,-159]],[[53338,37643],[-66,231],[-1,77],[-30,93],[-77,165],[-8,49],[-65,151]],[[62354,32662],[14,-170],[-19,-8],[-66,115],[44,4],[27,59]],[[62163,32503],[19,-43],[-54,18],[-9,68],[44,-43]],[[62073,32789],[-45,40],[-21,65],[8,225],[38,17],[-4,-145],[31,-174],[-7,-28]],[[31423,42025],[-60,-9],[1,286],[-73,331],[-41,15],[-31,-51],[-57,-173],[-60,-1],[-45,140],[-17,-100],[22,-88],[-318,1],[-72,35],[-75,-44],[-1,-457],[137,4],[28,-35],[27,-106],[2,-156],[-36,-11],[-52,72],[-93,-86],[-69,-20],[-4,-505],[41,-126],[71,-116],[21,-110],[-8,-58],[21,-138],[26,-57],[14,-138],[-152,-2116],[-5,-24]],[[28094,42189],[-46,118],[19,91],[46,68],[60,-53],[7,105],[-22,94],[4,176],[23,82],[66,61],[49,-15],[85,160],[40,115],[-7,113],[38,25],[39,188],[17,4],[77,398],[-51,-14],[-4,116],[-23,-80],[-19,81],[5,132],[-29,6],[45,100],[18,228],[-14,82],[-6,265],[-12,141],[-37,86],[59,97],[21,74],[-62,279],[20,69],[11,161],[-22,131],[-24,2],[-77,313],[-27,64]],[[28507,47258],[31,-116],[37,-65],[77,-219],[-20,-82],[16,-39],[34,59],[-21,326],[-28,77],[64,85],[115,207],[39,195],[64,116],[74,14],[10,62],[-22,134],[25,185],[9,172],[-41,-66],[43,130],[29,199],[46,82],[122,269],[108,-85],[-17,-89],[32,-68],[50,239],[6,113],[39,53],[73,-46],[134,14],[164,293],[124,125],[39,211],[46,35],[71,127],[61,9],[65,-68],[34,-204],[-50,-129]],[[28301,42953],[0,0]],[[82828,58404],[0,0]],[[83850,63328],[-23,-20],[-123,126],[-35,114],[70,-34],[31,-84],[80,-102]],[[83970,62252],[-75,35],[-15,91],[39,-2],[59,-76],[-8,-48]],[[83936,62052],[-36,40],[21,32],[15,-72]],[[84000,62202],[0,0]],[[83283,59080],[-34,-17],[-1,112],[40,0],[-5,-95]],[[80662,56009],[38,-7],[-5,-81],[-62,24],[29,64]],[[83680,60931],[-33,-17],[20,100],[13,-83]],[[81542,57213],[0,0]],[[81330,56367],[-22,68],[42,38],[-20,-106]],[[81289,56394],[0,0]],[[78093,56343],[-16,133],[-68,-71],[-44,-106],[-40,-33],[-51,30],[-37,-26],[-35,66],[2,73],[-33,28],[-15,84],[-2,146],[-90,43],[-111,26],[-6,47],[46,215],[13,230],[34,94],[-46,97],[-79,24],[-54,43],[6,133],[-24,98],[10,74],[-42,153],[5,86],[37,89],[-69,-15],[-24,32],[-80,-3],[-54,-32],[-107,-125],[-17,71],[34,100],[-7,175],[-38,79],[15,199],[43,67],[-7,116],[29,153],[28,-11],[50,126],[20,126],[45,-5],[37,142],[44,27],[8,64],[-23,138],[26,18],[19,312],[2,143],[-18,284],[-7,269],[-40,53],[-58,-69],[-46,294],[-9,123],[-65,156],[-27,-5],[-20,79],[-44,29],[-60,-206]],[[75453,60701],[-8,135],[-105,84],[-41,-68],[-101,69],[-101,6],[-1,115],[-102,47],[-123,-143],[-105,-279],[-16,-84],[-43,-90],[-16,-104]],[[71610,66145],[-98,-14],[-99,54],[-90,77]],[[70705,67220],[-47,95],[99,94],[45,-42]],[[84544,69318],[-71,-115],[-96,-13],[-30,42],[-20,-67],[-64,-17],[-34,-53],[-54,-10],[-194,-216],[-59,-151],[-72,-109],[-52,5],[-7,-97],[-92,-41],[-43,-53],[-16,133],[159,132],[-14,78],[53,117],[-151,-1],[-2,113],[69,66],[0,145],[79,74],[108,287],[23,130],[-37,103],[-78,108],[-7,93],[-29,-90],[-154,38],[-112,-219],[-81,-252],[-31,-19],[-144,-153],[-72,-59],[-56,-106],[-36,-135],[-10,-107],[-51,-131],[-36,-39],[-79,7],[-91,-77],[-72,112],[-71,-65],[-47,-198],[-16,-160],[27,-142],[31,-79],[69,-90],[147,-63],[71,23],[39,-59],[41,-241],[-27,-42],[-10,-218],[44,-91],[94,-54],[86,21],[35,69],[-1,69],[76,101],[43,90],[-15,40],[137,109],[83,-77],[47,-88],[47,-15],[70,-83],[90,-11],[26,59],[78,-87],[73,15],[-4,-173],[-39,-79],[20,-85],[-49,-81],[-50,89],[-64,0],[-144,-155],[-118,-99],[-53,7],[27,-115],[-33,8],[-26,-81],[0,-121],[-80,-81],[-18,123],[-41,-18],[-24,-59],[53,-95],[-64,-87],[-53,-153],[-40,-38],[-54,-162],[-27,-40],[-21,-132],[-38,-72],[-14,-115],[10,-71],[41,1],[65,-118],[105,-94],[85,-123],[66,-447],[31,-104],[70,-334],[8,-121],[-12,-128],[37,-67],[85,-77],[30,-60],[0,-117],[76,-109],[44,-106],[9,-139],[-52,7],[-91,103],[-105,7],[-51,114],[-75,53],[-93,-99],[2,-42],[85,80],[60,-25],[20,-116],[75,-70],[82,-165],[86,-117],[35,-110],[25,-173],[-97,-54],[-61,-99],[-86,-100],[-49,-143],[-104,24],[-56,-74],[29,-25],[40,39],[38,-120],[76,20],[71,99],[75,-53],[69,-174],[112,-77],[-49,-63],[-64,-138],[-47,-70],[51,18],[37,66],[33,1],[7,-81],[-14,-250],[-55,85],[-51,-14],[-24,-74],[60,-85],[-10,-171],[-43,-89],[36,-193],[-92,-102],[-16,88],[-32,-39],[-39,-179],[-59,-19],[24,-83],[-68,-219],[11,-69],[-25,-116],[-72,-155],[-39,-149],[-14,-151],[-33,-60],[-24,17],[-26,156],[-22,-73],[-34,40],[14,-115],[41,-53],[26,-149],[-52,-69],[-64,-128],[-90,47],[35,-103],[43,-15],[56,35],[8,-60],[-30,-230],[14,-157],[-47,64],[-77,-32],[39,-128],[-72,-6],[-31,-68],[-2,-139],[-74,-85],[22,-44],[-44,-117],[-74,-5],[-58,38],[-22,-102],[-46,-5],[10,-55],[41,-12],[9,-94],[-61,-164],[-27,1],[-31,-125],[-45,3],[-28,-178],[-10,85],[-69,-91],[-48,47],[-13,-136],[-65,-70],[20,-53],[-45,-69],[-19,-165],[-61,25],[-26,-66],[-85,-60],[-58,36],[-40,-95],[-32,0],[-52,70],[-95,-141],[-29,6],[-27,91],[-30,-95],[3,-64],[-60,45],[-20,-37]],[[81740,57028],[-70,-20]],[[81670,57008],[-52,67],[-58,179],[0,187],[-48,-51],[-1,-81],[-31,-20],[62,-223],[-8,-245]],[[81534,56821],[-13,-36]],[[81521,56785],[-92,-85],[-16,94],[-23,-63],[-6,-127],[-23,-40],[-26,45],[-62,-119],[-46,73],[-32,-97],[-100,76],[-20,-94],[-27,2],[-48,-113],[-79,-51],[-84,18],[-5,-57],[-63,-31],[-57,-122],[-30,12],[-13,76],[-10,-117],[-50,-95],[-4,-126],[51,-15],[-14,-116],[55,-108],[-17,-115],[-29,-43],[-62,-21],[-51,22],[-15,83],[27,-7],[-53,154],[4,63],[-40,144],[5,151],[28,145],[39,28],[3,73],[-48,56],[-20,-25],[-46,119],[6,-110],[-55,-59],[-73,-9],[14,72],[-29,59],[-71,2],[-44,99],[-6,92],[-32,2],[13,-164],[-22,-45],[-34,61],[-21,-95],[-76,-36]],[[80802,55234],[22,-76],[12,-161],[-53,-68],[-69,-272],[-34,-298],[-55,-65],[-57,-106],[5,-41],[-69,-35],[-38,-106],[-45,-20],[-49,57],[-87,48],[-91,118],[-18,233],[4,281],[12,51],[162,298],[-28,5],[38,96],[56,0],[38,56],[71,-15],[73,64],[62,4],[54,-59],[25,113],[59,-102]],[[81534,56821],[-13,-36]],[[81740,57028],[19,-102],[-19,-71],[-103,94],[33,59]],[[81730,56796],[0,0]],[[81665,56796],[-32,49],[45,37],[-13,-86]],[[19644,22064],[-43,-21],[13,72],[30,-51]],[[28110,17486],[-50,-15],[26,64],[24,-49]],[[30691,28845],[5,-80],[38,-107],[12,-121],[61,-76],[-14,-65],[59,-621],[130,-286],[-65,-203],[33,-96],[-6,-132],[-44,-50],[20,-137],[-16,-104],[68,-108],[-18,-76],[2,-128],[34,-33],[66,-248],[3,-224],[21,-94],[9,-162],[25,-52],[11,-195],[19,-112],[0,-232],[24,-40],[59,-9],[107,50]],[[31334,25104],[52,-127],[-96,-726],[-249,-252],[-71,-168],[-15,-146],[49,-179],[-43,-102],[-17,-175],[25,-180],[27,-290],[-32,-87],[-15,-170],[73,-253],[-7,-106],[-85,-84],[-54,-4],[-27,-177],[-16,-31],[-48,-335],[-22,-34],[-112,-310],[-48,-485],[-55,-155],[27,-314],[-9,-217],[27,-30],[-26,-167],[-57,-58],[-51,-325],[10,-85],[-22,-69],[-36,-19],[-18,-297],[37,-191],[55,-82],[-31,-88],[12,-129],[42,-145],[-2,-108],[17,-128],[26,-54],[-20,-100],[3,-123],[18,-50],[55,-8],[6,-81],[-26,-234],[11,-347],[-55,-54],[-66,-304],[-29,-291],[-45,-71],[24,-56],[25,-313],[-7,-204],[-88,-156],[-8,-77],[-43,-19],[-42,-73],[-3,-85],[-35,-140],[21,-191],[-23,-131],[18,-102],[-9,-223],[39,-196],[16,-285],[34,-67],[-29,-139],[-93,-75],[-39,-99],[2,-212],[-33,-222],[-51,-23],[23,-177],[-18,-147],[-32,-57],[34,-112],[-30,-73],[-35,-178],[16,-141],[-11,-533],[40,-224],[2,-94],[-74,-32],[-27,-106],[20,-123],[-25,-74],[8,-140],[-9,-150],[26,-79],[75,-45],[5,-90],[-39,-38],[0,-65],[43,-105],[-12,-115],[32,-124],[-37,-125],[-2,-194],[168,-41],[18,-38],[-31,-189],[-54,9],[-139,-29],[-30,14],[6,-93],[124,-53],[67,-177],[1,-71],[-44,-127],[-66,-47],[-1,-183],[33,-81],[-15,-62],[-53,-83],[32,-112],[18,-182],[-10,-90],[-58,-88],[-4,-181],[14,-80],[-38,-28],[-17,-71],[-67,-106],[1,-56],[-49,-214],[2,-68],[51,-96],[9,-84],[-17,-96],[-70,-108],[-2,-193],[-32,-73],[-70,-56],[-46,-149],[3,-79],[-90,-10],[-32,-189],[29,-149],[-16,-82],[8,-151],[32,-74],[64,-357],[20,-16],[77,87],[82,21],[47,-52],[18,-161],[-28,-130],[20,-144],[-29,-170],[39,-106],[88,-133],[9,-77],[544,-13],[131,-90],[79,0],[136,-84],[71,-24],[5,-47]],[[30988,4318],[-157,66],[-65,40],[-57,-45],[-32,-107],[-56,-59],[-40,-5],[-134,-104],[-48,-9],[-65,-67],[-7,-137],[-36,-185],[-9,-156],[10,-86],[-13,-147],[-84,-73],[-110,56],[-134,120],[-56,114],[-10,85],[30,68],[101,14],[31,-116],[-17,-88],[28,27],[14,178],[94,88],[61,131],[7,53],[-64,57],[-142,-167],[-64,-44],[-92,-134],[-25,-145],[-49,29],[-91,124],[38,85],[2,131],[22,82],[43,50],[14,-48],[48,2],[93,116],[89,-24],[79,55],[-83,48],[-115,11],[-59,-73],[-57,68],[-37,-34],[-7,-95],[-61,-127],[0,-91],[-28,-37],[-60,14],[-85,153],[112,91],[47,121],[-31,34],[-17,-96],[-38,20],[-57,-64],[-91,-1],[-28,34],[-6,166],[-32,15],[-40,186],[71,-29],[57,-53],[37,25],[5,85],[42,-53],[110,17],[95,127],[57,-138],[2,-77],[-37,-72],[41,16],[12,115],[-28,158],[28,39],[10,89],[-76,134],[-101,94],[-20,-27],[113,-95],[58,-87],[-5,-44],[-91,-42],[-127,-148],[-37,20],[-37,130],[-68,69],[-21,-18],[-62,73],[35,72],[39,-28],[9,202],[-63,95],[-58,1],[-134,93],[-67,195],[-11,73],[114,14],[10,30],[-35,105],[36,77],[78,-90],[48,-204],[96,-114],[29,171],[35,49],[-37,62],[-40,-171],[-24,-31],[-61,152],[4,88],[65,-18],[-132,113],[-57,110],[82,154],[88,-33],[2,66],[-44,15],[-43,87],[9,126],[53,34],[58,-48],[0,71],[-56,66],[20,131],[-2,153],[-31,-158],[-22,-176],[-41,70],[-4,428],[11,139],[46,71],[47,14],[-45,33],[-48,-46],[-37,21],[-28,133],[-2,194],[93,-33],[110,2],[90,-109],[40,14],[-62,129],[-30,239],[-36,-149],[-26,-44],[-80,-28],[-34,17],[-7,81],[-78,90],[34,94],[81,-78],[30,62],[-97,113],[22,72],[68,102],[-14,70],[16,77],[-45,131],[-39,15],[-7,-84],[-59,16],[-87,86],[-13,80],[19,81],[-45,-62],[-93,-44],[26,-141],[-31,-54],[-58,116],[14,116],[203,317],[-41,109],[2,92],[84,36],[84,-12],[84,51],[21,87],[-11,104],[24,55],[59,-20],[-38,-273],[-28,-79],[12,-77],[-18,-53],[-80,-81],[78,17],[34,48],[25,216],[51,-9],[-4,-148],[-28,-216],[-37,-137],[48,51],[30,142],[19,367],[-45,52],[7,157],[50,-3],[48,71],[49,20],[62,-68],[1,41],[-70,97],[-61,12],[23,183],[79,41],[94,130],[21,210],[-45,29],[-122,159],[12,191],[43,25],[20,162],[-29,125],[7,92],[38,79],[17,115],[33,6],[-24,163],[-1,98],[21,115],[39,-3],[-42,147],[42,71],[56,-165],[5,32],[-24,287],[-66,-10],[-24,61],[45,117],[49,14],[35,52],[11,105],[-30,-103],[-67,-10],[-38,81],[-58,1],[-44,-143],[-97,-36],[-59,39],[31,113],[-52,45],[-43,281],[-5,101],[17,73],[70,555],[0,84],[72,123],[45,258],[6,139],[-71,423],[-14,181],[19,229],[-55,241],[16,154],[-16,97],[17,108],[63,-25],[44,40],[27,337],[31,31],[37,178],[26,290],[54,154],[-11,123],[66,243],[46,101],[11,124],[35,214],[18,231],[-3,86],[48,244],[46,117],[8,94],[-17,64],[-13,235],[42,88],[39,218],[8,192],[-25,126],[-4,283],[-37,448],[2,128],[-15,160],[11,302],[74,132],[24,347],[-11,211],[-36,107],[-10,191],[59,179],[34,207],[9,221],[28,237],[40,157],[3,223],[70,604],[3,237],[-22,147],[22,168],[40,119],[13,143],[-36,372],[18,362],[6,245],[26,152],[-54,139],[7,219],[31,16],[33,131],[20,206],[9,255],[39,493],[0,168],[-30,372],[13,349],[-2,368],[-33,309],[-17,310],[-7,302],[-16,37]],[[30936,4110],[-3,-1177],[-4,-372]],[[30929,2561],[-119,-40],[-112,36],[-66,103],[-85,-72],[-70,44],[-60,-40],[-119,67],[-84,14],[-59,52],[-109,-4],[-26,68],[35,67],[54,-44],[70,71],[54,-39],[54,22],[19,58],[55,-8],[-1,-96],[113,0],[-68,128],[-61,44],[-28,92],[-2,159],[62,43],[-14,67],[46,71],[42,-253],[-70,-13],[27,-92],[43,-32],[58,-139],[84,8],[35,43],[90,-71],[46,-106],[58,106],[-262,210],[-46,155],[1,90],[55,63],[166,134],[-11,75],[-68,28],[-66,-11],[-60,-48],[-66,28],[-37,121],[20,127],[72,59],[-69,134],[53,20],[54,-69],[64,63],[74,169],[23,4],[69,-128],[24,-5],[80,69],[45,-53]],[[31366,2349],[-49,-90],[-39,7],[-18,64],[-85,-55],[-84,27],[-64,169],[54,36],[65,0],[174,-34],[39,-60],[7,-64]],[[29507,10659],[-95,-8],[-66,66],[-6,55],[46,216],[15,203],[-12,77],[11,186],[24,78],[10,219],[85,-58],[56,-13],[25,-269],[-26,-26],[17,-107],[-88,-84],[61,-123],[37,-123],[-29,-97],[-58,-60],[-7,-132]],[[29312,6576],[-2,-207],[-11,-127],[18,-48],[-31,-211],[-54,-14],[-32,200],[38,214],[-61,-78],[-9,-154],[-20,-71],[-65,4],[-42,54],[-27,-15],[8,120],[51,-5],[8,95],[-44,95],[39,63],[66,-1],[-27,131],[65,87],[-8,100],[52,80],[63,-35],[25,-277]],[[29025,6847],[-32,-1],[-7,125],[36,182],[-11,181],[47,36],[65,-285],[-1,-139],[-97,-99]],[[29337,3920],[89,-30],[171,-126],[85,-139],[-23,-12],[-99,41],[-58,126],[-56,32],[-77,-4],[-80,112],[-42,108],[11,25],[69,-89],[10,-44]],[[29287,6967],[-99,-24],[-81,341],[4,118],[103,87],[-5,-120],[33,-74],[45,-328]],[[29743,3526],[12,-68],[54,15],[57,-22],[77,-154],[-46,-122],[-54,-65],[-85,-38],[-25,43],[50,78],[5,64],[-77,22],[-22,-124],[-52,46],[-2,151],[-44,-5],[-47,117],[-57,17],[44,84],[67,12],[22,-43],[74,-29],[13,83],[36,-62]],[[29216,4829],[11,-137],[37,-29],[32,-88],[-37,-119],[-8,-83],[-43,6],[-46,163],[-25,176],[53,35],[26,76]],[[30638,2515],[223,-70],[68,42],[55,-1],[16,-58],[-55,-61],[87,-89],[-6,-71],[60,-86],[11,-116],[-50,29],[-18,57],[-83,50],[-76,0],[-18,56],[12,75],[-113,69],[-18,-95],[50,-122],[-64,21],[-55,74],[-20,85],[-40,-13],[-43,63],[26,187],[51,-26]],[[30169,3138],[62,-56],[40,1],[5,-95],[-38,-90],[-92,101],[-80,1],[-52,-50],[-7,66],[-66,112],[18,77],[42,38],[123,-51],[45,-54]],[[29518,9921],[-69,-70],[71,-439],[-7,-104],[-27,-52],[-69,10],[2,92],[-29,35],[-43,165],[-74,185],[38,45],[-6,78],[55,55],[57,4],[4,143],[51,36],[55,-98],[-9,-85]],[[29726,9650],[-68,-56],[-33,19],[-27,135],[46,107],[20,108],[102,-86],[21,-64],[-61,-163]],[[29155,9573],[0,0]],[[29082,5498],[-30,-59],[-18,77],[14,122],[86,-21],[-49,-61],[-3,-58]],[[29137,6795],[-3,-56],[-41,-107],[-67,-114],[-38,25],[43,79],[-42,99],[5,40],[139,79],[4,-45]],[[29135,7498],[-41,52],[47,52],[49,-47],[-55,-57]],[[29258,10475],[-39,-12],[18,63],[21,-51]],[[29546,9621],[-17,-7],[-29,104],[5,88],[39,-37],[2,-148]],[[29289,5078],[-17,-84],[-31,20],[-34,-47],[-54,25],[-67,-159],[-3,48],[41,196],[31,-28],[85,78],[49,-49]],[[29151,5768],[-54,-56],[-55,23],[34,233],[125,-69],[10,-61],[-60,-70]],[[29497,10321],[-41,-67],[-45,24],[-6,47],[79,26],[13,-30]],[[29405,4618],[-79,60],[-14,84],[95,-102],[-2,-42]],[[29357,9009],[-42,-47],[-59,14],[-3,53],[54,167],[-2,99],[53,79],[-1,-205],[20,-78],[-20,-82]],[[31229,1832],[-71,17],[19,34],[60,-7],[-8,-44]],[[31535,2297],[0,0]],[[30280,2551],[52,-71],[107,42],[38,-111],[-34,-70],[-39,3],[-15,56],[-31,-18],[-64,32],[-7,39],[-66,80],[-51,-29],[-7,67],[117,-20]],[[31308,1911],[-75,37],[45,98],[30,-135]],[[56349,48850],[-101,53],[-125,-122],[-94,-174],[5,-147],[-25,-90],[-30,-21],[-36,-146],[-37,-19],[-71,-183],[-7,-55],[-58,-162],[-120,-196],[-75,4],[-33,-41],[-79,-38],[-145,-3],[-72,-89],[0,-38],[61,-126],[-56,-177],[-76,-167],[-11,-75],[-38,-21],[-193,-41],[-31,7],[-112,-120],[-36,-78],[-63,-48],[-29,-58],[-55,135],[-12,86],[-39,-65],[-7,-63],[-97,-78],[-51,-68],[-102,34]],[[54299,46460],[20,186],[-30,45],[-53,331],[-38,165],[-71,170],[-35,47],[-111,238],[-91,271],[-8,72],[74,203],[165,-27],[99,28],[96,-15],[32,34],[-34,57],[-71,189],[-21,89],[-37,258],[-11,185],[8,179],[18,122],[-11,214],[-56,298],[-9,164],[-24,108],[-60,116],[-8,112],[-76,69],[-50,1]],[[54495,42762],[-21,143],[-12,307],[-45,131],[-36,23],[-179,492],[-26,133],[28,37],[-32,204],[-70,141],[-17,75],[-19,362],[-21,71],[15,151],[0,260],[-32,37],[-20,86],[12,62],[81,133],[27,168],[48,161],[58,338],[37,66],[28,117]],[[43008,53091],[-39,-7],[-8,109],[63,72],[37,-70],[-53,-104]],[[43487,51727],[-17,-65],[-55,32],[-22,81],[10,177],[59,-133],[25,-92]],[[43086,53001],[-36,-15],[-14,52],[37,36],[13,-73]],[[43634,52592],[62,-48],[-5,-89],[-30,-40],[-39,42],[12,135]],[[43247,51620],[-51,13],[-1,74],[46,28],[6,-115]],[[43309,52863],[-44,-16],[-22,-75],[-15,130],[81,-39]],[[43642,52889],[-9,-36],[-20,141],[24,25],[5,-130]],[[43560,51817],[-19,29],[11,103],[20,-4],[6,-107],[-18,-21]],[[13151,79258],[26,-42],[61,27],[49,-107],[-13,-98],[-98,-90],[9,-25],[96,23],[21,123],[-6,123],[54,5],[76,70],[-10,-109],[-33,-102],[-28,-178],[-2,-147],[-23,-80],[-93,-54],[-48,4],[-63,82],[15,40],[72,-12],[-115,110],[-57,191],[-13,160],[14,108],[109,-22]],[[13402,78602],[28,-65],[5,-128],[-94,-29],[68,-87],[76,-39],[-38,-87],[45,-110],[43,3],[-15,-76],[51,-19],[-22,-97],[-55,60],[-39,114],[-69,100],[-125,257],[32,65],[-90,51],[-22,46],[142,29],[40,37],[39,-25]],[[14667,76804],[138,-88],[138,-44],[201,-96],[46,-148],[106,-264],[29,-142],[52,-71],[127,-90],[53,-54],[48,-99],[54,-183],[36,-170],[23,82],[36,-171],[-45,-20],[-41,-66],[-90,37],[-264,188],[-70,76],[-4,43],[79,145],[11,130],[-32,-140],[-121,-11],[-35,-46],[-95,112],[52,66],[-53,64],[-42,8],[-10,56],[-62,53],[-17,-43],[-39,49],[-29,-23],[2,121],[107,42],[-53,7],[-68,73],[-25,79],[-61,48],[-59,-46],[-37,182],[-28,-61],[-33,79],[-110,-25],[4,131],[-31,22],[15,70],[74,24],[43,-52],[-12,93],[18,32],[-80,17],[6,-50],[-91,-26],[-58,78],[-22,95],[29,59],[90,22],[57,-28],[143,-126]],[[10833,90182],[165,-34],[119,14],[221,-75],[137,-140],[111,-69],[45,-47],[241,-132],[151,-53],[165,-5],[71,-34],[140,-96],[37,-2],[-49,95],[-131,62],[1,59],[79,5],[-89,73],[61,140],[53,19],[58,-21],[42,113],[190,6],[1,133],[58,2],[46,-78],[55,-35],[-82,-180],[134,82],[147,46],[90,152],[121,6],[-46,28],[65,37],[48,-33],[63,35],[98,90],[73,30],[51,-12],[58,101],[119,65],[90,-40],[64,3],[60,71],[53,-61],[-31,-75],[-225,-154],[-69,-66],[-70,-38],[-251,-58],[-35,-22],[-39,-82],[-56,-66],[-99,-34],[-111,-162],[-81,-100],[9,-83],[58,-16],[-46,71],[166,-23],[46,53],[-45,4],[-19,82],[14,47],[223,149],[36,99],[63,21],[61,-18],[13,-51],[37,65],[41,-19],[12,-155],[86,192],[86,123],[217,120],[128,39],[63,57],[-15,-62],[-56,-30],[10,-81],[36,-3],[163,174],[30,104],[143,80],[22,27],[-80,23],[-5,50],[-50,39],[12,74],[38,35],[66,-40],[104,-104],[67,-91],[58,-125],[88,-234],[152,-185],[93,-61],[95,-22],[60,56],[1,36],[-53,103],[39,75],[5,68],[34,-8],[86,121],[-54,16],[113,98],[31,-29],[-8,-135],[18,-107],[79,-54],[-99,-186],[15,-33],[227,-1],[110,115],[52,189],[265,5],[92,-13],[112,-40],[145,-88],[145,-138],[122,-55],[274,-60],[215,-150],[217,-76],[348,-69],[-53,85],[172,10],[177,-86],[104,-73],[112,-137],[70,-108],[-37,-93],[-49,-13],[-136,16],[-25,-53],[-76,-45],[-11,-79],[-74,-82],[83,-59],[131,-17],[65,-31],[149,-31],[188,-3],[93,-16],[124,4],[55,32],[184,18],[106,47],[29,-25],[79,32],[120,85],[75,27],[75,-89],[56,-94],[152,-15],[37,-153],[37,-39],[28,102],[34,6],[28,-76],[140,-160],[22,-66],[-87,-79],[-76,30],[204,-288],[78,-135],[56,-47],[-120,222],[-10,156],[34,29],[130,-85],[-53,121],[18,34],[-55,68],[-45,131],[-2,89],[-89,155],[3,61],[55,62],[0,88],[114,21],[156,58],[34,51],[67,-11],[6,83],[37,45],[64,17],[72,84],[2,60],[-44,18],[-146,-85],[-42,-112],[-93,12],[-56,-49],[-131,19],[-34,-32],[2,-79],[-147,-17],[-118,90],[13,71],[91,163],[243,55],[169,85],[185,78],[133,-65],[40,-77],[31,-183],[65,-90],[79,-56],[76,-26],[-7,-46],[49,-60],[81,-22],[149,26],[51,33],[217,-214],[134,-56],[91,9],[91,-36],[194,74],[111,29],[190,-18],[174,-64],[63,2],[140,70],[-80,98],[20,76],[60,-60],[135,-195],[132,-66],[83,77],[-14,91],[-95,74],[-53,12],[-103,-53],[-91,114],[16,48],[-75,162],[50,14],[70,-46],[118,49],[-37,96],[80,-29],[63,10],[40,-31],[81,-139],[97,-3],[54,42],[-81,-175],[37,-9],[42,72],[130,69],[-18,-64],[-45,-310],[-48,-115],[52,-126],[4,-61],[44,-13],[81,33],[-16,-93],[69,17],[31,-38],[-11,-117],[-87,-16],[-69,37],[-55,-15],[-37,51],[-3,-57],[132,-174],[31,-11],[-67,102],[12,57],[96,-25],[76,45],[26,199],[-57,244],[-52,90],[53,200],[93,43],[73,-29],[33,20],[136,159],[91,125],[133,102],[-54,10],[-11,179],[-59,67],[-47,-139],[-115,-30],[-30,23],[6,96],[134,158],[-48,11],[0,114],[176,73],[-50,-96],[15,-39],[88,105],[-30,5],[2,70],[-33,27],[-74,-44],[-99,-1],[-100,137],[-53,-51],[-130,63],[-116,78],[-95,37],[-123,207],[-14,142],[88,151],[97,5],[-31,48],[23,57],[-78,-42],[-48,29],[-52,91],[39,327],[74,87],[41,10],[74,-58],[45,6],[44,109],[-118,24],[-2,51],[62,61],[29,65],[86,89],[130,56],[49,-3],[22,-92],[47,-59],[138,1],[14,-90],[140,-125],[86,-140],[18,-135],[-6,-108],[-21,-45],[94,-94],[70,-48],[95,-184],[18,-73],[45,40],[71,-115],[-82,-33],[-119,76],[-62,-96],[107,-13],[42,-33],[-86,-103],[-167,-157],[109,10],[73,-21],[6,-35],[83,-51],[52,10],[94,73],[60,-20],[-72,-58],[243,-24],[38,-33],[-92,-45],[-21,-72],[-56,17],[-59,-21],[137,-126],[77,-171],[-20,-31],[8,-92],[-18,-150],[103,-153],[90,186],[-5,51],[32,100],[32,196],[88,149],[82,28],[116,-146],[90,-74],[76,-100],[64,-287],[-12,-97],[-72,-11],[-34,62],[-35,-56],[13,-217],[33,-130],[55,-99],[138,-190],[23,-99],[27,-30],[218,242],[17,139],[29,78],[116,175],[62,262],[-1,130],[60,98],[67,-20],[113,23],[-66,50],[53,83],[15,78],[-146,112],[-12,85],[4,137],[-24,73],[24,139],[67,-31],[147,31],[112,-10],[160,-95],[291,-6],[68,-35],[-34,-77],[-72,-27],[124,-59],[44,-114],[55,20],[150,-55],[23,-55],[-174,-167],[160,-23],[33,-49],[-5,-87],[-69,-71],[-107,-69],[-82,34],[-96,-42],[92,-212],[58,20],[-24,-130],[34,-90],[157,-187],[40,-96],[-48,-258],[-52,-64],[-68,-10],[-90,-157],[-123,-124],[-86,-26],[-97,-112],[-81,-3],[-10,51],[-103,189],[-58,5],[-43,61],[25,12],[-74,94],[-86,39],[-73,-97],[70,35],[61,-27],[127,-179],[24,-86],[75,-166],[-22,-55],[-108,56],[-51,-79],[-120,65],[-79,69],[-69,118],[-45,22],[-128,-34],[-158,8],[-32,-80],[45,-67],[163,-95],[-12,-116],[-183,-248],[-105,-161],[-59,-61],[-107,-14],[-81,10],[-195,185],[-20,47],[-96,42],[-92,86],[-92,53],[-54,-2],[27,-43],[-75,7],[-248,59],[-116,-13],[108,-83],[16,63],[107,-24],[153,-56],[72,-48],[151,-205],[75,-69],[215,-48],[224,-13],[101,-44],[0,-95],[-70,-167],[-168,-300],[-31,-110],[-30,-42],[-152,-123],[-46,-12],[-67,30],[-42,50],[29,-88],[-83,42],[-59,-7],[-54,106],[-74,-38],[35,-33],[27,-87],[-87,16],[43,-123],[-64,-114],[-98,13],[-31,-45],[-66,-7],[-165,97],[-154,42],[-68,2],[-175,106],[-128,64],[-74,83],[28,-75],[-19,-70],[29,-53],[80,-17],[-30,75],[236,-132],[104,-48],[-85,-86],[48,-5],[124,95],[43,-27],[99,-108],[100,-45],[62,-64],[16,-169],[-10,-66],[-40,-50],[-68,-17],[-93,-83],[-162,42],[-91,-31],[33,-96],[79,-27],[-14,-74],[-55,32],[-96,-27],[-60,-118],[67,-148],[-94,96],[-80,43],[69,-107],[-45,-46],[14,-40],[-93,-44],[21,-48],[-85,-14],[75,-123],[-111,-116],[-64,-112],[15,-70],[-55,-28],[5,-116],[-139,-420],[-54,-31],[32,-57],[-39,-326],[0,-483],[-23,-126],[55,-154],[26,-1],[44,-86],[37,-21],[-13,-295],[35,232],[42,94],[77,9],[112,-23],[61,-32],[16,-144],[48,-187],[62,-314],[59,-218],[14,-136],[-79,-241],[59,63],[58,16],[-15,-53],[94,66],[252,125],[59,11],[85,-23],[144,-121],[79,-50],[234,-91],[34,-27],[105,-144],[103,-100],[55,-88],[88,-201],[76,-57],[102,-43],[151,-99],[152,-82],[75,-82],[95,-135],[-41,-190],[42,103],[43,43],[151,-19],[168,39],[68,-35],[126,-35],[63,12],[33,-50],[81,-9],[74,-106],[25,-130],[-55,-322],[6,-123],[37,-76],[34,-179],[-14,-146],[9,-244],[-28,-73],[0,-140],[66,-105],[117,-267],[8,-46],[-68,-106],[74,14],[74,-104],[87,-82],[87,-151],[45,-164],[14,-96],[-63,-87],[-34,-94],[88,124],[30,16],[74,-33],[74,-77],[51,-117],[56,-64],[-73,141],[7,162],[53,157],[44,41],[21,-54],[72,-89],[28,-158],[21,161],[27,48],[-69,166],[42,161],[35,49],[58,155],[-18,169],[-46,95],[-12,93],[13,68],[-49,132],[-27,258],[-33,216],[47,86],[-36,79],[21,36],[-68,67],[29,42],[-44,42],[-50,125],[-53,213],[210,129],[169,132],[114,118],[158,225],[44,76],[143,312],[29,177],[6,375],[-14,204],[-22,140],[-66,266],[-74,183],[-146,192],[-92,76],[-139,199],[23,155],[101,210],[86,126],[-28,68],[35,74],[2,66],[38,4],[54,-79],[-25,81],[43,79],[-12,91],[17,82],[-65,13],[26,60],[-63,198],[46,96],[-56,10],[-21,44],[52,130],[-74,-27],[-86,23],[97,186],[28,86],[-2,163],[62,84],[-120,144],[-36,114],[-17,130],[1,123],[18,51],[129,124],[64,29],[137,-33],[295,-148],[40,-46],[-32,-50],[125,94],[88,-34],[108,-105],[-3,68],[122,77],[123,104],[37,-10],[121,-124],[87,-108],[54,0],[15,-51],[-39,-149],[74,58],[78,-65],[52,-106],[-58,-55],[62,7],[44,54],[63,-50],[-5,-47],[-55,-78],[58,-19],[-27,-53],[89,-126],[108,-23],[86,-50],[124,10],[33,-34],[18,-99],[51,-14],[56,38],[24,95],[42,-27],[19,-116],[-66,-110],[-33,-176],[35,-154],[-11,-102],[-34,-33],[-198,-10],[-31,-22],[226,-27],[49,-87],[14,-103],[-31,-132],[3,-103],[78,-3],[14,-42],[-31,-88],[13,-46],[-33,-153],[-40,-27],[-21,76],[-32,-59],[-80,-67],[102,-50],[113,114],[58,32],[132,6],[62,-58],[62,-187],[5,-111],[-34,-166],[-31,-61],[-133,-76],[-26,-47],[72,52],[79,25],[40,56],[67,269],[36,-8],[26,-93],[-49,-134],[58,94],[28,93],[18,-113],[3,-178],[30,156],[153,155],[83,41],[31,40],[26,105],[43,66],[54,-45],[34,-86],[8,-123],[26,99],[-34,175],[58,29],[-24,38],[63,82],[42,-14],[45,34],[-62,36],[-1,72],[27,96],[29,-14],[-19,99],[85,-6],[-66,54],[-20,106],[20,74],[69,25],[-4,55],[67,242],[63,59],[57,-48],[22,-68],[-97,-112],[135,37],[28,-65],[-12,-163],[47,58],[36,-125],[49,-94],[-61,-72],[53,-42],[8,-51],[59,39],[34,-97],[-25,-56],[-121,-62],[151,37],[51,-107],[-19,-43],[65,8],[49,-145],[-64,-89],[-80,-66],[-41,-86],[67,78],[46,-21],[82,48],[64,12],[-19,-124],[-38,-84],[-70,-52],[-55,-79],[78,56],[137,42],[51,-128],[52,-5],[60,-73],[-26,-64],[7,-111],[-103,-90],[70,-22],[66,-50],[-35,-94],[32,-36],[65,-10],[82,-121],[-16,-111],[5,-121],[-44,-19],[-148,31],[-84,48],[19,47],[-56,-22],[29,-51],[77,-44],[35,-54],[70,-45],[-75,-51],[19,-21],[143,-45],[-78,-50],[-2,-41],[97,-11],[18,-118],[-42,-37],[73,-28],[53,-65],[46,67],[66,-101],[9,-62],[24,55],[37,-14],[-18,-95],[60,-119],[-47,-81],[-25,-117],[-46,-98],[112,124],[78,16],[48,36],[19,-80],[70,-15],[-84,-164],[-3,-39],[90,119],[47,101],[73,-35],[60,-219],[106,-45],[56,64],[65,7],[9,-72],[57,-70],[89,-58],[-44,-106],[-38,-38],[-125,-25],[-79,-87],[-55,-125],[-58,-4],[-55,-57],[-127,-91],[-91,0],[-53,-51],[-36,-116],[-70,40],[82,-117],[-53,-67],[-11,-89],[51,29],[88,139],[58,23],[83,75],[112,163],[74,72],[157,79],[-64,17],[2,62],[33,18],[216,-46],[74,-221],[-2,-64],[-93,-87],[44,-116],[89,143],[48,48],[104,18],[31,-99],[68,-26],[40,-82],[46,-183],[-26,-149],[17,-85],[-5,-180],[-132,-55],[75,-5],[86,-45],[-9,-77],[-63,4],[87,-91],[-1,-73],[-90,-146],[-147,-175],[-119,-157],[-90,14],[-130,-37],[-71,-73],[-116,-11],[-42,-34],[-13,-61],[-146,-275],[-59,-74],[-65,-129],[-57,-52],[-19,-71],[-54,-44],[-147,-24],[-55,21],[-42,-32],[-92,-2],[-121,-69],[-54,91],[-221,48],[-117,-5],[-29,-36],[-96,11],[-41,32],[-121,-25],[-94,28],[-100,-23],[-111,31],[-138,-43],[-53,25],[-48,-66],[-102,8],[-68,-103],[-56,-51],[-82,-275],[-7,-106],[-31,-73],[-190,-64],[-63,-42],[18,-34],[-114,-100],[-11,-47],[-72,-78],[-84,-180],[-40,-132],[-83,-132],[-50,6],[-147,112],[-177,63],[50,-62],[94,-9],[177,-128],[25,-53],[-37,-187],[-109,-231],[-41,-56],[-72,-200],[-114,-151],[-42,-91],[-136,-86],[-34,9],[-90,-90],[-15,-52],[-117,-139],[-84,-55],[-84,-218],[-53,-113],[-66,-19],[-90,-148],[-77,21],[87,-69],[7,-62],[-106,-98],[-98,-142]],[[15892,75644],[-38,58],[-38,-69],[-5,108],[-32,12],[3,92],[61,36],[-87,10],[25,237],[-38,-72],[-3,-84],[-54,-43],[-101,68],[-45,118],[37,39],[29,-92],[30,49],[-54,98],[0,131],[-22,-75],[-83,-73],[-56,26],[-83,149],[0,37],[-76,243],[54,154],[-4,133],[-51,-220],[-42,-26],[-74,15],[-17,107],[-20,-115],[-98,1],[-135,44],[9,40],[144,54],[-23,19],[-108,-31],[-41,41],[40,79],[-41,20],[1,135],[-32,-100],[-118,-34],[-83,55],[-98,145],[21,194],[59,128],[39,32],[164,35],[-180,2],[-29,-20],[-56,-141],[-19,9],[-38,128],[-4,104],[38,122],[-36,-2],[17,141],[99,116],[55,27],[18,-56],[47,-17],[50,-117],[-31,130],[-62,60],[-7,101],[42,101],[-134,-227],[-76,-49],[-31,-97],[-55,-256],[-25,148],[-46,113],[89,112],[0,150],[-65,-118],[-1,51],[47,332],[-72,-57],[-24,35],[-20,186],[-36,73],[-119,87],[-25,117],[16,75],[72,45],[-14,-102],[101,-98],[51,28],[62,-30],[-20,46],[-73,-8],[-57,58],[-25,136],[64,78],[-47,43],[-71,-55],[-69,-140],[-21,-175],[-50,-33],[-28,-67],[-72,114],[-25,97],[-45,17],[-72,105],[28,101],[41,76],[12,111],[70,23],[46,45],[-76,-3],[-52,-31],[-57,62],[-39,106],[17,140],[42,78],[91,306],[92,209],[-39,-17],[-31,66],[-7,-150],[-59,-184],[-12,35],[30,177],[-31,237],[20,136]],[[19495,96516],[97,-59],[29,-52],[-7,-110],[-89,-23],[-87,13],[-110,-19],[-93,11],[-116,53],[-73,-70],[-91,-3],[-103,59],[-289,-58],[-33,36],[39,52],[142,64],[118,34],[141,19],[177,94],[126,35],[58,-1],[164,-75]],[[19317,96131],[223,-17],[-32,-86],[-304,-87],[40,-37],[119,4],[49,-50],[-23,-134],[-134,-56],[-151,-12],[-202,-59],[-117,14],[-75,56],[-145,61],[12,72],[-45,143],[27,54],[106,20],[139,46],[305,57],[93,-5],[115,16]],[[17902,95610],[-20,-68],[-164,-62],[-20,-54],[119,-93],[-15,-43],[-95,-5],[86,-116],[-77,-88],[-216,-56],[-7,-90],[-36,-75],[-94,-17],[-97,50],[-50,72],[16,90],[51,148],[-28,14],[-116,-48],[-47,-133],[-90,-24],[41,-67],[0,-59],[-57,-54],[-29,-63],[-59,-29],[-99,150],[-35,-42],[3,-87],[-24,-40],[49,-34],[-52,-96],[-49,-40],[-138,-23],[-43,129],[-58,111],[-36,-2],[-33,-101],[-113,-28],[-134,38],[-136,-64],[-67,46],[26,50],[-21,62],[-78,-24],[36,66],[113,122],[209,28],[171,176],[143,72],[35,66],[287,249],[65,45],[75,20],[227,34],[201,-48],[36,33],[85,-15],[39,29],[-90,36],[54,69],[90,13],[84,-22],[182,-108]],[[19919,94691],[122,0],[27,-82],[-74,-96],[88,52],[79,20],[103,-43],[38,-117],[6,73],[55,19],[-47,84],[51,66],[78,26],[137,-36],[83,-56],[35,-129],[-11,-80],[-44,-92],[-51,-218],[-64,-72],[-295,-114],[-185,51],[-149,-40],[-110,34],[33,22],[-55,30],[-187,-129],[-187,-30],[-124,-61],[-88,-80],[-219,-97],[-220,-59],[-138,-11],[-138,20],[-90,41],[-119,81],[-31,47],[68,67],[225,77],[135,71],[179,24],[114,-3],[78,35],[130,120],[-41,24],[-81,-49],[-217,-40],[-95,55],[-99,-73],[-211,-28],[-48,100],[35,78],[71,53],[-104,-15],[-38,42],[-43,-138],[-93,13],[41,-61],[-26,-58],[-114,-62],[-60,-10],[-56,81],[-72,-14],[-53,-80],[-115,52],[-93,92],[-147,-11],[-138,33],[-26,63],[58,91],[65,36],[299,14],[206,88],[60,62],[-254,-70],[-109,-15],[-166,11],[-39,31],[53,71],[162,44],[154,22],[100,1],[135,39],[-374,-11],[-88,34],[29,62],[-17,40],[111,85],[353,-20],[-23,32],[-215,28],[5,79],[55,52],[162,42],[129,3],[94,-36],[26,-84],[77,-88],[128,30],[107,-3],[78,-30],[101,-92],[130,-93],[-53,-74],[151,-17],[66,-139],[62,-45],[165,5],[381,-35],[39,25],[0,111],[-236,115],[-21,47],[116,65],[-9,86],[-62,48],[-55,7],[-105,78],[4,59],[113,74],[146,168],[67,36],[74,7],[101,-59],[-45,-106],[32,-104],[89,-77],[20,-68],[-72,-83],[25,-41]],[[18188,92253],[284,71],[2,90],[79,112],[126,4],[196,-69],[217,-123],[-24,-100],[-71,-96],[-79,-56],[61,-39],[114,112],[-1,-67],[36,1],[99,118],[95,70],[65,20],[2,69],[-99,72],[-37,58],[8,45],[181,-17],[111,-76],[39,-47],[134,-97],[-2,-53],[54,-20],[28,-48],[63,-254],[54,-167],[18,-105],[80,-80],[38,-6],[28,61],[94,72],[12,54],[-109,179],[-35,206],[-24,34],[-91,433],[9,54],[75,24],[-40,45],[14,48],[86,-14],[168,-96],[45,59],[130,-57],[186,-130],[111,-157],[50,-262],[130,-386],[106,-204],[0,-169],[-50,-144],[14,-48],[97,-96],[59,-116],[102,-93],[134,-85],[28,22],[-13,80],[83,-94],[226,-174],[82,-6],[22,-92],[131,1],[33,-75],[17,-113],[-7,-108],[-78,-25],[-81,108],[-39,-95],[-163,101],[-100,-87],[17,-69],[-24,-49],[-83,10],[-122,85],[-29,-29],[111,-112],[-7,-192],[57,91],[121,95],[82,8],[49,-57],[-24,-89],[67,-45],[-10,-136],[-175,-95],[-113,-46],[-159,-10],[-167,40],[-79,44],[-61,-40],[-148,34],[-18,25],[42,89],[-218,50],[-57,-4],[-73,33],[-41,155],[-67,18],[-54,-65],[-50,-117],[-113,-126],[-117,-34],[-140,-14],[-52,-26],[-109,-97],[-146,-58],[-135,-33],[-247,-36],[-78,7],[-51,-33],[-276,-18],[-155,-28],[-74,12],[-58,74],[-77,169],[2,135],[-24,116],[-175,52],[-232,-3],[-127,12],[-135,39],[-121,67],[-48,101],[-78,101],[-36,75],[-20,160],[16,33],[162,52],[284,58],[261,39],[118,-4],[139,-26],[126,-4],[160,-27],[124,35],[113,-2],[42,25],[-134,98],[-286,119],[-170,52],[-160,-11],[-141,-38],[-320,-24],[-93,26],[-185,-14],[-165,18],[-188,182],[-32,56],[30,47],[127,87],[139,38],[301,104],[94,16],[-25,61],[178,2],[-69,52],[-331,-72],[-155,-6],[-107,-31],[-129,32],[11,63],[75,25],[38,69],[-175,-14],[-138,33],[-33,55],[12,155],[98,128],[105,68],[-75,116],[30,74],[229,210],[82,58],[189,99],[284,112],[254,112],[93,-30],[39,-43],[31,-140],[-16,-147],[-115,-189]],[[16740,93322],[73,63],[74,-3],[21,-119],[29,12],[111,132],[119,24],[136,-10],[142,-57],[132,-102],[212,-196],[125,-91],[32,-82],[-15,-45],[-151,-81],[-136,-49],[-162,-103],[-111,-49],[-144,-95],[-272,-154],[-47,-53],[-77,-175],[-100,-82],[-114,-22],[-5,-60],[-47,-168],[-22,-181],[-49,-88],[-86,-42],[-150,-40],[-77,39],[-114,-126],[-109,-51],[-80,-68],[-71,-2],[-83,88],[-56,144],[-115,179],[-209,111],[-149,97],[-152,4],[23,111],[49,32],[-17,38],[73,132],[110,115],[-8,133],[24,61],[97,44],[-2,56],[-69,50],[53,90],[62,151],[86,77],[23,82],[65,87],[-21,42],[-60,20],[-48,68],[-121,278],[341,62],[235,20],[243,54],[120,-8],[211,-124],[170,-70],[106,-15],[-48,-85]],[[30697,99589],[227,-13],[73,5],[84,-31],[421,-12],[46,-27],[-114,-62],[-423,-99],[-31,-17],[204,-1],[94,11],[218,53],[246,70],[119,-30],[52,63],[58,8],[111,-86],[103,32],[137,-8],[46,-29],[-33,-54],[141,-91],[-45,-81],[214,49],[278,-37],[75,-89],[-19,-43],[-251,-166],[-88,-26],[-305,-113],[-273,-79],[-181,7],[-74,-53],[-142,-28],[-172,-9],[-81,-92],[-492,-135],[-10,-23],[113,0],[717,164],[137,11],[128,-12],[-14,-38],[-181,-108],[-231,-98],[-115,-74],[-291,-127],[-237,-128],[-92,-64],[-122,-116],[-93,-39],[-114,22],[-137,91],[-8,-15],[126,-161],[-14,-31],[-232,-33],[-103,-29],[-163,-16],[30,-26],[92,-10],[206,36],[85,-20],[-52,-68],[-166,-61],[68,-44],[-77,-61],[-160,-43],[-132,-4],[-281,93],[-193,37],[-143,-31],[169,-40],[161,-16],[67,-79],[-3,-64],[-63,-41],[-111,5],[-150,-34],[-109,4],[-195,-32],[-157,42],[-231,28],[167,-70],[50,-62],[143,-60],[141,-26],[102,23],[68,-5],[-14,-124],[-194,-12],[-189,58],[-413,-43],[-160,14],[-169,-1],[195,-94],[103,26],[190,28],[159,-8],[84,-34],[44,-49],[193,-22],[185,-94],[-32,-73],[-92,-53],[-144,-16],[-271,-1],[246,-83],[82,-53],[-100,-75],[-87,-149],[-136,-13],[-98,-38],[-74,-7],[-134,14],[-154,-1],[-20,-70],[10,-162],[-8,-68],[-58,-75],[-162,-57],[-288,-23],[-186,11],[-83,31],[-140,87],[-78,30],[43,-67],[63,-46],[-69,-38],[-148,-10],[60,-58],[85,0],[116,39],[124,-18],[126,-68],[82,33],[118,1],[44,-26],[33,-157],[119,-36],[93,58],[47,8],[80,-89],[5,-68],[-84,-129],[-180,-85],[-98,-68],[-186,-72],[-204,-53],[-85,27],[45,136],[-94,74],[-84,-18],[-97,23],[-59,77],[-51,7],[-86,59],[74,-105],[8,-76],[-321,-19],[-138,10],[-94,156],[-14,-224],[-241,-37],[-149,31],[-121,61],[-94,105],[-63,-146],[-187,50],[-38,97],[-2,-140],[-169,18],[-81,-5],[-23,123],[-4,136],[-33,-86],[19,-162],[-72,25],[-213,25],[20,236],[202,117],[104,78],[158,22],[130,0],[141,27],[-69,94],[-91,28],[-98,102],[-87,160],[22,46],[144,61],[133,14],[176,-59],[59,-43],[123,-168],[39,-33],[177,-61],[59,-9],[213,20],[70,17],[131,120],[96,104],[54,82],[32,101],[-30,-21],[-202,-240],[-97,-63],[-108,-7],[-89,28],[-104,-44],[-119,42],[0,144],[-71,115],[143,95],[115,94],[110,-14],[-91,53],[-100,-8],[35,202],[-67,-151],[-110,-120],[-46,-23],[-176,-20],[83,185],[-141,-103],[-135,-50],[-118,5],[-59,30],[17,170],[149,173],[40,78],[158,35],[153,14],[128,41],[367,-44],[177,-49],[78,52],[152,-2],[81,16],[103,61],[-69,8],[-114,-41],[-172,25],[-200,4],[-149,22],[-50,37],[-10,51],[76,15],[120,-45],[69,-3],[-172,120],[-248,273],[-102,54],[-160,23],[-108,87],[-20,122],[-34,74],[32,94],[54,43],[318,-33],[135,5],[172,-12],[92,-23],[374,-226],[145,-131],[109,-48],[118,-28],[156,-5],[98,44],[-246,17],[-97,66],[-139,120],[-131,76],[-175,149],[-7,32],[125,37],[432,49],[258,59],[117,84],[346,96],[426,66],[-149,19],[-323,11],[-46,21],[24,65],[95,87],[209,108],[140,46],[41,31],[-302,-70],[-106,-50],[-106,-76],[-160,-44],[-82,-146],[-147,-83],[-242,-76],[-378,-66],[-144,11],[33,38],[151,99],[-327,-41],[-69,-28],[-119,-83],[-95,-21],[-247,0],[-116,39],[-146,-11],[-78,27],[-20,42],[98,88],[170,95],[109,45],[158,38],[369,43],[17,32],[-374,-35],[-318,-45],[-126,-60],[-305,-197],[-106,-9],[-81,13],[-255,92],[-95,76],[27,19],[210,41],[284,-8],[128,9],[125,25],[186,61],[201,87],[40,28],[-74,6],[-185,-38],[-208,-83],[-181,-30],[-448,-15],[-142,-24],[-63,5],[-99,65],[9,34],[206,55],[-119,36],[58,60],[148,61],[213,32],[147,5],[-245,27],[-138,-16],[-369,-99],[-84,20],[15,24],[197,104],[6,16],[-141,-2],[-82,17],[-133,-45],[-83,-10],[-78,41],[10,34],[119,73],[203,63],[238,12],[70,16],[226,101],[140,25],[118,-8],[65,-22],[107,-67],[51,53],[58,12],[130,-18],[79,-35],[93,-15],[38,20],[99,0],[-74,43],[-352,101],[-10,22],[228,51],[144,80],[105,32],[147,-54],[216,-33],[161,-130],[105,-45],[85,10],[-92,47],[-14,49],[48,13],[264,-89],[288,-82],[110,-18],[202,-87],[-57,55],[-139,67],[-371,116],[-147,60],[-125,82],[-1,23],[118,47],[96,17],[-123,59],[1,19],[150,10],[108,-34],[106,-6],[-103,111],[47,25],[98,-7],[161,-45],[290,-22],[67,14],[-115,27],[-174,59],[-90,66],[75,20],[196,-4],[182,-30],[155,11],[136,-16],[294,-150],[76,-85],[38,-10],[123,52],[-145,81],[-89,64],[-139,73],[-60,63],[383,27],[370,-24],[60,-17],[138,-96],[119,-57],[171,-35],[-218,129],[31,66],[144,58],[230,14],[237,-125],[55,-8],[-136,77],[153,54],[251,13],[133,-70]],[[23476,95912],[70,-27],[157,16],[182,-12],[120,8],[78,-22],[48,-56],[-59,-21],[-50,-110],[-88,-15],[-159,15],[-438,7],[-77,78],[33,84],[183,55]],[[24016,93967],[22,-121],[-24,-117],[-121,-32],[-198,-2],[-164,107],[-161,26],[-63,71],[-49,-8],[-32,56],[-48,-7],[-11,48],[60,108],[56,20],[15,83],[127,120],[172,66],[111,0],[62,-21],[144,-120],[44,-51],[70,-150],[-12,-76]],[[22221,93205],[235,-151],[279,61],[89,43],[70,6],[99,-31],[62,-125],[-43,-52],[-122,-39],[3,-46],[65,7],[22,-66],[-146,-72],[-178,-200],[20,-47],[118,71],[129,-30],[50,-52],[-23,-38],[82,-72],[-21,-84],[30,-4],[106,54],[36,-11],[28,-148],[-22,-67],[-77,-56],[56,-76],[-48,-112],[40,-55],[3,-94],[-93,-30],[-76,-83],[-100,-31],[-167,23],[-35,72],[1,58],[-43,-52],[63,-151],[9,-83],[-59,-65],[-70,-33],[-89,48],[-51,-2],[-65,134],[-92,141],[-164,173],[-75,105],[-108,40],[-63,76],[-80,-28],[-63,26],[-69,121],[-119,76],[-87,133],[45,137],[60,61],[115,-6],[47,-80],[58,-42],[54,-96],[73,-23],[167,42],[25,143],[47,-55],[36,45],[-52,111],[-69,13],[26,82],[120,-11],[-100,84],[-36,-30],[-109,-29],[-156,110],[-20,39],[55,60],[97,19],[126,-105],[-24,88],[-81,59],[-23,48],[19,55],[120,27],[136,-34],[22,36],[-67,-2],[-20,32],[62,40]],[[26411,87093],[21,-4],[64,135],[31,8],[65,-64],[51,-105],[165,-61],[74,-115],[154,-132],[110,-42],[62,-54],[73,-154],[30,-197],[-62,-80],[52,-7],[105,38],[92,-30],[49,40],[62,-83],[8,-44],[88,-76],[-11,-28],[-207,-211],[-255,142],[-115,30],[-25,155],[-157,68],[-9,95],[-66,-10],[-78,-61],[-40,-172],[-82,-108],[-79,-52],[-90,-195],[-92,-78],[-119,-55],[-29,14],[-61,365],[-25,34],[-138,-35],[-76,4],[-75,-61],[-92,14],[6,84],[75,147],[129,90],[47,60],[-29,168],[-5,134],[52,313],[20,286],[42,202],[42,90],[72,61],[87,-87],[37,-121],[-37,-80],[51,-51],[38,-124]],[[22861,94979],[-11,-92],[58,-109],[-34,-169],[14,-63],[-80,-64],[134,-62],[20,-178],[-88,62],[-63,-64],[7,-110],[50,-94],[-35,-7],[-81,42],[39,-82],[-171,-36],[-164,5],[-73,20],[-57,-43],[-169,17],[-34,42],[-29,107],[86,12],[-161,78],[5,42],[120,38],[88,76],[104,61],[106,9],[4,21],[-200,-12],[-274,-42],[-85,-22],[-71,13],[-300,-67],[-71,61],[151,125],[30,69],[56,6],[190,-71],[-69,113],[21,34],[-79,11],[-43,53],[87,108],[-97,-1],[-64,35],[78,109],[50,8],[94,-28],[56,-46],[23,-71],[287,-215],[92,14],[-80,49],[-37,62],[158,21],[-242,67],[121,50],[-55,33],[-132,25],[-66,56],[17,34],[122,63],[89,15],[111,-7],[139,-120],[77,8],[-37,105],[87,56],[132,-83],[119,-40],[30,-37]],[[21270,96984],[142,-59],[73,-96],[-21,-89],[42,-63],[51,92],[145,55],[47,-7],[186,-115],[-32,-64],[64,-29],[134,27],[117,-65],[65,-77],[47,-25],[-19,-63],[-47,-39],[27,-96],[53,-16],[119,-114],[37,-85],[-46,-98],[-220,-45],[-175,69],[-53,73],[-13,65],[-69,75],[-63,4],[-147,45],[-127,8],[-89,-19],[-46,41],[11,45],[-262,-36],[-75,-42],[-105,7],[-122,58],[-65,117],[75,43],[267,-42],[54,14],[-5,59],[-120,8],[180,71],[-40,23],[-137,-3],[-40,35],[77,62],[-76,62],[-68,-24],[-95,-92],[-65,3],[66,114],[-46,42],[-177,-13],[-9,93],[50,112],[151,-9],[316,29],[78,-26]],[[24476,98263],[36,-59],[134,-140],[164,-114],[11,-66],[217,-67],[52,22],[96,1],[45,-37],[-9,-152],[50,-46],[134,-47],[94,-14],[-50,80],[-65,21],[-8,93],[60,29],[84,1],[125,-40],[13,-131],[-82,-63],[200,-38],[62,-105],[-46,-163],[-42,-58],[121,13],[59,34],[130,-29],[48,-89],[100,93],[131,-157],[37,-73],[-69,-53],[-223,-77],[-174,-87],[-66,-1],[-16,-53],[-167,-157],[-68,22],[-26,146],[38,86],[-80,-45],[-24,-74],[-10,-151],[53,-19],[15,-63],[-46,-42],[-120,88],[-45,-13],[38,-135],[-51,-140],[-85,11],[-262,280],[-10,-40],[88,-126],[74,-140],[-106,46],[-73,54],[-90,12],[-53,-16],[68,-43],[22,-44],[-80,-24],[-221,27],[-136,34],[-216,107],[-47,50],[34,19],[238,39],[-19,14],[-217,30],[-153,2],[-102,101],[20,18],[112,-1],[-206,68],[-59,40],[-14,46],[242,102],[125,12],[44,21],[38,68],[189,24],[158,39],[-264,1],[-65,46],[-94,8],[-309,-112],[-44,8],[42,58],[-129,4],[-194,-71],[-59,46],[-116,44],[20,77],[317,98],[33,49],[-249,-58],[-155,14],[-168,122],[-36,49],[-51,154],[276,-49],[315,-12],[18,65],[89,38],[-91,5],[-168,-48],[-59,1],[-67,67],[-71,-12],[-87,23],[-49,48],[16,27],[90,21],[128,-11],[-167,131],[5,97],[117,24],[135,-28],[93,-80],[268,-9],[-77,36],[-109,22],[-53,77],[-202,62],[68,114],[80,34],[128,-13],[193,53],[134,-14],[30,30],[-48,57],[-135,3],[-83,19],[-7,63],[44,13],[202,11],[256,-61],[115,-65],[31,-37]],[[23807,95293],[134,1],[167,-112],[3,-60],[-93,-156],[150,121],[77,-12],[117,9],[141,42],[134,4],[158,-70],[54,-60],[-22,-22],[-228,24],[30,-37],[133,-7],[436,-95],[19,-31],[-52,-48],[-252,-22],[-143,19],[-120,32],[-41,-7],[35,-43],[72,-13],[86,-46],[128,-16],[127,-90],[27,-50],[52,2],[85,-67],[-44,-82],[-79,-56],[102,-1],[101,-78],[31,35],[-17,60],[23,42],[59,-2],[102,-94],[131,45],[53,-64],[79,94],[123,-89],[160,-60],[79,-8],[13,33],[-45,42],[135,55],[58,-5],[107,51],[106,6],[187,116],[193,-48],[190,48],[111,9],[141,-26],[138,-41],[-12,-36],[54,-29],[188,-10],[55,-62],[-45,-36],[174,-29],[42,-108],[-35,-68],[-201,-104],[27,-35],[62,-7],[104,21],[73,-73],[-30,-26],[-121,-33],[-112,49],[55,-76],[-36,-151],[-263,-10],[-162,-63],[-72,3],[-96,38],[-89,-4],[-55,25],[-51,90],[4,87],[-123,53],[50,-63],[-8,-93],[-39,-60],[-198,-49],[-117,3],[-109,61],[-7,-55],[-71,11],[-28,40],[-28,-46],[-115,-26],[-43,29],[-64,-18],[-108,30],[18,-48],[-91,-6],[-103,16],[-64,-23],[-230,17],[-32,81],[55,124],[-54,32],[-41,-20],[-47,-79],[-25,70],[-70,-32],[-1,-75],[-101,-58],[-79,-5],[-144,44],[-53,1],[-64,59],[-51,13],[24,73],[-69,-58],[-1,-61],[-104,1],[-126,100],[-59,182],[27,51],[-75,75],[-23,107],[100,194],[-32,133],[-194,258],[-58,99],[-60,4],[-99,-61],[-298,14],[-72,-25],[-77,5],[-48,69],[-110,38],[-55,49],[108,69],[-89,-10],[-253,118],[1,46],[55,-26],[69,31],[-106,73],[15,41],[194,55],[118,9],[142,-32],[231,-74]],[[23276,96432],[66,-18],[113,8],[147,-61],[40,-60],[-123,-84],[110,-84],[-42,-80],[-79,-15],[-178,-59],[-129,-11],[-143,-46],[-8,72],[-113,52],[-64,76],[171,19],[27,24],[-105,36],[-138,20],[-121,139],[-17,62],[71,29],[-64,94],[-12,58],[34,21],[230,-15],[221,-67],[89,-65],[17,-45]],[[24119,93356],[188,-69],[75,-63],[165,39],[151,-13],[127,-41],[76,-58],[-58,-129],[-103,-111],[-87,-158],[-85,-47],[26,-64],[-91,-162],[-92,-114],[-76,-25],[-263,59],[-242,-32],[122,-62],[55,-77],[5,-97],[-87,-119],[-47,-157],[-29,-20],[-98,30],[-142,-21],[-52,10],[8,107],[-24,227],[-82,197],[-15,72],[3,163],[-15,311],[3,97],[69,42],[158,-65],[-68,100],[-17,127],[41,39],[137,51],[151,13],[42,-10],[104,43],[67,-13]],[[22933,90177],[57,21],[100,-115],[160,-116],[123,-275],[75,-84],[59,40],[29,-46],[-54,-56],[-62,-8],[-198,-186],[-55,-7],[-114,55],[-129,3],[-64,58],[-148,80],[-23,73],[-61,-32],[-66,13],[-36,82],[-51,-49],[-98,38],[-34,82],[30,69],[151,25],[127,118],[-29,89],[31,13],[-27,66],[106,-43],[-35,82],[6,88],[52,56],[81,20],[105,-87],[-8,-67]],[[33026,73499],[66,3],[-47,-47],[18,-31],[-24,-95],[100,49],[66,138],[-76,-9],[45,74],[-4,39],[80,137],[20,-82],[100,-25],[-19,-99],[30,-38],[-52,-59],[-103,-159],[-80,-45],[-55,14],[-115,-26],[-46,100],[-12,159],[24,161],[46,93],[103,348],[83,142],[46,3],[-5,-57],[26,-131],[-42,-227],[-3,-101],[-23,-69],[-147,-160]],[[29247,72837],[40,26],[82,104],[61,37],[80,108],[57,21],[26,146],[85,266],[47,66],[71,55],[66,120],[71,63],[15,49],[79,85],[64,15],[114,72],[206,194],[139,309],[122,248],[30,101],[46,56],[89,161],[120,128],[88,119],[188,162],[123,76],[144,114],[117,61],[217,35],[156,-50],[74,-61],[85,-129],[15,-81],[-85,24],[75,-105],[-3,-99],[-26,-90],[-79,-44],[-36,-93],[-138,-146],[-60,7],[-125,111],[-44,-60],[-101,12],[-71,-69],[76,31],[61,-55],[100,-54],[26,-36],[25,-116],[51,-6],[71,88],[63,25],[83,-86],[-42,-109],[-16,-142],[-113,-188],[35,-37],[41,28],[59,-20],[-21,-121],[25,-134],[25,-19],[22,-222],[29,-81],[92,-14],[82,-39],[24,-41],[-63,-60],[98,-115],[54,12],[60,-87],[52,22],[113,-30],[-14,-65],[74,-18],[147,173],[22,-108],[61,-51],[45,32],[40,-80],[19,-94],[-50,-52],[99,-13],[1,-81],[-51,2],[-341,-276],[-220,-142],[-83,29],[16,-98],[-18,-45],[-42,5],[-66,111],[-28,-111],[-18,70],[-34,-25],[-14,-75],[17,-78],[-28,-21],[-135,-307],[-62,-99],[-67,-41],[-5,-84],[-38,-22],[-71,30],[-41,165],[-42,-37],[-25,50],[-18,233],[26,157],[64,142],[-14,32],[66,25],[50,77],[-43,0],[209,254],[159,133],[-7,-121],[34,-17],[39,73],[96,66],[80,7],[25,31],[-68,20],[-81,-11],[-50,23],[-70,-15],[-73,15],[-41,-61],[-46,36],[24,71],[74,105],[68,148],[-46,-20],[-42,98],[11,-93],[-51,-124],[-34,-8],[-106,-108],[-73,-96],[-95,-80],[-82,79],[21,-55],[-93,-113],[-20,33],[-100,-54],[-13,55],[-57,17]],[[34594,77434],[-34,-104],[-125,-42],[9,-91],[57,-23],[-21,-183],[-58,-89],[-16,-91],[-68,-165],[-87,-251],[-16,-125],[-27,-82],[8,-107],[89,180],[35,45],[35,110],[35,-19],[-11,-86],[65,54],[45,-40],[66,26],[-15,-74],[-127,-132],[-28,-60],[75,36],[-6,-64],[-54,-90],[75,45],[39,-57],[83,39],[24,-69],[23,63],[-35,-284],[25,86],[61,74],[2,-32],[152,190],[6,-141],[49,63],[87,16],[94,-85],[13,-127],[-51,-74],[-40,-103],[-72,-71],[86,16],[-31,-51],[74,-41],[-27,-108],[-76,-76],[74,21],[43,44],[26,-21],[39,57],[53,11],[46,57],[10,-61],[-32,-120],[-55,-32],[-77,-105],[11,-84],[-83,-48],[60,4],[-12,-73],[-46,-86],[27,-105],[45,9],[89,236],[100,105],[16,-24],[-68,-212],[-18,-112],[14,-139],[70,115],[25,106],[20,-17],[16,-138],[-9,-86],[-63,-228],[8,-65],[-22,-135],[-42,-115],[-49,43],[-68,-59],[-23,34],[11,318],[-16,3],[-62,-139],[-60,-84],[-28,42],[23,145],[62,212],[-33,260],[-57,73],[-103,-341],[25,121],[-49,-98],[-57,-16],[-65,-149],[-14,-90],[-49,-99],[-60,6],[-71,-33],[-45,43],[31,101],[96,63],[84,203],[89,85],[24,66],[-45,-31],[-36,26],[-81,3],[-26,-124],[-32,-14],[-80,46],[-61,-4],[60,47],[3,160],[-82,-31],[-19,-73],[-154,-75],[-194,47],[-52,-4],[-74,35],[-113,1],[-1,38],[-77,-74],[-140,-39],[-39,45],[-29,163],[25,91],[87,115],[99,178],[76,78],[-109,13],[-124,-13],[0,25],[91,133],[-18,-68],[53,-37],[61,285],[25,57],[85,-4],[33,107],[-58,20],[-7,90],[55,110],[63,-37],[-38,148],[59,228],[69,309],[38,100],[41,7],[-32,59],[46,62],[35,107],[-9,50],[64,94],[16,92],[64,88],[137,119],[93,-69],[-3,62],[50,26],[17,-42]],[[25947,91139],[11,-15],[118,42],[134,73],[152,0],[8,-52],[55,-54],[22,64],[37,297],[-12,82],[-153,31],[-41,37],[-55,98],[-88,84],[102,81],[62,93],[84,-11],[186,-116],[1,29],[-82,67],[-55,83],[60,49],[-63,21],[-85,-17],[-51,27],[-83,149],[-1,100],[52,106],[54,20],[279,-111],[-5,28],[-227,117],[-81,30],[-20,43],[122,161],[111,39],[56,47],[91,2],[85,-30],[-37,64],[51,48],[89,39],[209,69],[198,0],[95,-24],[55,-43],[47,-109],[24,-117],[35,-48],[117,-87],[3,-137],[88,-128],[-201,-224],[-67,-105],[133,126],[44,-22],[-94,-151],[69,-76],[-54,-10],[-17,-121],[25,-4],[131,167],[75,46],[65,-26],[-58,87],[14,66],[73,31],[35,-75],[63,4],[28,38],[90,-84],[-2,-161],[118,-114],[-78,155],[12,115],[34,61],[75,-50],[87,0],[108,-71],[53,28],[-209,99],[-46,53],[-7,52],[36,64],[166,88],[138,8],[155,-29],[141,-87],[135,0],[114,-64],[62,-111],[5,-68],[-95,-131],[-41,-23],[-68,-144],[52,81],[125,102],[68,26],[107,-10],[63,-25],[22,-79],[-29,-67],[-160,-83],[-87,-11],[69,-29],[71,5],[-46,-120],[8,-69],[-54,-124],[76,76],[45,173],[54,62],[74,7],[90,63],[28,-37],[-135,-222],[38,16],[97,113],[64,-76],[23,-74],[61,-64],[-36,142],[9,37],[104,99],[89,-50],[60,3],[136,-35],[116,-69],[64,-88],[3,-70],[-77,-94],[-100,0],[-47,-28],[-76,-89],[-93,-76],[89,1],[84,127],[74,24],[103,-51],[52,2],[39,51],[70,38],[43,-68],[0,-74],[-34,-77],[-73,-83],[-156,-77],[-85,-94],[58,-10],[57,89],[56,-31],[-1,-53],[-42,-209],[33,57],[92,262],[116,111],[170,75],[71,-42],[146,-15],[187,-108],[38,-62],[-34,-76],[-87,-64],[-140,-33],[-111,-62],[-101,-83],[74,-17],[87,80],[157,33],[54,-43],[-79,-118],[73,-26],[71,87],[77,44],[-30,23],[55,109],[74,-24],[137,-174],[53,-165],[-24,-55],[-152,39],[-107,-32],[-51,-61],[-82,-1],[-127,-48],[-35,-44],[205,46],[127,-72],[193,-2],[86,-36],[102,-96],[2,-66],[-35,-27],[-147,22],[-42,-12],[-126,57],[-72,-32],[-58,21],[-59,-19],[-117,-76],[13,-13],[160,65],[82,-27],[103,-66],[0,-74],[-37,-106],[-122,43],[-112,-24],[-137,44],[-28,-11],[125,-69],[149,-19],[50,-36],[2,-46],[58,-65],[78,19],[56,-37],[206,-37],[-79,-50],[-10,-34],[57,-78],[-20,-107],[48,46],[12,-70],[15,128],[116,49],[-17,-169],[-39,-96],[6,-51],[47,90],[78,79],[-9,-80],[31,-25],[45,45],[54,-13],[-9,-142],[39,-64],[-12,111],[40,75],[90,73],[39,-37],[-53,-69],[1,-74],[53,-2],[54,39],[30,-19],[103,-134],[39,23],[47,-63],[-64,-49],[20,-105],[-193,3],[90,-35],[6,-32],[144,6],[4,36],[64,44],[77,-29],[77,-72],[-34,-42],[-27,-106],[-123,-142],[205,89],[70,4],[92,-35],[71,100],[43,-20],[186,-260],[-63,-64],[-105,84],[-61,-24],[131,-99],[23,-92],[-81,-42],[-83,18],[-32,38],[-77,10],[41,-64],[-36,-62],[81,-56],[70,-79],[-70,-21],[-97,20],[40,-62],[18,-79],[-63,-77],[-14,-59],[-86,-13],[-55,25],[-81,138],[11,-102],[-64,-34],[87,-31],[-7,-272],[-11,-78],[-57,-134],[-80,127],[-46,9],[-25,-39],[-54,75],[21,160],[-56,-104],[-23,-96],[-154,245],[-81,211],[60,124],[92,53],[50,125],[63,87],[-58,-21],[-97,-147],[-84,-49],[-144,-8],[-9,63],[56,83],[-79,-54],[-149,107],[-86,194],[-56,51],[5,-57],[-97,-19],[35,-61],[1,-79],[-34,-12],[-155,131],[46,-156],[145,-165],[-25,-55],[-77,-24],[-77,31],[-89,115],[-87,84],[-80,-34],[78,-19],[69,-66],[-11,-99],[40,-78],[69,-38],[-25,-106],[14,-42],[93,56],[48,-39],[26,-74],[52,-30],[-58,-59],[72,-79],[27,-112],[39,-8],[42,-183],[3,113],[42,-1],[81,-83],[-21,-54],[24,-39],[76,115],[48,-23],[71,-103],[22,14],[44,-67],[-66,-74],[93,-12],[28,-51],[-38,-94],[-102,-7],[65,-43],[93,-157],[92,13],[-33,-79],[62,-13],[46,-134],[-42,-19],[17,-153],[-4,-139],[-42,-14],[-61,214],[-85,152],[28,-112],[24,-192],[-13,-69],[64,-123],[38,-111],[-51,-16],[-82,37],[32,-162],[-37,-37],[-60,98],[-96,101],[-25,-17],[-109,140],[6,-71],[-59,15],[-67,167],[6,-130],[-94,124],[-12,43],[-45,-9],[-199,302],[48,-219],[-32,19],[-113,132],[-69,62],[-102,19],[-14,-34],[67,-134],[82,-113],[65,-127],[129,-55],[-17,-60],[75,-43],[70,-73],[65,-101],[93,-69],[101,-211],[84,-66],[-43,-75],[21,-133],[-55,-32],[-47,16],[-105,86],[-105,42],[-72,55],[-260,59],[-196,120],[-79,117],[-49,122],[-71,32],[-121,-19],[-93,75],[-149,93],[44,84],[-85,-55],[-101,102],[-99,170],[100,10],[65,96],[-37,5],[-59,84],[-138,2],[-19,33],[36,94],[-94,-47],[-39,117],[-76,90],[-147,216],[48,111],[-99,15],[-79,-18],[-11,-79],[-41,-15],[-9,115],[-106,44],[-47,113],[-66,-46],[77,-146],[-15,-43],[-103,-28],[-117,59],[-63,-11],[-15,-94],[-73,-2],[-104,-60],[-125,-46],[-152,44],[-108,47],[-71,93],[-35,83],[-5,95],[26,132],[61,94],[144,87],[-28,92],[37,88],[152,-27],[83,-32],[181,-100],[86,-120],[-20,-91],[39,-60],[26,117],[-24,64],[-91,111],[18,41],[150,-22],[51,69],[88,-10],[77,21],[42,61],[100,24],[91,-23],[-54,198],[-80,78],[-111,184],[16,49],[123,105],[97,105],[84,118],[69,38],[24,109],[44,103],[117,73],[41,85],[-37,61],[-62,223],[-136,316],[-73,112],[6,71],[-94,-51],[-65,95],[27,104],[-11,76],[-83,11],[36,-107],[-78,-6],[-42,28],[-63,90],[-14,70],[-59,11],[44,48],[-46,64],[56,44],[-38,15],[-100,-110],[-86,30],[-28,-46],[-216,-137],[-51,4],[8,219],[49,30],[81,-18],[64,24],[58,107],[-38,75],[-173,86],[-31,53],[16,73],[64,23],[-78,22],[-64,-78],[-107,56],[72,65],[-26,56],[-75,21],[-100,-7],[-36,229],[-33,54],[-123,-13],[-94,88],[-123,176],[-78,-86],[0,-77],[91,-33],[58,-103],[9,-92],[-31,-50],[-115,-58],[-87,0],[-152,71],[-260,67],[-153,3],[126,-79],[76,-93],[0,-84],[-178,149],[-160,-72],[-97,18],[-183,100],[-106,-31],[-91,-1],[-185,30],[-107,51],[-145,23],[-97,-52],[-151,76],[-49,145],[29,81],[-64,-46],[-152,0],[30,-53],[-121,0],[-111,-52],[-139,135],[-124,56],[-100,167],[-69,212],[211,-11],[107,-43],[129,-28],[185,30],[11,17],[-120,68],[-83,71],[-199,22],[-137,34],[-170,95],[-42,48],[-50,322],[26,70],[74,77],[-44,35],[-11,144],[45,109],[95,167],[26,186],[80,129],[60,42],[15,64],[149,135],[125,90],[264,78],[101,15],[127,-3],[233,-30],[38,-80],[-64,-64],[-133,-100],[-112,-141],[-151,-275],[-11,-76],[21,-71],[75,-141],[-5,-238],[34,-157],[51,-91],[138,-151],[128,-111],[15,-32],[-106,-89],[-150,-45],[-179,-107]],[[32833,75715],[-117,-10],[-228,102],[-146,123],[-30,95],[-58,87],[-154,120],[-13,41],[98,39],[234,-88],[120,-78],[289,-297],[34,-102],[-29,-32]],[[32274,73868],[36,65],[87,-38],[67,-60],[268,46],[39,-47],[-140,-153],[-1,-159],[-97,17],[-4,86],[-34,46],[-11,75],[-61,-100],[-81,39],[-46,56],[-7,77],[-98,19],[1,96],[-78,56],[9,90],[101,206],[3,-105],[-30,-96],[52,-96],[-1,-92],[26,-28]],[[27222,85470],[10,-90],[-42,-123],[-126,-175],[-124,-136],[-100,20],[-90,-55],[-17,101],[-40,69],[1,52],[45,65],[101,237],[114,-22],[72,50],[68,-6],[63,29],[65,-16]],[[27904,85088],[72,-116],[-11,-156],[-95,-268],[-41,-35],[-128,185],[11,207],[60,134],[42,44],[90,5]],[[28979,89248],[145,-63],[25,-65],[-18,-124],[11,-150],[-11,-151],[-76,-120],[-105,-59],[-254,-33],[-87,22],[-42,99],[-41,195],[21,116],[136,268],[104,62],[139,13],[53,-10]],[[27906,93000],[47,-9],[300,17],[63,-13],[237,-104],[56,-101],[69,-32],[52,-107],[78,-55],[-5,-58],[61,-82],[-87,-43],[-170,17],[-228,37],[-133,-11],[-228,-77],[-102,-11],[-121,75],[-32,80],[-36,174],[-121,33],[-57,77],[7,64],[-18,140],[11,52],[114,15],[81,-41],[162,-37]],[[27574,78286],[-101,23],[-206,126],[-56,64],[53,96],[143,27],[55,-13],[103,-199],[9,-124]],[[28103,80678],[-24,-9],[32,176],[36,39],[-1,-125],[-43,-81]],[[28073,80763],[-66,-268],[-28,26],[37,150],[-11,54],[-63,-195],[-99,-91],[74,202],[-19,20],[-94,-176],[-27,43],[135,277],[-11,-94],[27,13],[33,116],[19,158],[54,-103],[32,-23],[7,-109]],[[27784,80721],[-31,5],[23,73],[71,41],[47,64],[-30,-99],[-80,-84]],[[25046,95543],[-110,-39],[-212,82],[-43,41],[-1,155],[86,33],[186,-42],[126,-107],[7,-73],[-39,-50]],[[20956,95454],[-43,-12],[-140,41],[-94,120],[-91,192],[-51,70],[56,20],[77,-13],[83,-66],[78,-95],[15,-62],[51,-4],[63,-53],[25,-62],[-29,-76]],[[22558,97452],[6,-91],[-20,-80],[-29,-9],[-99,42],[-59,72],[-135,-2],[-35,83],[20,64],[90,36],[160,-14],[72,-30],[29,-71]],[[20753,92483],[-79,49],[-138,146],[-31,75],[-96,77],[-110,47],[26,84],[60,68],[306,49],[110,-15],[130,-91],[26,-52],[-8,-132],[-58,-131],[-79,-120],[-59,-54]],[[21603,94661],[50,-61],[-104,-41],[-44,-63],[-204,-11],[76,109],[-44,27],[-158,-46],[-60,29],[51,73],[-122,7],[-46,43],[16,52],[347,91],[143,-21],[26,-131],[73,-57]],[[21105,95061],[83,13],[38,-44],[148,-63],[-8,-31],[-108,-54],[-222,-2],[-38,28],[-55,153],[29,33],[141,19],[-8,-52]],[[17131,94355],[-79,-45],[-57,4],[-160,67],[20,32],[193,172],[136,62],[107,83],[66,-9],[-31,-94],[-167,-250],[-28,-22]],[[18380,95886],[-127,-24],[-89,34],[-103,103],[-14,36],[194,78],[14,-52],[143,-71],[41,-63],[-59,-41]],[[13631,79505],[6,108],[40,-39],[-46,-69]],[[13603,77733],[-21,37],[2,96],[24,-39],[-5,-94]],[[13823,79139],[-41,-81],[-86,76],[82,94],[45,-89]],[[13931,78582],[-24,6],[-60,119],[-102,140],[18,61],[141,-137],[53,-135],[-26,-54]],[[13829,79890],[3,-56],[-40,-93],[-63,-31]],[[14291,78422],[12,-297],[-47,-161],[-15,47],[-10,170],[6,117],[-43,-63],[-51,104],[-25,100],[39,222],[112,-118],[22,-121]],[[14974,75898],[8,-63],[-46,22],[6,59],[32,-18]],[[15513,76023],[-58,40],[-75,104],[2,28],[88,-76],[43,-96]],[[14822,76075],[-48,26],[-38,66],[7,72],[52,4],[24,-69],[3,-99]],[[15226,76421],[-3,-37],[-45,188],[16,72],[29,-17],[34,-119],[-31,-87]],[[14184,78119],[-9,-32],[-78,182],[1,62],[70,-105],[16,-107]],[[14465,77390],[-33,0],[-29,108],[32,57],[33,-86],[-3,-79]],[[14342,78042],[-20,208],[21,61],[33,1],[-34,-270]],[[14079,78459],[-26,22],[-12,106],[38,-128]],[[14120,78547],[-45,40],[25,109],[20,-149]],[[15712,75476],[-23,-3],[-18,124],[32,-41],[9,-80]],[[33392,72088],[-69,-23],[-23,32],[92,-9]],[[33066,73179],[-32,33],[46,21],[-14,-54]],[[32801,74442],[23,-44],[-49,8],[23,135],[83,118],[12,-23],[-84,-152],[-8,-42]],[[32081,74866],[-49,-94],[6,77],[43,17]],[[32090,74916],[0,0]],[[31590,72336],[0,0]],[[31455,72610],[-38,-37],[15,95],[27,19],[-4,-77]],[[29565,73164],[-110,-19],[76,84],[59,101],[-25,-166]],[[29529,73246],[-45,-8],[37,69],[42,16],[-34,-77]],[[30270,74152],[-19,19],[60,68],[-41,-87]],[[34573,76859],[0,0]],[[34846,76064],[-65,-66],[-21,56],[86,10]],[[34622,77683],[0,0]],[[34974,76173],[31,-58],[-85,-47],[8,87],[46,18]],[[34937,74552],[-28,-23],[55,168],[-27,-145]],[[31993,85191],[86,-5],[27,-45],[-17,-49],[-50,-24],[-83,53],[37,70]],[[31046,83560],[-37,9],[8,75],[69,160],[49,-34],[26,-63],[-54,-102],[-61,-45]],[[30462,85184],[-120,34],[-102,198],[128,-50],[64,-52],[49,-109],[-19,-21]],[[31991,84352],[-156,138],[-11,61],[84,26],[95,-17],[33,-48],[-8,-86],[-37,-74]],[[31936,84713],[51,-83],[-23,-20],[-66,46],[-2,102],[40,-45]],[[30789,82715],[-54,-56],[6,113],[38,18],[10,-75]],[[32109,83649],[-10,-49],[-102,79],[-7,64],[52,10],[67,-104]],[[33057,80603],[-55,6],[29,66],[26,-72]],[[32849,81669],[29,-97],[-44,4],[-60,89],[75,4]],[[31134,90105],[-85,53],[65,44],[65,-33],[-45,-64]],[[32588,88356],[-53,5],[69,80],[63,1],[-79,-86]],[[28038,94599],[3,-42],[-137,-29],[-43,41],[41,52],[151,132],[45,-28],[-58,-85],[-2,-41]],[[27814,81121],[0,0]],[[27856,81642],[-34,-23],[31,86],[3,-63]],[[27911,81038],[0,0]],[[27795,78678],[0,0]],[[27949,77727],[-73,40],[104,54],[-31,-94]],[[15730,75569],[-47,42],[-41,105],[88,-147]],[[15284,76374],[-4,132],[23,-103],[-19,-29]],[[29549,88868],[-209,5],[-55,27],[-48,110],[11,58],[91,18],[138,-50],[83,-5],[41,-32],[8,-124],[-60,-7]],[[28367,85833],[48,-28],[46,-101],[-15,-70],[-97,-52],[-87,89],[-78,129],[84,46],[99,-13]],[[23742,94474],[-62,15],[-42,113],[101,46],[67,-146],[-64,-28]],[[27698,83126],[0,0]],[[27760,83229],[-29,-5],[35,75],[40,-12],[-46,-58]],[[23116,92495],[-45,-7],[-41,49],[6,94],[58,41],[73,-81],[-20,-79],[-31,-17]],[[22957,93614],[-84,-43],[-26,31],[93,82],[17,-70]],[[22702,93151],[-116,-9],[-79,-31],[-123,59],[166,88],[211,59],[100,3],[-15,-73],[-144,-96]],[[24944,90019],[6,-43],[-42,-74],[-45,83],[81,34]],[[24863,89880],[-23,-8],[-46,104],[39,7],[30,-103]],[[29444,85233],[-70,3],[-104,64],[144,-23],[30,-44]],[[29199,89266],[-119,88],[-25,36],[32,115],[84,-29],[46,-107],[-18,-103]],[[28185,83903],[-22,31],[103,33],[-81,-64]],[[28060,89156],[-53,30],[6,71],[55,12],[35,-60],[-43,-53]],[[28700,85779],[-105,39],[-85,98],[64,66],[102,-77],[31,-49],[-7,-77]],[[27936,90279],[18,-53],[-52,-58],[-92,-15],[-46,18],[20,-88],[-98,54],[-33,45],[-92,19],[15,44],[72,-2],[12,43],[58,3],[25,-46],[43,1],[104,51],[46,-16]],[[28325,90227],[17,-53],[-162,-104],[-83,-6],[75,110],[79,20],[42,51],[32,-18]],[[28432,86200],[-20,-33],[-59,12],[-1,37],[61,15],[19,-31]],[[26910,87812],[53,-18],[-35,-41],[-18,59]],[[27997,89616],[-54,54],[45,89],[87,52],[35,79],[39,19],[18,76],[74,11],[28,-58],[-84,-111],[-89,-162],[-99,-49]],[[28612,89826],[-61,-4],[-46,95],[17,100],[37,17],[122,-25],[17,-54],[-86,-129]],[[25857,90508],[84,-6],[27,-62],[-61,-29],[-127,30],[-37,59],[60,31],[54,-23]],[[26743,87470],[136,-57],[-41,-60],[-56,48],[-57,-21],[24,61],[-31,22],[-84,-11],[-7,102],[-86,104],[12,47],[79,-37],[117,-111],[-6,-87]],[[25945,88835],[-73,52],[-13,40],[17,101],[-32,63],[72,145],[69,-57],[20,-210],[-18,-77],[-42,-57]],[[26479,87314],[-30,-4],[-80,118],[-29,145],[7,51],[59,-5],[68,-152],[25,-95],[-20,-58]],[[24154,84688],[-42,53],[33,11],[9,-64]],[[21881,95058],[-107,18],[124,43],[57,48],[94,13],[98,-13],[-266,-109]],[[21388,96161],[-69,-6],[39,76],[61,18],[28,-37],[-59,-51]],[[21752,95845],[-108,-3],[-83,25],[-19,107],[147,14],[78,-6],[142,-56],[35,-54],[-110,-4],[-82,-23]],[[25076,95008],[-91,-9],[-67,60],[-73,109],[9,37],[160,34],[62,-51],[-27,-94],[27,-86]],[[23311,94306],[-44,-25],[-62,14],[-73,-80],[-37,-8],[-45,69],[10,30],[128,52],[43,50],[113,-71],[-33,-31]],[[23526,93599],[-131,32],[-20,22],[94,38],[65,-68],[-8,-24]],[[16368,94471],[-46,5],[91,131],[-2,-87],[-43,-49]],[[18455,95174],[-42,-23],[-289,34],[-23,25],[52,40],[210,30],[104,-49],[-12,-57]],[[21078,93972],[-143,18],[-71,61],[67,142],[48,45],[111,8],[75,-56],[45,-112],[-47,-75],[-85,-31]],[[22162,89588],[-50,-58],[-64,65],[7,136],[75,-8],[42,-66],[-10,-69]],[[22223,89734],[-6,-42],[-64,69],[26,54],[44,-81]],[[22136,90777],[-94,47],[4,76],[99,-53],[-9,-70]],[[23468,90128],[37,-47],[-32,-110],[-65,-2],[17,38],[-10,96],[-28,16],[-24,-147],[-26,28],[14,123],[38,42],[79,-37]],[[21897,90004],[-40,126],[60,-25],[27,-56],[-47,-45]],[[21709,89433],[-117,55],[-1,31],[72,82],[51,-18],[30,-53],[-35,-97]],[[20961,89306],[-87,34],[-52,55],[37,35],[85,-14],[45,-79],[-28,-31]],[[20028,88600],[-14,-59],[-56,78],[6,140],[38,-4],[26,-155]],[[19676,89008],[54,-2],[14,-71],[-68,73]],[[19974,88320],[80,-4],[-39,-99],[-41,103]],[[19632,89014],[-48,40],[8,36],[40,-76]],[[11377,90130],[-23,-26],[-46,41],[42,37],[72,-43],[-45,-9]],[[52722,42786],[23,431],[18,115],[-20,162],[-57,160],[-32,184],[51,38],[-28,79],[14,64],[-57,7],[-16,-101],[-118,119],[-28,242],[5,83],[-44,19],[-52,-38],[-5,161]],[[78623,49107],[0,0]],[[78699,48708],[0,0]],[[79007,48492],[-46,91],[-90,32],[-77,-55],[-36,68],[41,108],[12,93],[-19,118],[-34,62],[-49,-158],[-56,-6],[-17,210],[9,175],[-53,173]],[[77417,48336],[-39,-109],[-19,104],[8,120],[-16,227],[58,219],[19,178],[-1,248],[38,90],[-20,41],[-47,-28],[15,153],[2,189],[-27,14],[22,73],[-15,65],[11,156],[-25,352],[-43,226],[-48,176],[-13,173],[-14,-234],[-21,239],[7,123],[-28,122],[-25,224],[-27,145],[-3,229],[-16,86],[9,87],[-18,313],[-35,102],[16,165],[-2,143],[25,78],[-97,-32],[-46,260],[-3,143],[-64,156],[-33,-81],[16,-121],[-27,-177],[-52,-151],[-72,-31],[-23,53],[-9,120],[-17,2],[14,-142],[24,-86],[-87,-135],[-69,-59],[-23,-135],[-81,-179],[-24,23],[9,195],[-44,-146],[-65,-5],[-14,113],[0,144],[-26,-149],[-38,-47],[-3,113],[19,235],[-77,-215],[-60,-55],[-3,78],[16,275],[23,86],[33,349],[25,122],[7,183],[-26,180],[-18,265],[-72,374],[-22,82],[-13,308],[-29,-99],[-3,-173],[-62,89],[-59,241],[23,23],[69,-115],[38,64],[10,78],[-44,66],[-28,115],[-36,55],[27,96],[-35,-2],[-61,105],[-57,-12],[12,-101],[-19,-28],[-36,153],[18,213],[-51,-159],[-25,42],[27,90],[-50,158],[4,-189],[-32,123],[-79,226]],[[75645,55797],[-40,353],[42,103],[83,-94],[-13,213],[-3,260]],[[77280,48873],[23,-122],[-38,83],[15,39]],[[77272,48155],[0,0]],[[77283,49243],[-6,62],[30,110],[-24,-172]],[[77365,49543],[-14,126],[40,-90],[-26,-36]],[[77375,49430],[-7,-145],[-26,20],[-16,158],[49,-33]],[[77336,50031],[13,-88],[-40,-97],[-1,241],[28,-56]],[[77259,49716],[-27,57],[19,39],[8,-96]],[[76243,52387],[-18,-69],[-7,103],[59,149],[-9,-132],[-25,-51]],[[77103,52603],[-26,37],[-3,109],[36,-22],[-7,-124]],[[76024,54314],[-56,129],[71,-1],[-15,-128]],[[75969,55164],[0,0]],[[76031,54929],[64,-91],[-36,-92],[-48,139],[20,44]],[[77372,48879],[0,0]],[[77242,49393],[0,0]],[[77240,49884],[-18,-78],[-18,47],[36,31]],[[77309,50383],[-2,-115],[-15,178],[17,-63]],[[76334,52298],[0,0]],[[75835,55186],[0,0]],[[50663,49537],[-28,-144],[-85,-192],[-35,17],[-71,-30],[-48,33],[-31,-107],[-47,-31],[-23,-136],[-45,-46]],[[57940,71949],[-7,-170],[-27,-79],[-40,27],[-52,-22],[-57,-148],[-11,-307],[-37,-30],[-75,-168],[62,-83],[76,-213],[9,-55]],[[81951,44613],[32,0]],[[81684,44397],[65,10],[68,83],[82,156],[58,49],[-6,-82]],[[35652,44023],[29,176],[24,2],[67,-155],[40,-297],[6,-275],[63,-443],[42,-332],[60,-247],[76,-30],[64,-89],[21,-169],[-5,-181],[-110,-230],[-47,-140],[-33,-152],[-65,-175],[-42,-30],[-37,-113],[-51,-38],[-33,-217],[-83,-260],[-5,-180],[-56,-114],[-4,-98],[-23,-56],[-58,26],[-121,-133],[98,-6],[32,-57],[69,38],[83,135],[97,121],[112,201],[16,-71],[-22,-54],[20,-78],[16,-186],[30,-108],[-3,-83],[80,-179],[39,65],[73,65],[78,-67],[112,137],[-66,-555],[-23,-96],[31,42],[87,479],[61,61],[78,241],[31,-1],[38,-88],[3,330],[40,74],[-3,56],[56,157],[43,-23],[43,75],[43,-39],[26,34],[39,-67],[5,98],[76,-84],[88,-24],[53,-134],[55,-42],[56,-1],[1,-48],[47,-3],[21,-59],[91,-113],[51,-6],[30,-148],[6,-106],[41,148],[29,29],[80,-182],[38,-15],[32,-216],[-34,-123],[-27,-27],[26,-76],[24,101],[39,44],[15,-139],[-38,-28],[-19,-118],[-37,-401],[27,3],[52,137],[36,288],[56,29],[-2,-74],[-31,-110],[9,-39],[72,160],[57,46],[76,11],[21,89],[123,-63],[95,-138],[96,-92],[69,-10],[34,42],[66,-93],[89,-41],[35,36],[88,11],[112,52],[141,-46],[264,-372],[91,-186],[59,-45],[118,-351],[71,-132],[47,-132],[90,-85],[35,-140],[87,-39],[76,-92],[119,3],[50,28],[120,-53],[43,-86],[44,-222],[39,-435],[30,-147],[16,-275],[27,-169],[7,-186],[-20,-323],[12,-157],[-36,-307],[-53,-368],[-51,-211],[-71,-219],[-70,-163],[-58,-213],[-46,-105],[-49,-183],[-103,-132],[-47,-104],[-43,-165],[-25,-10],[0,-84],[-48,-152],[-1,107],[-22,-100],[7,-73],[-76,-424],[-92,-346],[-62,-178],[-45,-85],[-27,6],[-7,137],[-46,97],[-15,-87],[-30,-30],[25,-82],[-20,-169],[-54,-153],[-17,-157],[28,-19],[-14,-101],[9,-241],[18,49],[-32,-439],[13,-197],[4,-224],[32,-430],[-67,-633],[-26,-389],[17,-273],[-34,-102],[-58,-99],[-45,-185],[-25,-272],[-1,-145],[12,-304],[-9,-124],[-31,-138],[-44,-65],[-39,-159],[-17,-168],[-27,-61],[-26,-194],[-56,-151],[-54,-86],[-46,-234],[-25,-188],[16,-292],[-37,-115],[-128,-113],[-34,-46],[-77,-191],[11,-146],[-28,-112],[-149,5],[-105,-19],[-34,46],[-2,126],[-39,-17],[1,-172],[-187,-77],[-21,31],[82,33],[-52,70],[-79,-71],[-61,5],[-75,-36],[-10,-106],[29,-48],[-27,-43],[-79,-32],[-73,-137],[-58,-77],[-11,-83],[-56,27],[-85,-22],[-249,-310],[-75,-181],[-126,-202],[-79,-153],[-15,-120],[-76,-174],[5,75],[-61,26],[-20,-120],[-60,-34],[51,-21],[30,-54],[-40,-154],[-34,-20],[25,-64],[-12,-171],[-36,-63],[27,-97],[-7,-209],[34,-347],[-24,-255],[10,-188],[-4,-176],[-20,-165],[-29,-93],[-1,-94],[-131,-208],[-63,-143],[-69,-203],[-80,-308],[-73,-440],[-89,-332],[-84,-254],[-64,-156],[-86,-156],[-94,-140],[-67,-151],[-6,201],[47,-27],[59,66],[65,153],[48,56],[28,97],[3,155],[51,18],[10,134],[48,63],[22,77],[-7,196],[37,-9],[5,130],[-23,12],[-79,-97],[-30,80],[-39,35],[-33,124],[5,-147],[34,-85],[-25,-72],[-10,-200],[-21,54],[-5,-121],[-23,-47],[-1,-98],[-70,-134],[-71,-99],[-15,-152],[-26,-67],[-21,-134],[19,-199],[-60,-191],[-46,-307],[-40,-184],[-75,-186],[-125,-240]],[[33997,19920],[57,108],[50,177],[79,132],[75,216],[9,60],[45,77],[69,251],[35,60],[67,209],[48,-19],[-11,125],[69,80],[37,94],[68,63],[53,111],[22,112],[77,68],[63,21],[47,119],[33,8],[56,86],[33,168],[-10,94],[12,279],[11,89],[-42,187],[-19,205],[-73,103],[-81,-72],[-47,34]],[[33844,26974],[83,130],[-75,165],[92,467],[23,26],[-18,92],[58,446],[22,46],[-26,65],[-68,429],[-44,0],[-112,196],[-18,228],[-3,183],[33,112],[2,145],[-54,-30],[-455,41],[-18,556],[-95,268],[86,7],[-7,331],[-49,305],[20,116],[-29,162],[-158,211],[-121,-36],[-77,11],[-24,39],[-83,237],[-50,1],[-92,97],[-22,-2],[-70,135],[-14,96],[-51,-28],[-93,133],[-56,35],[-42,-42],[-134,63],[-26,133],[-88,155],[-45,39],[-27,165],[-20,-17],[-12,130],[-32,99],[-19,136],[18,156],[-3,93],[-29,216],[1,96],[34,138],[1,268],[-24,112],[-45,-59],[-41,20],[-155,-41],[-86,-51],[-43,-54],[-106,-206],[-47,-34],[-84,-133],[-39,-125],[-97,-14],[-54,-162],[-37,-60],[-91,-73],[-34,78],[-105,40],[-98,2]],[[36214,41003],[142,47],[147,-48],[58,-86],[-33,-219],[-19,-14],[5,-115],[-43,-182],[-38,-85],[10,-70],[-35,-110],[-44,-16],[-23,66],[-17,-132],[-76,62],[-23,-141],[-60,-55],[-73,61],[-12,-31],[-110,-29],[-26,64],[-44,322],[8,80],[37,-15],[1,53],[-53,44],[3,256],[15,44],[20,219],[52,81],[59,29],[172,-80]],[[37741,24878],[-53,-49],[22,97],[31,-48]],[[36504,22584],[-23,79],[35,84],[12,-34],[-24,-129]],[[37427,24352],[-53,-4],[42,118],[11,-114]],[[37639,39096],[-28,-69],[8,178],[25,47],[-5,-156]],[[39237,31947],[21,153],[19,-79],[-40,-74]],[[39193,31683],[0,0]],[[37532,40237],[-38,-38],[12,74],[26,-36]],[[36183,41353],[12,-36],[-40,-147],[-45,-26],[-31,44],[-63,7],[19,133],[40,-4],[69,55],[39,-26]],[[36028,42529],[-44,-20],[-10,154],[42,9],[12,-143]],[[35929,41072],[-76,-138],[-31,72],[12,85],[43,38],[48,-5],[4,-52]],[[36265,41086],[-73,-22],[-34,35],[33,76],[58,49],[28,-19],[-12,-119]],[[35992,41263],[-5,-104],[-50,44],[4,106],[44,86],[8,163],[20,16],[5,-227],[-26,-84]],[[36068,41441],[-30,-24],[3,160],[53,37],[6,-81],[-32,-92]],[[35602,40156],[-30,-14],[38,176],[34,82],[1,163],[36,145],[34,58],[47,18],[26,-88],[-32,-250],[-100,-226],[-54,-64]],[[36531,21623],[-19,-32],[4,168],[21,97],[24,-11],[-30,-222]],[[54907,71354],[-23,29]],[[32597,25517],[-54,167],[-271,-6],[-43,-47],[-81,-374],[-16,-158],[-14,47],[-64,375],[-126,89],[-198,2],[-91,186],[-34,23],[-40,-219],[-96,-72],[-25,-136],[-53,-71],[-57,-219]],[[50751,45647],[-116,-29],[-185,-78]],[[25473,54165],[-15,-80],[61,-6],[9,-161],[-48,-360],[19,-66],[-25,-228],[9,-161],[-15,-233],[-69,-241],[-37,-30],[-51,-162],[-4,-89]],[[25569,53780],[15,161],[13,-10],[-28,-151]],[[25596,53426],[0,0]],[[50701,77125],[121,118],[108,79]],[[33474,50371],[-33,14],[-10,142],[15,10],[46,-116],[-18,-50]],[[75645,55797],[-75,270],[-13,359],[-26,139],[-25,243],[-36,195],[-46,143],[-14,124],[-73,-171],[-75,-31],[-33,87],[-54,263],[6,125],[-14,224],[-13,-119],[-80,24],[70,-77],[21,-149],[-36,-57],[24,-105],[-26,-16],[-7,-91],[45,-223],[-2,-125],[-65,-148],[-35,-153],[-44,40],[5,92],[33,98],[-70,-94],[-21,256],[-19,-284],[-68,-152],[-23,357],[5,-254],[-41,-136],[-33,1],[-39,106],[-12,155]],[[75319,56771],[-30,-49],[10,291],[28,-166],[-8,-76]],[[75432,56916],[-41,66],[13,99],[28,-165]],[[75215,56710],[-73,-17],[46,185],[-8,150],[-24,54],[-17,153],[47,-15],[18,-123],[36,-108],[-10,-229],[-15,-50]],[[75520,56529],[0,0]],[[75541,56301],[-17,-3],[-9,145],[21,9],[5,-151]],[[75178,57325],[0,0]],[[64057,59380],[-9,-53],[-30,111],[1,186],[32,8],[6,-252]],[[28428,58231],[-27,-61],[20,-32],[19,69],[15,-56],[12,-188],[-16,-92],[-54,10],[-23,202],[-41,127],[83,47],[12,-26]],[[28548,59395],[-49,85],[43,93],[12,234],[-85,251],[-98,66],[92,-26],[76,-186],[53,-76],[8,-139],[-36,-65],[-16,-237]],[[29714,56079],[-38,-150],[-138,-29],[-5,116],[71,70],[53,-34],[49,112],[8,-85]],[[28404,58553],[0,-172],[-83,-124],[-41,126],[-68,114],[54,18],[-16,71],[39,189],[-15,118],[66,-75],[0,-56],[64,-209]],[[28196,59976],[34,-22],[119,32],[5,-57],[-86,-18],[-121,-92],[-36,15],[-52,114],[52,-76],[46,54],[10,98],[29,-48]],[[28514,58769],[-50,30],[55,18],[-5,-48]],[[29428,57157],[-11,-41],[-49,32],[-9,90],[69,-81]],[[29325,58103],[-34,-70],[7,96],[27,-26]],[[29387,56798],[-15,15],[90,171],[-5,167],[33,-125],[-39,-124],[-64,-104]],[[28708,59102],[85,-110],[60,-134],[-11,-346],[-42,118],[29,4],[15,209],[-58,136],[-70,84],[-44,-4],[19,97],[17,-54]],[[28982,57668],[-33,14],[-48,86],[2,39],[79,-139]],[[29211,57277],[-37,122],[-70,69],[23,27],[-4,93],[-43,178],[26,-30],[43,-279],[60,-106],[2,-74]],[[29081,58196],[2,-36],[-56,-7],[26,89],[-24,46],[-46,182],[2,64],[37,-178],[59,-160]],[[29711,56949],[42,-48],[-76,14],[34,34]],[[29745,56300],[-37,-34],[15,73],[22,-39]],[[62435,69107],[73,43],[33,-76],[85,-115],[82,49],[4,-130],[59,-95],[-7,-46],[45,-212]],[[62913,68546],[0,114],[-19,97],[46,12],[-58,111],[29,122],[-44,44],[-34,-16],[-114,202],[-59,67],[78,24],[29,157],[-109,129],[-54,155],[59,147],[-61,111],[-83,68],[33,18],[-52,116]],[[63492,70613],[70,-151],[78,-231],[33,-194],[92,-218],[61,-93],[60,-5],[87,-116],[17,-93],[-62,31],[-62,-5],[-102,-86],[-21,-75],[-42,-337],[10,-183],[-26,-45],[-19,-149],[-52,43],[-45,-225],[5,-267]],[[62653,69749],[0,0]],[[62506,70038],[0,0]],[[89771,32752],[-21,-152],[2,-94],[40,-66],[41,-171],[51,-565],[-10,-210],[26,-156],[31,-271],[57,-81],[69,114],[74,49],[48,-184],[178,-317],[-10,-108],[11,-162],[-6,-105],[29,-285],[23,-123],[-9,-246],[35,-154],[57,-179],[43,-24],[-3,-111],[41,-218],[22,-179],[-29,-381],[3,-68],[53,-167],[30,-31],[-10,-202],[51,-167],[97,-111],[48,-14],[38,-96],[78,10],[46,-172],[92,-174],[46,-20],[79,-133],[65,-41],[44,-101],[35,-135],[-43,9],[-13,-79],[29,-109],[76,-159],[40,-115],[34,-247],[35,-73],[2,-131],[37,-346],[31,-129],[32,36],[43,-114],[-9,171],[11,87],[26,14],[44,-147],[85,-131],[8,124],[29,-24],[25,-112],[5,-422],[17,-198],[109,-258],[74,-132],[52,-19],[59,-114],[63,-279],[91,-144],[13,-114],[42,-168],[38,-50],[34,-111],[2,-181],[30,-128],[38,-66],[-23,-239],[22,-478],[-12,-149],[22,-148],[52,-256],[19,-197],[34,-135],[-2,-206],[10,-226],[-40,-138],[-31,-169],[-1,-145],[-20,-279],[-67,-472],[4,-242],[-28,-371],[-44,-247],[-63,-183],[-4,-139],[-21,-138],[-93,-168],[8,-56],[-98,-101],[-91,-314],[-14,-123],[-39,-41],[8,-84],[-12,-160],[-43,-55],[30,-17],[-75,-188],[-25,-143],[-25,-276],[8,-72],[-32,-33],[-1,-96],[-35,-26],[-53,-260],[-50,-176],[-37,-504],[-21,-121],[-10,-252],[10,-125],[-15,-190],[-34,-14],[-91,-157],[-51,-22],[-99,10],[-189,-30],[-107,-73],[-68,-85],[-66,-116],[-149,-312],[-117,-34],[-40,8],[-21,-58],[33,-79],[36,38],[5,-158],[-23,-56],[-67,196],[-25,23],[-37,-48],[-40,165],[-52,7],[-58,86],[40,100],[-18,105],[-51,4],[-28,-102],[-64,-83],[-68,113],[54,-2],[58,177],[-63,135],[-138,-167],[75,-51],[-157,-178],[-80,-166],[-76,-86],[-87,55],[-40,68],[-67,46],[-63,91],[-75,56],[-43,-19],[-73,81],[-56,9],[-36,-82],[-47,17],[-59,135],[-56,67],[-107,34],[-66,92],[-49,180],[-119,278],[-13,132],[33,279],[-35,205],[-50,193],[-85,190],[-57,97],[-19,76],[58,41],[31,-62],[10,130],[-37,56],[-77,-100],[-110,-108],[-93,21],[60,202],[30,212],[-5,183],[-112,418],[-47,-201],[-13,-191],[-50,-293],[-65,9],[-87,-74],[-73,-3],[37,228],[104,2],[29,222],[-10,154],[10,153],[43,213],[79,197],[-23,266],[39,75],[-22,228],[-36,135],[2,-172],[-30,-109],[-66,-152],[-57,-306],[-168,-188],[-56,-94],[-86,-281],[-64,-163],[29,-199],[-8,-27],[-49,83],[-40,-54],[-46,128],[-70,126],[-4,65],[45,-78],[20,12],[-73,474],[-83,198],[-27,209],[-51,98],[-85,17],[-35,131],[-21,162],[35,13],[2,128],[-84,97],[-40,100],[-65,61],[-95,-1],[-126,160],[-120,-45],[-31,9],[-137,219],[-91,104],[-69,37],[-100,-76],[-182,17],[-261,-56],[-67,-30],[-112,-131],[-133,-126],[-108,-59],[-99,-80],[-150,-33],[-179,39],[-61,-29],[-97,-147],[-84,-76],[-141,-189],[-107,-53],[-68,-121],[-72,-328],[-61,-169],[-39,-56],[-40,7],[-44,-58],[-38,62],[-81,7],[-174,-71],[-25,82],[-182,34],[-164,-32],[-110,-64],[-58,19],[-99,-27],[-61,-89],[-51,-188],[-56,-62],[-98,-17],[-211,-357],[-154,-78],[-122,45],[-174,33],[-147,135],[-73,190],[-124,156],[-42,-27],[-33,61],[-10,144],[6,377],[52,-90],[49,2],[44,77],[46,238],[-18,370],[25,70],[9,478],[-11,136],[-68,276],[-45,240],[-32,108],[-28,174],[-23,243],[-14,348],[4,202],[-28,205],[-64,191],[-25,231],[-103,326],[-9,73],[-10,304],[-19,139],[-89,351],[-104,303],[-42,166],[32,-41],[25,95],[54,-319],[42,-26],[28,67],[5,118],[-73,164],[-54,272],[15,80],[25,-18],[48,-145],[-6,-184],[21,-48],[24,103],[25,-172],[41,-95],[35,73],[-1,308],[-61,216],[-90,400],[-28,200],[-42,181],[1,213],[19,185],[74,318],[11,354],[-31,195],[76,492],[46,78],[-8,-249],[19,-100],[-6,-112],[66,100],[62,281],[71,145],[85,74],[81,98],[154,324],[194,265],[120,9],[74,-56],[77,55],[143,188],[154,80],[98,188],[133,-30],[51,56],[119,34],[66,48],[124,124],[83,132],[87,261],[38,204],[57,239],[48,59],[98,251],[-34,48],[-25,295],[4,166],[28,125],[47,117],[80,128],[55,250],[15,-3],[47,-300],[35,-122],[32,-180],[50,-161],[15,361],[51,-84],[16,185],[-22,-2],[-80,265],[25,14],[18,90],[-11,84],[34,22],[36,-134],[29,68],[47,5],[47,-77],[127,11],[-84,27],[-19,93],[13,69],[40,-7],[20,172],[-12,33],[-28,-105],[-34,151],[16,186],[34,-2],[52,149],[87,-111],[3,95],[-46,-2],[-19,105],[51,63],[4,47],[88,-81],[8,73],[-39,50],[-18,162],[29,92],[82,71],[5,144],[30,-9],[-4,-165],[36,40],[20,-105],[36,87],[9,196],[16,72],[-16,96],[36,-17],[21,-114],[40,102],[46,-100],[59,145],[-1,117],[35,31],[54,-87],[54,-47],[106,-183],[59,-204],[87,-188],[-33,-237],[-3,-169],[24,72],[29,-14],[-24,143],[84,179],[44,5],[118,-72],[50,-138],[8,147],[53,-44],[49,-145],[0,203],[59,16],[-68,128],[27,50],[-60,60],[-29,69],[22,126],[70,164],[35,287],[83,87],[34,103],[-34,110],[9,133],[42,52],[22,137],[61,29],[1,152],[32,3],[36,-92],[2,134],[42,17],[-2,91],[56,25],[20,78],[14,-100],[27,-47],[80,-1],[45,32],[49,-34],[52,67],[44,-77],[8,83],[40,47],[36,-9],[-23,62],[12,272],[-55,110],[-95,-6],[-89,161],[41,64],[66,-87],[18,71],[82,-115],[34,-97],[49,80],[46,-43],[45,-178],[48,-16],[49,-62],[103,-11],[92,-124],[84,-37],[53,54],[83,-148],[53,-19],[92,113],[66,108],[30,-44],[-54,-128],[12,-64],[54,63],[19,-27],[21,-163],[49,-8],[19,90],[-16,123],[48,127],[27,-5],[19,-123],[31,-66],[49,-12],[14,-75],[-114,-305],[16,-155],[-37,-156],[-46,62],[-102,-117],[0,-224],[17,-132],[-29,-242],[-39,-94],[-94,-332],[35,-170],[83,-112],[104,-172],[24,-117],[81,-96],[34,15],[-2,-105],[24,-42],[60,11],[83,-132],[112,-117],[58,-172],[93,-170],[72,-50],[33,8],[107,-85],[28,-81],[38,-222],[54,-36],[69,-113],[96,-114],[48,-1],[84,56],[89,148],[37,281],[71,260],[53,406],[-5,116],[16,210],[49,386],[-29,413],[20,223],[-32,160],[-2,90],[48,379],[-9,223],[47,116],[38,-18],[-19,158],[-48,62],[3,98],[51,265],[25,-56],[-3,112],[52,438],[8,230],[44,44],[36,124],[42,-29],[-15,-88],[47,-96],[32,-209],[10,-362],[32,-68],[53,-25]],[[92521,23042],[-20,16],[-8,125],[23,175],[-6,77],[42,86],[14,104],[-17,111],[28,19],[19,-229],[-58,-316],[-17,-168]],[[88751,29501],[-21,-62],[-75,-56],[0,81],[37,112],[82,50],[30,-84],[-53,-41]],[[87975,31450],[53,-16],[-32,-84],[0,-149],[45,-19],[-16,-76],[-68,9],[-87,48],[26,60],[-1,184],[44,101],[33,28],[3,-86]],[[86238,32945],[41,-96],[-29,-14],[-52,45],[-51,-37],[-25,26],[8,75],[35,16],[-12,127],[51,99],[34,-241]],[[86282,33159],[37,-6],[45,53],[30,-18],[69,102],[75,-174],[-23,-106],[-141,-239],[-85,130],[-37,87],[-24,122],[-15,162],[16,22],[53,-135]],[[81439,22829],[-7,-29],[-54,220],[-15,150],[20,35],[56,-376]],[[88220,16013],[125,-11],[22,-69],[-31,-39],[-49,28],[-46,-21],[-22,-91],[-40,-33],[-66,65],[-17,-40],[-109,4],[-60,101],[27,99],[126,60],[67,50],[84,-45],[-11,-58]],[[90412,14172],[-42,-47],[-11,72],[53,-25]],[[90364,14076],[0,0]],[[91400,26884],[-29,6],[12,91],[17,-97]],[[91370,26984],[0,0]],[[91984,24633],[26,-28],[16,-134],[-31,-14],[-42,148],[31,28]],[[91809,25455],[0,0]],[[91646,25546],[0,0]],[[92649,21856],[-24,-194],[-16,33],[11,183],[29,-22]],[[92622,21941],[-18,56],[1,131],[24,8],[-7,-195]],[[89520,33631],[-23,-40],[-17,85],[19,34],[21,-79]],[[89538,33992],[0,0]],[[89490,34019],[0,0]],[[90632,28334],[18,-119],[-30,-35],[-38,140],[50,14]],[[87943,33157],[-20,-43],[71,301],[-11,-129],[-40,-129]],[[87871,32999],[-20,19],[51,62],[-31,-81]],[[88081,30061],[-42,46],[18,83],[24,-129]],[[88017,30172],[0,0]],[[87941,30166],[0,0]],[[88738,29120],[9,87],[22,-73],[-31,-14]],[[87843,31436],[-32,5],[26,107],[6,-112]],[[86831,33210],[-28,98],[-3,89],[27,48],[14,-141],[-10,-94]],[[84777,30904],[-18,-44],[-5,106],[23,-62]],[[84610,30325],[-32,44],[19,49],[13,-93]],[[82068,26535],[-39,-16],[35,100],[4,-84]],[[90289,12461],[66,11],[70,-66],[80,-113],[138,-98],[71,15],[42,46],[34,-64],[3,77],[37,47],[91,25],[38,-32],[46,111],[70,-20],[27,66],[68,-53],[22,-65],[5,-284],[-6,-81],[3,-404],[8,-156],[-32,205],[-53,-204],[-4,-124],[-24,-96],[-2,-172],[18,-240],[-54,-44],[-39,140],[43,65],[-63,58],[-10,-106],[-24,-26],[-29,76],[-29,-204],[-20,-28],[-48,70],[22,-84],[-57,-237],[-48,7],[-42,66],[-100,-3],[-40,-24],[-14,120],[65,15],[-14,38],[-85,6],[-73,207],[-34,51],[-61,269],[-19,220],[48,-76],[27,-108],[13,97],[-51,146],[-27,-35],[1,125],[-90,264],[-38,159],[-36,308],[20,217],[90,-80]],[[89979,12932],[-25,150],[7,117],[24,108],[39,-38],[14,-222],[-59,-115]],[[91110,13185],[50,-128],[33,-33],[-13,-80],[20,-31],[-60,-83],[-60,174],[-4,77],[-30,24],[46,102],[18,-22]],[[90931,10624],[-13,-74],[-43,1],[36,156],[20,-83]],[[91139,11107],[0,0]],[[90953,10733],[-38,56],[15,57],[23,-113]],[[90217,12658],[0,0]],[[91201,12798],[41,-88],[-103,-14],[-26,50],[88,52]],[[91176,12652],[0,0]],[[94132,2662],[5,143],[17,24],[-22,-167]],[[79367,33780],[0,0]],[[76899,32592],[0,0]],[[76921,32583],[0,0]],[[70474,3769],[-68,-33],[-59,146],[93,-36],[70,-60],[-36,-17]],[[96649,20743],[0,0]],[[84331,32420],[0,0]],[[33833,18312],[-6,-65],[14,-278],[-22,-84],[-48,-23],[-34,-388],[25,-166],[18,-207],[-37,-73],[16,-113],[51,-159],[144,-149],[128,-207],[37,-122],[3,-101],[-54,-151],[-6,-127],[31,-171],[52,-108],[39,-39],[52,4],[14,-56],[7,-299],[-15,-75],[-100,-344],[-86,-210],[-31,-115],[-11,-125],[-27,-59],[-148,-187],[-230,-167],[-228,-116],[-299,-96],[-194,-17],[-129,56],[-34,74],[-52,-28],[20,-95],[2,-179],[68,-92],[-35,-5],[28,-57],[-15,-256],[-43,-49],[-32,-212],[2,-185],[41,-152],[-41,-152],[-157,-154],[-70,-30],[-156,2],[-97,100],[-139,108],[-64,28],[-18,58],[-60,-105],[-6,-158],[38,-325],[3,-125],[-14,-158],[44,-135],[108,-77],[-17,-102],[42,-13],[89,28],[11,90],[-47,34],[121,74],[30,-53],[25,-153],[-6,-204],[-21,-77],[-95,-54],[-26,14],[-54,204],[-46,41],[-45,-12],[-45,-72],[-44,-23],[-15,-65],[110,-106],[86,-42],[-31,-64],[-79,-53],[-75,-112],[-83,-236],[-6,-111],[19,-184],[-20,-77],[12,-86],[-26,-139],[-80,-129],[-14,-95],[28,-56],[-11,-93],[-153,30],[-110,-153],[-99,-53],[-88,-225],[-83,-276],[-15,-139],[13,-125],[49,-147],[170,-318],[35,-28],[181,-34],[40,-44],[32,-133],[-10,-157],[-31,-94],[-80,-110],[67,22],[34,-80],[-162,-283],[-178,-201],[-120,-228],[-61,-207],[7,-68],[-34,-363],[-36,-89],[-96,-84],[-64,89],[-50,159],[2,-129],[-88,-48],[63,11],[61,-34],[31,-86],[-91,-86],[-53,-72],[-42,-141],[-18,-198],[-55,-127],[42,36],[48,-318],[-8,-71],[-84,-9],[50,-72],[41,18],[32,-55],[63,-210],[82,-207],[-13,-35]],[[30936,4110],[81,-174],[27,-128],[-26,43],[-52,-110],[9,-59],[91,-32],[42,-182],[199,-342],[173,-185],[121,-155],[136,-84],[105,15],[52,-33],[-46,-140],[-71,-36],[-67,13],[-186,-86],[-116,76],[-240,39],[-118,36],[-121,-25]],[[32069,2657],[31,-16],[173,10],[-5,-30],[-136,-20],[-87,-75],[-33,54],[57,77]],[[32812,13597],[3,-44],[-49,47],[-14,57],[60,-60]],[[32856,53155],[-40,-17],[12,110],[37,-50],[-9,-43]],[[32848,53533],[-27,15],[-3,83],[30,-98]],[[53392,37112],[-16,89],[14,115],[-8,101],[-44,226]],[[53261,29025],[22,384],[-7,505],[-12,109],[60,139],[29,272],[58,429],[27,422],[35,199],[13,224],[96,288],[24,178],[120,179],[75,279],[28,219],[-1,229],[18,305],[-35,296],[-51,150],[-12,115],[-45,182],[-34,208],[-15,221],[-44,240],[100,254],[6,223],[-80,415],[-64,386],[-10,195],[-84,257],[-61,350],[135,62],[78,98]],[[49383,65870],[85,-7],[67,62],[93,128],[69,151],[48,63],[136,136],[66,-30],[66,57],[29,115],[101,139],[126,129],[80,53],[199,34],[102,30],[70,-7],[105,129],[152,8],[72,71],[272,0],[66,-62],[56,-93],[63,0],[84,87],[94,45],[51,53],[22,75],[44,28],[25,-58],[98,-59],[86,35],[-9,87],[112,-65],[84,-101],[60,38],[125,19]],[[55555,69111],[-1,64],[-40,171],[-102,117],[-45,139],[33,-22],[-29,202],[34,190],[6,213],[-11,133],[37,152],[1,103],[-66,58]],[[32497,53881],[-32,0]],[[99781,35166],[0,0]]]}